{
  "self_z": {
    "density": {
      "r": -0.12469811178624798,
      "p": 0.37365478342334546,
      "n": 53
    },
    "density_cv": {
      "r": -0.11900910031260502,
      "p": 0.39601370815515413,
      "n": 53
    },
    "density_std": {
      "r": -0.14724500284723008,
      "p": 0.2927321775023319,
      "n": 53
    },
    "dominant_gap_pct": {
      "r": -0.17807442531836887,
      "p": 0.20205702116936847,
      "n": 53
    },
    "energy_gap_corr": {
      "r": 0.06751518028279244,
      "p": 0.6309811844190323,
      "n": 53
    },
    "energy_ratio": {
      "r": -0.1579537303270286,
      "p": 0.25864098181129896,
      "n": 53
    },
    "gap_autocorr": {
      "r": 0.12624585755481263,
      "p": 0.3677056780402016,
      "n": 53
    },
    "gap_cv": {
      "r": 0.3843847531713629,
      "p": 0.004487358799285092,
      "n": 53
    },
    "gap_entropy": {
      "r": 0.07613235942669283,
      "p": 0.5879403968014502,
      "n": 53
    },
    "gap_mean": {
      "r": 0.1170848758435787,
      "p": 0.4037500534820966,
      "n": 53
    },
    "gap_median": {
      "r": 0.11466164875320833,
      "p": 0.4136164555765926,
      "n": 53
    },
    "gap_std": {
      "r": 0.2808531105444042,
      "p": 0.041641138466514294,
      "n": 53
    },
    "max_metro_streak": {
      "r": -0.201206315075898,
      "p": 0.14854295801208367,
      "n": 53
    },
    "max_metro_streak_pct": {
      "r": -0.2341697516871574,
      "p": 0.09147155890748741,
      "n": 53
    },
    "n_events": {
      "r": -0.11649924230952724,
      "p": 0.40612190030938394,
      "n": 53
    },
    "n_unique_gaps": {
      "r": 0.08130831850868737,
      "p": 0.5627387499888353,
      "n": 53
    },
    "onset_energy_mean": {
      "r": -0.17159062547708462,
      "p": 0.21924152721509396,
      "n": 53
    },
    "pattern_change_rate": {
      "r": 0.03742308073328893,
      "p": 0.7902077790014285,
      "n": 53
    },
    "peak_dist_mean": {
      "r": 0.10775657026547293,
      "p": 0.4424789855786246,
      "n": 53
    },
    "peak_dist_median": {
      "r": 0.09191527706303725,
      "p": 0.5127349629968164,
      "n": 53
    },
    "random_energy_mean": {
      "r": -0.10867685153326813,
      "p": 0.43856899924532744,
      "n": 53
    },
    "top3_gap_pct": {
      "r": -0.020873652392263586,
      "p": 0.8820626166351608,
      "n": 53
    }
  },
  "volunteer_z": {
    "density": {
      "r": -0.27625589474359175,
      "p": 0.10817826498849069,
      "n": 35
    },
    "density_cv": {
      "r": -0.0116318271470986,
      "p": 0.9471248217028971,
      "n": 35
    },
    "density_std": {
      "r": -0.2784368623336727,
      "p": 0.10530904973795882,
      "n": 35
    },
    "dominant_gap_pct": {
      "r": -0.42019975568893686,
      "p": 0.011963798194792189,
      "n": 35
    },
    "energy_gap_corr": {
      "r": 0.09741655235695076,
      "p": 0.5777183927108196,
      "n": 35
    },
    "energy_ratio": {
      "r": 0.14248988255195785,
      "p": 0.41418821311420284,
      "n": 35
    },
    "gap_autocorr": {
      "r": 0.11195633629082402,
      "p": 0.5219736554987665,
      "n": 35
    },
    "gap_cv": {
      "r": 0.16211859086268673,
      "p": 0.35213826887659117,
      "n": 35
    },
    "gap_entropy": {
      "r": 0.37003750111707423,
      "p": 0.028670047763072665,
      "n": 35
    },
    "gap_mean": {
      "r": 0.24136041330229593,
      "p": 0.1624737865293902,
      "n": 35
    },
    "gap_median": {
      "r": 0.13331002609718173,
      "p": 0.4451966098057212,
      "n": 35
    },
    "gap_std": {
      "r": 0.32423718172537347,
      "p": 0.057401068432605035,
      "n": 35
    },
    "max_metro_streak": {
      "r": -0.35125879331597454,
      "p": 0.03854102502204157,
      "n": 35
    },
    "max_metro_streak_pct": {
      "r": -0.2711669703667361,
      "p": 0.11510212931752724,
      "n": 35
    },
    "n_events": {
      "r": -0.2362714889254403,
      "p": 0.1717900182833606,
      "n": 35
    },
    "n_unique_gaps": {
      "r": 0.0,
      "p": 1.0,
      "n": 35
    },
    "onset_energy_mean": {
      "r": 0.13812794737179587,
      "p": 0.4287675811350873,
      "n": 35
    },
    "pattern_change_rate": {
      "r": 0.24980827226508748,
      "p": 0.14782032636157919,
      "n": 35
    },
    "peak_dist_mean": {
      "r": -0.029806557064440162,
      "p": 0.8650326076887036,
      "n": 35
    },
    "peak_dist_median": {
      "r": -0.13978735265279912,
      "p": 0.423187935868927,
      "n": 35
    },
    "random_energy_mean": {
      "r": 0.029806557064440162,
      "p": 0.8650326076887036,
      "n": 35
    },
    "top3_gap_pct": {
      "r": -0.26971299197334875,
      "p": 0.1171401204671031,
      "n": 35
    }
  },
  "all_z": {
    "density": {
      "r": -0.1815418863826046,
      "p": 0.0905009996565644,
      "n": 88
    },
    "density_cv": {
      "r": -0.06678709716534098,
      "p": 0.5364097272612045,
      "n": 88
    },
    "density_std": {
      "r": -0.19750395482298078,
      "p": 0.06511412215637492,
      "n": 88
    },
    "dominant_gap_pct": {
      "r": -0.27236767606526113,
      "p": 0.010251318266851809,
      "n": 88
    },
    "energy_gap_corr": {
      "r": 0.07825041770261687,
      "p": 0.46865418192752417,
      "n": 88
    },
    "energy_ratio": {
      "r": -0.03735292799241221,
      "p": 0.7297094859205592,
      "n": 88
    },
    "gap_autocorr": {
      "r": 0.1244527174402489,
      "p": 0.24797780292436805,
      "n": 88
    },
    "gap_cv": {
      "r": 0.2886829936926372,
      "p": 0.006377788980397891,
      "n": 88
    },
    "gap_entropy": {
      "r": 0.19368294893961477,
      "p": 0.07059234855859622,
      "n": 88
    },
    "gap_mean": {
      "r": 0.1643855234463419,
      "p": 0.12590397400253894,
      "n": 88
    },
    "gap_median": {
      "r": 0.12528942074251057,
      "p": 0.2447874424307674,
      "n": 88
    },
    "gap_std": {
      "r": 0.2993078477125095,
      "p": 0.004613342729543739,
      "n": 88
    },
    "max_metro_streak": {
      "r": -0.2689775005062616,
      "p": 0.011275584076496535,
      "n": 88
    },
    "max_metro_streak_pct": {
      "r": -0.26627081388339063,
      "p": 0.012156345810544044,
      "n": 88
    },
    "n_events": {
      "r": -0.16164328750901438,
      "p": 0.13243190333369192,
      "n": 88
    },
    "n_unique_gaps": {
      "r": 0.049017429235280435,
      "p": 0.6501726585054584,
      "n": 88
    },
    "onset_energy_mean": {
      "r": -0.045617011914375165,
      "p": 0.6730055113743438,
      "n": 88
    },
    "pattern_change_rate": {
      "r": 0.11952136548119627,
      "p": 0.26736120412036346,
      "n": 88
    },
    "peak_dist_mean": {
      "r": 0.0553620489285483,
      "p": 0.6084343848280677,
      "n": 88
    },
    "peak_dist_median": {
      "r": -0.004969825939680997,
      "p": 0.9633462970602987,
      "n": 88
    },
    "random_energy_mean": {
      "r": -0.055306468083071485,
      "p": 0.6087948941321396,
      "n": 88
    },
    "top3_gap_pct": {
      "r": -0.11679714632555407,
      "p": 0.2784967452157775,
      "n": 88
    }
  },
  "self_raw": {
    "density": {
      "r": 0.02702280449980416,
      "p": 0.8476850696003299,
      "n": 53
    },
    "density_cv": {
      "r": -0.023341679428623408,
      "p": 0.868235253754386,
      "n": 53
    },
    "density_std": {
      "r": -0.08780319914100454,
      "p": 0.5318503583451446,
      "n": 53
    },
    "dominant_gap_pct": {
      "r": -0.02752477610041972,
      "p": 0.8448902257320383,
      "n": 53
    },
    "energy_gap_corr": {
      "r": -0.06508898421315058,
      "p": 0.643330446207444,
      "n": 53
    },
    "energy_ratio": {
      "r": 0.03890279904770568,
      "p": 0.7821118662572459,
      "n": 53
    },
    "gap_autocorr": {
      "r": 0.07303686788956357,
      "p": 0.6032500162089407,
      "n": 53
    },
    "gap_cv": {
      "r": 0.09131700034531343,
      "p": 0.5154943496564783,
      "n": 53
    },