{
  "accuracy": 0.0042404253887056605,
  "stop_precision": 0.017006802721088437,
  "stop_recall": 0.1388888888888889,
  "stop_f1": 0.030303030303030304,
  "frame_error_mean": 40.96936778894811,
  "frame_error_median": 25.0,
  "frame_error_p90": 75.0,
  "frame_error_p99": 474.0,
  "rel_error_mean": 1.4198707439796145,
  "rel_error_median": 1.4098248585300843,
  "hit_rate": 0.013494366102152352,
  "good_rate": 0.03036232372984279,
  "miss_rate": 0.9293569934552325,
  "exact_match": 0.003913366169624182,
  "within_1_frame": 0.013157006949598543,
  "within_3pct": 0.006004992915457796,
  "model_score": -0.7009342162228506
}