{
  "accuracy": 0.0037692670121828096,
  "stop_precision": 0.007859949982136478,
  "stop_recall": 0.6111111111111112,
  "stop_f1": 0.015520282186948854,
  "frame_error_mean": 136.81350786046826,
  "frame_error_median": 42.0,
  "frame_error_p90": 475.0,
  "frame_error_p99": 489.0,
  "rel_error_mean": 1.5711908609051566,
  "rel_error_median": 1.4136933353080048,
  "hit_rate": 0.006612239390054652,
  "good_rate": 0.01578840833951825,
  "miss_rate": 0.9599892045071183,
  "exact_match": 0.0022940422373658995,
  "within_1_frame": 0.006342352068011605,
  "within_3pct": 0.0031711760340058025,
  "model_score": -0.7130490770613219
}