{
  "n_samples": 74075,
  "top_k": {
    "k1": {
      "hit": 0.7363212959838003,
      "good": 0.7399122510968613,
      "miss": 0.25853526830914614
    },
    "k2": {
      "hit": 0.8418359770502869,
      "good": 0.8449949375632805,
      "miss": 0.15339858251771854
    },
    "k3": {
      "hit": 0.9083496456294297,
      "good": 0.91136010799865,
      "miss": 0.08703341208234897
    },
    "k4": {
      "hit": 0.9263179210259872,
      "good": 0.9289233884576443,
      "miss": 0.06932163347958151
    },
    "k5": {
      "hit": 0.9366452919338508,
      "good": 0.9390887613904826,
      "miss": 0.05887276409044887
    },
    "k6": {
      "hit": 0.9436112048599392,
      "good": 0.9459196760040499,
      "miss": 0.05204184947688154
    },
    "k7": {
      "hit": 0.9487951400607493,
      "good": 0.9509281133985825,
      "miss": 0.046992912588592645
    },
    "k8": {
      "hit": 0.9534255821802228,
      "good": 0.9553560580492744,
      "miss": 0.04234897063786703
    },
    "k9": {
      "hit": 0.9570030374620317,
      "good": 0.9588525143435707,
      "miss": 0.038825514681066486
    },
    "k10": {
      "hit": 0.9597030037124535,
      "good": 0.9615524805939926,
      "miss": 0.036044549443131964
    }
  },
  "top_u": {
    "u1": {
      "hit": 0.7300708741140736,
      "good": 0.7337158285521431,
      "miss": 0.2647046911913601
    },
    "u2": {
      "hit": 0.8845494431319608,
      "good": 0.8878434019574756,
      "miss": 0.11040161997975026
    },
    "u3": {
      "hit": 0.9179210259871752,
      "good": 0.9210259871751603,
      "miss": 0.07651704353695579
    },
    "u4": {
      "hit": 0.9370772865339183,
      "good": 0.9400202497468781,
      "miss": 0.057158285521430985
    },
    "u5": {
      "hit": 0.9501856226797165,
      "good": 0.9533040836989538,
      "miss": 0.04336145798177523
    },
    "u6": {
      "hit": 0.9608234897063787,
      "good": 0.9638474519068512,
      "miss": 0.03239959500506244
    },
    "u7": {
      "hit": 0.9682348970637867,
      "good": 0.9713263584205197,
      "miss": 0.02470469119136011
    },
    "u8": {
      "hit": 0.9735673304083698,
      "good": 0.976415794802565,
      "miss": 0.019574755315558554
    },
    "u9": {
      "hit": 0.9775902801214985,
      "good": 0.9803037462031725,
      "miss": 0.015578805264934189
    },
    "u10": {
      "hit": 0.9804657441781978,
      "good": 0.9829362132973338,
      "miss": 0.01305433682078974
    }
  },
  "threshold_stats": {
    "t01": {
      "threshold": 0.01,
      "mean": 8.183381707728653,
      "median": 9.0,
      "p10": 6.0,
      "p90": 10.0
    },
    "t02": {
      "threshold": 0.02,
      "mean": 6.816118798515019,
      "median": 7.0,
      "p10": 5.0,
      "p90": 9.0
    },
    "t05": {
      "threshold": 0.05,
      "mean": 4.129773877826527,
      "median": 4.0,
      "p10": 3.0,
      "p90": 5.0
    },
    "t10": {
      "threshold": 0.1,
      "mean": 2.079392507593655,
      "median": 2.0,
      "p10": 1.0,
      "p90": 3.0
    },
    "t15": {
      "threshold": 0.15,
      "mean": 1.6092068849139385,
      "median": 2.0,
      "p10": 1.0,
      "p90": 2.0
    },
    "t20": {
      "threshold": 0.2,
      "mean": 1.3830037124535943,
      "median": 1.0,
      "p10": 1.0,
      "p90": 2.0
    },
    "t30": {
      "threshold": 0.3,
      "mean": 1.067161660479244,
      "median": 1.0,
      "p10": 1.0,
      "p90": 1.0
    },
    "t50": {
      "threshold": 0.5,
      "mean": 0.5998245021937226,
      "median": 1.0,
      "p10": 0.0,
      "p90": 1.0
    }
  }
}