{
  "n_nonstop": 74075,
  "n_hit": 53038,
  "n_miss": 21037,
  "n_overpred": 13269,
  "n_overpred_matches_any": 11041,
  "n_overpred_matches_2nd": 9042,
  "n_underpred": 7768,
  "topk_cum_nearest": [
    0.7160040499493756,
    1.3844616942288221,
    1.8787850151873102,
    2.210664866689166,
    2.4168207897401284,
    2.5583530205872425,
    2.6619507256159296,
    2.7417212284846437,
    2.8049274384070197,
    2.8581977725278436
  ],
  "topk_cum_any": [
    0.865055686803915,
    1.6931758353020587,
    2.3517381032737092,
    2.8265676679041514,
    3.1563955450556866,
    3.409260884238947,
    3.6338980762740465,
    3.8466284171447858,
    4.047370907863652,
    4.22848464394195
  ]
}