{
  "self_equal": {
    "scheme": "equal",
    "total_songs": 15,
    "total_models": 53,
    "rank1_match": 5,
    "rank1_match_pct": 0.3333333333333333,
    "exact_rank_match": 22,
    "exact_rank_match_pct": 0.41509433962264153,
    "kendall_tau_mean": 0.2,
    "kendall_tau_std": 0.7076303701373626,
    "overall_spearman_r": 0.316242108387801,
    "overall_spearman_p": 0.021058575163146437,
    "evaluator_type": "self"
  },
  "self_corr_weighted": {
    "scheme": "corr_weighted",
    "total_songs": 15,
    "total_models": 53,
    "rank1_match": 6,
    "rank1_match_pct": 0.4,
    "exact_rank_match": 23,
    "exact_rank_match_pct": 0.4339622641509434,
    "kendall_tau_mean": 0.28888888888888886,
    "kendall_tau_std": 0.6762277357645751,
    "overall_spearman_r": 0.3256959068660606,
    "overall_spearman_p": 0.01731957374557523,
    "evaluator_type": "self"
  },
  "self_top2_only": {
    "scheme": "top2_only",
    "total_songs": 15,
    "total_models": 53,
    "rank1_match": 7,
    "rank1_match_pct": 0.4666666666666667,
    "exact_rank_match": 25,
    "exact_rank_match_pct": 0.4716981132075472,
    "kendall_tau_mean": 0.4222222222222223,
    "kendall_tau_std": 0.5230489909306587,
    "overall_spearman_r": 0.4040453075288055,
    "overall_spearman_p": 0.0026960562689159707,
    "evaluator_type": "self"
  },
  "volunteer_equal": {
    "scheme": "equal",
    "total_songs": 10,
    "total_models": 35,
    "rank1_match": 6,
    "rank1_match_pct": 0.6,
    "exact_rank_match": 11,
    "exact_rank_match_pct": 0.3142857142857143,
    "kendall_tau_mean": 0.33333333333333337,
    "kendall_tau_std": 0.4472135954999579,
    "overall_spearman_r": 0.39184717701788413,
    "overall_spearman_p": 0.01991351809900636,
    "evaluator_type": "volunteer"
  },
  "volunteer_corr_weighted": {
    "scheme": "corr_weighted",
    "total_songs": 10,
    "total_models": 35,
    "rank1_match": 6,
    "rank1_match_pct": 0.6,
    "exact_rank_match": 12,
    "exact_rank_match_pct": 0.34285714285714286,
    "kendall_tau_mean": 0.2666666666666667,
    "kendall_tau_std": 0.5734883511361751,
    "overall_spearman_r": 0.38603126344433475,
    "overall_spearman_p": 0.02199569275054891,
    "evaluator_type": "volunteer"
  },
  "volunteer_top2_only": {
    "scheme": "top2_only",
    "total_songs": 10,
    "total_models": 35,
    "rank1_match": 6,
    "rank1_match_pct": 0.6,
    "exact_rank_match": 13,
    "exact_rank_match_pct": 0.37142857142857144,
    "kendall_tau_mean": 0.10000000000000005,
    "kendall_tau_std": 0.6506407098647712,
    "overall_spearman_r": 0.2340905213353593,
    "overall_spearman_p": 0.17589718460219436,
    "evaluator_type": "volunteer"
  },
  "all_equal": {
    "scheme": "equal",
    "total_songs": 25,
    "total_models": 88,
    "rank1_match": 11,
    "rank1_match_pct": 0.44,
    "exact_rank_match": 33,
    "exact_rank_match_pct": 0.375,
    "kendall_tau_mean": 0.25333333333333335,
    "kendall_tau_std": 0.6202508453126937,
    "overall_spearman_r": 0.34350824379338146,
    "overall_spearman_p": 0.0010505453878108674,
    "evaluator_type": "all"
  },
  "all_corr_weighted": {
    "scheme": "corr_weighted",
    "total_songs": 25,
    "total_models": 88,
    "rank1_match": 12,
    "rank1_match_pct": 0.48,
    "exact_rank_match": 35,
    "exact_rank_match_pct": 0.3977272727272727,
    "kendall_tau_mean": 0.28,
    "kendall_tau_std": 0.6372161677519211,
    "overall_spearman_r": 0.34650183632553627,
    "overall_spearman_p": 0.0009427317047550171,
    "evaluator_type": "all"
  },
  "all_top2_only": {
    "scheme": "top2_only",
    "total_songs": 25,
    "total_models": 88,
    "rank1_match": 13,
    "rank1_match_pct": 0.52,
    "exact_rank_match": 38,
    "exact_rank_match_pct": 0.4318181818181818,
    "kendall_tau_mean": 0.29333333333333333,
    "kendall_tau_std": 0.5986651818838307,
    "overall_spearman_r": 0.3422572758137016,
    "overall_spearman_p": 0.0010988290377072934,
    "evaluator_type": "all"
  }
}