{
  "n_songs": 30,
  "model_totals": {
    "song_density": {
      "expert": {
        "exp44": -13.880046924908562,
        "exp53": -31.82452530847225,
        "exp50b": -4.96981671152918,
        "exp51": 99.24705103828191,
        "exp55": -22.876842668343972,
        "exp58": -25.69581942502796
      },
      "volunteer": {
        "exp44": 4.850830892267312,
        "exp53": -39.52076374563075,
        "exp50b": -14.997279164832705,
        "exp51": 56.77615478255253,
        "exp55": -9.282293583112914,
        "exp58": 2.173350818756474
      },
      "general": {
        "exp44": 2.1037258566681243,
        "exp53": -61.490900368760315,
        "exp50b": -25.768420117548217,
        "exp51": 90.9036655366062,
        "exp55": -17.556001437501344,
        "exp58": 11.807930530535499
      }
    },
    "fixed_53ar": {
      "expert": {
        "exp44": -7.199252480548696,
        "exp53": -36.5046040592581,
        "exp50b": -28.264584621176386,
        "exp51": 108.10060333670573,
        "exp55": -11.525463600757185,
        "exp58": -24.606698574965392
      },
      "volunteer": {
        "exp44": 6.939153880576312,
        "exp53": -59.43210631251272,
        "exp50b": -24.77687837463562,
        "exp51": 72.99851362532505,
        "exp55": -1.8727024030888488,
        "exp58": 6.144019584335812
      },
      "general": {
        "exp44": -1.8260787204770907,
        "exp53": -99.53204210939198,
        "exp50b": -31.29018273679509,
        "exp51": 119.2732582815587,
        "exp55": -0.5592899006419394,
        "exp58": 13.934335185747445
      }
    }
  }
}