{
  "model_results": {
    "exp44": {
      "dc_rand": 49.992622709501305,
      "dc_human": 90.64073891533307,
      "oc_human": 92.87287168536378,
      "over_pspace": 9.9609375,
      "hi_pspace": 79.02939302807046
    },
    "exp53": {
      "dc_rand": 49.97781101802682,
      "dc_human": 90.47800729332378,
      "oc_human": 92.70376937474883,
      "over_pspace": 10.247395833333334,
      "hi_pspace": 78.25205520445434
    },
    "exp50b": {
      "dc_rand": 50.09436600109221,
      "dc_human": 90.20906422215164,
      "oc_human": 92.54232510015136,
      "over_pspace": 9.205729166666666,
      "hi_pspace": 75.25358195808514
    },
    "exp51": {
      "dc_rand": 49.937875941299474,
      "dc_human": 89.86852927594695,
      "oc_human": 91.97668148185737,
      "over_pspace": 7.578125,
      "hi_pspace": 60.69597168130064
    },
    "exp55": {
      "dc_rand": 50.04113946077288,
      "dc_human": 90.90112213652267,
      "oc_human": 92.98604049285564,
      "over_pspace": 9.440104166666666,
      "hi_pspace": 73.6010233503669
    },
    "exp58": {
      "dc_rand": 49.95820074402817,
      "dc_human": 90.76310997259809,
      "oc_human": 93.02671196213109,
      "over_pspace": 10.143229166666666,
      "hi_pspace": 81.09965947573222
    },
    "Human GT": {
      "over_pspace": 11.692708333333334,
      "dc_rand": 49.951102328251416
    }
  },
  "published": {
    "TaikoNation": {
      "over_pspace": 21.328,
      "hi_pspace": 94.117,
      "dc_human": 74.987,
      "dc_rand": 50.405
    },
    "DDC": {
      "over_pspace": 15.938,
      "hi_pspace": 83.16,
      "dc_human": 77.9,
      "dc_rand": 49.938
    },
    "Human Taiko": {
      "over_pspace": 14.453,
      "dc_rand": 50.17
    }
  },
  "n_songs": 30
}