{
  "models": [
    "exp14",
    "exp35c",
    "exp44",
    "exp45"
  ],
  "n_samples": 74283,
  "n_non_stop": 74075,
  "all_hit": 41026,
  "all_miss": 10525,
  "any_miss": 32582,
  "shared_failure_pct": 32.303112147811675,
  "exp14_hit": 0.6906648666891664,
  "exp14_miss": 0.304070199122511,
  "exp35c_hit": 0.7160040499493756,
  "exp35c_miss": 0.2807019912251097,
  "exp44_hit": 0.735187310158623,
  "exp44_miss": 0.2612082348970638,
  "exp45_hit": 0.7221599730003375,
  "exp45_miss": 0.2731015862301721
}