chart_id,n_gt,tolerance_frames,energy_best_f1,energy_best_recall,energy_best_precision,energy_best_threshold,spectral_flux_best_f1,spectral_flux_best_recall,spectral_flux_best_precision,spectral_flux_best_threshold,log_filtered_flux_best_f1,log_filtered_flux_best_recall,log_filtered_flux_best_precision,log_filtered_flux_best_threshold,hfc_mel_best_f1,hfc_mel_best_recall,hfc_mel_best_precision,hfc_mel_best_threshold,superflux_best_f1,superflux_best_recall,superflux_best_precision,superflux_best_threshold,subband_sf_4_best_f1,subband_sf_4_best_recall,subband_sf_4_best_precision,subband_sf_4_best_threshold,subband_sf_8_best_f1,subband_sf_8_best_recall,subband_sf_8_best_precision,subband_sf_8_best_threshold
1043364 ICHIKO - I SAY YES (TV Size) [Futsuu],238,10,0.5602,0.5672,0.5533,0.88,0.7078,0.916,0.5767,0.44,0.5621,0.8361,0.4234,0.32,0.5263,0.5252,0.5274,0.88,0.6516,0.8487,0.5288,0.4,0.7078,0.916,0.5767,0.44,0.7078,0.916,0.5767,0.44
1043364 ICHIKO - I SAY YES (TV Size) [Kantan],150,10,0.4365,0.5733,0.3525,0.88,0.4635,0.8667,0.3163,0.4,0.3774,0.78,0.2489,0.32,0.3773,0.4867,0.308,0.88,0.4194,0.6067,0.3204,0.48,0.4635,0.8667,0.3163,0.4,0.4635,0.8667,0.3163,0.4
1043364 ICHIKO - I SAY YES (TV Size) [Muzukashii],353,10,0.6564,0.728,0.5977,0.8,0.7853,0.8499,0.7299,0.4,0.6369,0.8074,0.5258,0.28,0.6348,0.7535,0.5485,0.76,0.6993,0.728,0.6728,0.4,0.7853,0.8499,0.7299,0.4,0.7853,0.8499,0.7299,0.4
1043364 ICHIKO - I SAY YES (TV Size) [Oni],425,10,0.7064,0.7671,0.6546,0.76,0.782,0.7976,0.767,0.36,0.649,0.8047,0.5437,0.24,0.6917,0.8447,0.5856,0.64,0.6799,0.6847,0.6752,0.36,0.782,0.7976,0.767,0.36,0.782,0.7976,0.767,0.36
1202956 HyuN - Fuyu no Hime [Snow Princess],1161,10,0.8718,0.9457,0.8085,0.32,0.8567,0.9035,0.8144,0.2,0.7021,0.7795,0.6387,0.12,0.8657,0.9552,0.7916,0.16,0.8329,0.876,0.7939,0.2,0.8567,0.9035,0.8144,0.2,0.8567,0.9035,0.8144,0.2
1202956 HyuN - Fuyu no Hime [Vulkin's Muzukashii],626,10,0.6224,0.8307,0.4976,0.68,0.7224,0.9042,0.6015,0.32,0.5891,0.7157,0.5006,0.2,0.6007,0.8978,0.4514,0.56,0.7105,0.8722,0.5993,0.32,0.7224,0.9042,0.6015,0.32,0.7224,0.9042,0.6015,0.32
1202956 HyuN - Fuyu no Hime [iceOC's Futsuu],356,10,0.4158,0.4888,0.3617,0.92,0.5258,0.8455,0.3815,0.4,0.4365,0.7669,0.305,0.2,0.4107,0.5618,0.3236,0.88,0.5182,0.6994,0.4116,0.48,0.5258,0.8455,0.3815,0.4,0.5258,0.8455,0.3815,0.4
1202956 HyuN - Fuyu no Hime [komasy's Oni],834,10,0.7363,0.9676,0.5943,0.32,0.818,0.8705,0.7715,0.32,0.673,0.801,0.5804,0.16,0.72,0.9604,0.5758,0.24,0.8009,0.8801,0.7347,0.28,0.818,0.8705,0.7715,0.32,0.818,0.8705,0.7715,0.32
1295573 Kano - Chikyuu Saigo no Kokuhaku o [Confession],739,10,0.6151,0.6455,0.5874,0.68,0.7194,0.8119,0.6459,0.32,0.6309,0.7009,0.5736,0.4,0.6006,0.5819,0.6205,0.64,0.6414,0.8133,0.5295,0.2,0.7194,0.8119,0.6459,0.32,0.7194,0.8119,0.6459,0.32
1295573 Kano - Chikyuu Saigo no Kokuhaku o [Futsuu],445,10,0.5423,0.5685,0.5184,0.8,0.5714,0.7281,0.4702,0.44,0.516,0.636,0.434,0.52,0.5183,0.6045,0.4536,0.68,0.508,0.7483,0.3845,0.28,0.5714,0.7281,0.4702,0.44,0.5714,0.7281,0.4702,0.44
1295573 Kano - Chikyuu Saigo no Kokuhaku o [Muzukashii],631,10,0.5669,0.6482,0.5037,0.68,0.6795,0.8399,0.5705,0.32,0.6144,0.6577,0.5764,0.48,0.5605,0.5436,0.5784,0.68,0.6212,0.7369,0.537,0.28,0.6795,0.8399,0.5705,0.32,0.6795,0.8399,0.5705,0.32
1336266 Silentroom - Finixe [Futsuu],448,10,0.6205,0.75,0.5291,0.88,0.7207,0.7344,0.7075,0.6,0.6042,0.7054,0.5284,0.52,0.5024,0.808,0.3646,0.84,0.7009,0.7165,0.6859,0.56,0.7207,0.7344,0.7075,0.6,0.7207,0.7344,0.7075,0.6
1336266 Silentroom - Finixe [Hell Oni],1434,10,0.8023,0.8096,0.7952,0.68,0.7986,0.8459,0.7562,0.24,0.6651,0.864,0.5406,0.2,0.8181,0.8466,0.7914,0.72,0.7604,0.8201,0.7089,0.24,0.7986,0.8459,0.7562,0.24,0.7986,0.8459,0.7562,0.24
1336266 Silentroom - Finixe [Inner Oni],1145,10,0.7823,0.89,0.6979,0.68,0.7808,0.7511,0.8129,0.32,0.6424,0.6934,0.5983,0.32,0.76,0.8891,0.6636,0.72,0.7401,0.7808,0.7034,0.28,0.7808,0.7511,0.8129,0.32,0.7808,0.7511,0.8129,0.32
1336266 Silentroom - Finixe [Kantan],242,10,0.4928,0.7025,0.3795,0.92,0.5516,0.8058,0.4194,0.6,0.4593,0.595,0.374,0.64,0.3529,0.6818,0.2381,0.88,0.5509,0.7603,0.4319,0.6,0.5516,0.8058,0.4194,0.6,0.5516,0.8058,0.4194,0.6
1336266 Silentroom - Finixe [Muzukashii],654,10,0.6827,0.6728,0.6929,0.88,0.7695,0.7936,0.7468,0.44,0.6369,0.708,0.5787,0.44,0.6081,0.8838,0.4635,0.8,0.7416,0.7722,0.7133,0.4,0.7695,0.7936,0.7468,0.44,0.7695,0.7936,0.7468,0.44
1336266 Silentroom - Finixe [Oni],854,10,0.6997,0.6862,0.7138,0.84,0.7834,0.8068,0.7613,0.36,0.6549,0.6932,0.6205,0.4,0.6797,0.8361,0.5726,0.8,0.7445,0.7319,0.7576,0.36,0.7834,0.8068,0.7613,0.36,0.7834,0.8068,0.7613,0.36
1537528 Yunomi - Koi no Uta (feat. Yuzaki Tsukasa (CV_ Kito Akari)) (TV Size) [Futsuu],198,10,0.5215,0.8283,0.3805,0.44,0.6177,0.8283,0.4925,0.4,0.5021,0.6162,0.4236,0.48,0.4399,0.7677,0.3083,0.28,0.577,0.7475,0.4698,0.36,0.6177,0.8283,0.4925,0.4,0.6177,0.8283,0.4925,0.4
1537528 Yunomi - Koi no Uta (feat. Yuzaki Tsukasa (CV_ Kito Akari)) (TV Size) [Inner Oni],452,10,0.7401,0.7876,0.698,0.32,0.7387,0.7942,0.6904,0.24,0.6002,0.6726,0.5419,0.28,0.6772,0.708,0.6491,0.28,0.6981,0.7212,0.6763,0.24,0.7387,0.7942,0.6904,0.24,0.7387,0.7942,0.6904,0.24
1537528 Yunomi - Koi no Uta (feat. Yuzaki Tsukasa (CV_ Kito Akari)) (TV Size) [Kantan],114,10,0.4011,0.6667,0.2868,0.68,0.4964,0.6053,0.4207,0.64,0.4086,0.3333,0.5278,1.0,0.3219,0.6579,0.2131,0.44,0.4644,0.5439,0.4052,0.64,0.4964,0.6053,0.4207,0.64,0.4964,0.6053,0.4207,0.64
1537528 Yunomi - Koi no Uta (feat. Yuzaki Tsukasa (CV_ Kito Akari)) (TV Size) [Muzukashii],298,10,0.6283,0.7685,0.5313,0.44,0.7068,0.7483,0.6697,0.4,0.5584,0.6174,0.5097,0.4,0.5436,0.7215,0.4361,0.28,0.6566,0.7282,0.5978,0.32,0.7068,0.7483,0.6697,0.4,0.7068,0.7483,0.6697,0.4
1537528 Yunomi - Koi no Uta (feat. Yuzaki Tsukasa (CV_ Kito Akari)) (TV Size) [Oni],382,10,0.7063,0.8246,0.6176,0.32,0.7478,0.788,0.7116,0.32,0.596,0.7356,0.5009,0.28,0.6149,0.7042,0.5456,0.28,0.701,0.7304,0.6739,0.28,0.7478,0.788,0.7116,0.32,0.7478,0.788,0.7116,0.32
1619890 TWICE - HO! [Futsuu],590,10,0.6179,0.6441,0.5938,0.8,0.7653,0.9034,0.6638,0.28,0.6684,0.8881,0.5358,0.16,0.4641,0.6186,0.3713,0.64,0.7184,0.8712,0.6112,0.2,0.7653,0.9034,0.6638,0.28,0.7653,0.9034,0.6638,0.28
1619890 TWICE - HO! [Kantan],313,10,0.3835,0.639,0.274,0.76,0.5093,0.8275,0.3679,0.36,0.4503,0.6805,0.3365,0.28,0.297,0.492,0.2127,0.76,0.4768,0.8211,0.3359,0.24,0.5093,0.8275,0.3679,0.36,0.5093,0.8275,0.3679,0.36
1619890 TWICE - HO! [Muzukashii],847,10,0.6748,0.6836,0.6663,0.68,0.8266,0.83,0.8232,0.24,0.7397,0.7969,0.6902,0.16,0.5617,0.6423,0.4991,0.52,0.7737,0.771,0.7765,0.2,0.8266,0.83,0.8232,0.24,0.8266,0.83,0.8232,0.24
1619890 TWICE - HO! [Oni],1154,10,0.6815,0.6655,0.6982,0.28,0.76,0.6612,0.8934,0.24,0.6895,0.6369,0.7515,0.16,0.6163,0.6153,0.6174,0.28,0.7248,0.6915,0.7615,0.12,0.76,0.6612,0.8934,0.24,0.76,0.6612,0.8934,0.24
1729664 Toyotomi Hideyoshi no Maizoukin - Kinsei no Ningen o Uchikorosu [Futsuu],318,10,0.465,0.7516,0.3366,0.72,0.6493,0.8208,0.537,0.36,0.5455,0.8019,0.4133,0.2,0.4077,0.7013,0.2874,0.6,0.5834,0.7201,0.4904,0.32,0.6493,0.8208,0.537,0.36,0.6493,0.8208,0.537,0.36
1729664 Toyotomi Hideyoshi no Maizoukin - Kinsei no Ningen o Uchikorosu [Kantan],169,10,0.2857,0.5858,0.1889,0.8,0.4906,0.7751,0.3589,0.44,0.3908,0.7515,0.264,0.24,0.2571,0.3728,0.1963,0.84,0.4366,0.7337,0.3108,0.36,0.4906,0.7751,0.3589,0.44,0.4906,0.7751,0.3589,0.44
1729664 Toyotomi Hideyoshi no Maizoukin - Kinsei no Ningen o Uchikorosu [Korose!],623,10,0.6796,0.7849,0.5993,0.64,0.725,0.8507,0.6317,0.24,0.6306,0.7303,0.5549,0.16,0.627,0.7271,0.5511,0.56,0.6769,0.7785,0.5988,0.2,0.725,0.8507,0.6317,0.24,0.725,0.8507,0.6317,0.24
1729664 Toyotomi Hideyoshi no Maizoukin - Kinsei no Ningen o Uchikorosu [Muzukashii],427,10,0.5571,0.7822,0.4326,0.68,0.7003,0.829,0.6062,0.32,0.5977,0.7307,0.5057,0.2,0.5021,0.7073,0.3892,0.6,0.6335,0.8197,0.5162,0.24,0.7003,0.829,0.6062,0.32,0.7003,0.829,0.6062,0.32
1729664 Toyotomi Hideyoshi no Maizoukin - Kinsei no Ningen o Uchikorosu [Oni],542,10,0.6408,0.7768,0.5453,0.68,0.7318,0.7601,0.7055,0.32,0.6432,0.8081,0.5341,0.16,0.5806,0.7306,0.4818,0.56,0.6657,0.8303,0.5556,0.2,0.7318,0.7601,0.7055,0.32,0.7318,0.7601,0.7055,0.32
1740643 MakSim - Doroga [Journey],1005,10,0.6853,0.7303,0.6456,0.68,0.6998,0.7144,0.6858,0.24,0.5546,0.5512,0.5579,0.24,0.6732,0.7164,0.6349,0.52,0.6167,0.6507,0.586,0.2,0.6998,0.7144,0.6858,0.24,0.6998,0.7144,0.6858,0.24
1740643 MakSim - Doroga [Kantan],343,10,0.5422,0.4402,0.7056,0.92,0.6636,0.8455,0.5461,0.44,0.5114,0.7201,0.3965,0.36,0.4668,0.6764,0.3564,0.8,0.5998,0.8017,0.4791,0.36,0.6636,0.8455,0.5461,0.44,0.6636,0.8455,0.5461,0.44
1740643 MakSim - Doroga [Ryxliee & Froskya's Muzukashii],803,10,0.6412,0.7746,0.5471,0.68,0.6832,0.787,0.6036,0.24,0.5546,0.6202,0.5015,0.24,0.6265,0.6999,0.5671,0.68,0.6155,0.6588,0.5775,0.24,0.6832,0.787,0.6036,0.24,0.6832,0.787,0.6036,0.24
1740643 MakSim - Doroga [Tachi's Futsuu],595,10,0.6103,0.7345,0.5221,0.8,0.6908,0.7227,0.6615,0.36,0.569,0.6891,0.4846,0.28,0.5989,0.7126,0.5164,0.76,0.6363,0.6689,0.6067,0.32,0.6908,0.7227,0.6615,0.36,0.6908,0.7227,0.6615,0.36
1773891 Takenoko boy feat. Hatsune Miku - Sou Datta!! [Futsuu!!],475,10,0.5788,0.5411,0.6223,0.92,0.6871,0.8484,0.5774,0.32,0.6139,0.8168,0.4918,0.2,0.5872,0.6842,0.5142,0.88,0.6437,0.7474,0.5653,0.28,0.6871,0.8484,0.5774,0.32,0.6871,0.8484,0.5774,0.32
1773891 Takenoko boy feat. Hatsune Miku - Sou Datta!! [Inner Oni!!],1246,10,0.7753,0.8018,0.7506,0.0,0.8141,0.7681,0.8661,0.2,0.7698,0.7705,0.7692,0.12,0.7765,0.8098,0.7458,0.08,0.7796,0.7552,0.8057,0.16,0.8141,0.7681,0.8661,0.2,0.8141,0.7681,0.8661,0.2
1773891 Takenoko boy feat. Hatsune Miku - Sou Datta!! [Kantan!!],277,10,0.4065,0.6787,0.2901,0.88,0.5276,0.8267,0.3875,0.36,0.4447,0.8556,0.3004,0.2,0.429,0.704,0.3085,0.88,0.4685,0.7653,0.3376,0.28,0.5276,0.8267,0.3875,0.36,0.5276,0.8267,0.3875,0.36
1773891 Takenoko boy feat. Hatsune Miku - Sou Datta!! [Muzukashii!!],764,10,0.6152,0.8128,0.4948,0.64,0.7733,0.8639,0.6999,0.24,0.7201,0.8285,0.6368,0.16,0.6132,0.8259,0.4876,0.6,0.7239,0.8168,0.65,0.2,0.7733,0.8639,0.6999,0.24,0.7733,0.8639,0.6999,0.24
1773891 Takenoko boy feat. Hatsune Miku - Sou Datta!! [Oni!!],1016,10,0.7141,0.8248,0.6296,0.0,0.8341,0.8041,0.8664,0.24,0.7836,0.873,0.7107,0.12,0.7075,0.8248,0.6194,0.08,0.7894,0.8484,0.738,0.16,0.8341,0.8041,0.8664,0.24,0.8341,0.8041,0.8664,0.24
1784717 Yuki Setsuna (CV_ Kusunoki Tomori) - CHASE! (Short Ver.) [Futsuu],338,10,0.5168,0.6154,0.4454,0.92,0.7371,0.8047,0.68,0.48,0.4979,0.6923,0.3887,0.36,0.4323,0.5858,0.3426,0.88,0.6729,0.7426,0.6152,0.44,0.7371,0.8047,0.68,0.48,0.7371,0.8047,0.68,0.48
1784717 Yuki Setsuna (CV_ Kusunoki Tomori) - CHASE! (Short Ver.) [Kantan],172,10,0.4357,0.4826,0.3971,0.96,0.5478,0.75,0.4314,0.56,0.3349,0.6395,0.2268,0.4,0.2885,0.4302,0.217,0.92,0.501,0.6977,0.3909,0.52,0.5478,0.75,0.4314,0.56,0.5478,0.75,0.4314,0.56
1784717 Yuki Setsuna (CV_ Kusunoki Tomori) - CHASE! (Short Ver.) [Ph0eNiiXZ's Muzukashii],474,10,0.5994,0.5949,0.6039,0.92,0.7559,0.8101,0.7085,0.4,0.5158,0.7384,0.3964,0.28,0.5416,0.6941,0.444,0.84,0.6553,0.6097,0.7083,0.44,0.7559,0.8101,0.7085,0.4,0.7559,0.8101,0.7085,0.4
1784717 Yuki Setsuna (CV_ Kusunoki Tomori) - CHASE! (Short Ver.) [Scarlet Oni],559,10,0.6281,0.6995,0.57,0.88,0.7593,0.7478,0.7712,0.4,0.5319,0.7835,0.4026,0.24,0.5877,0.7639,0.4776,0.76,0.6661,0.6905,0.6433,0.36,0.7593,0.7478,0.7712,0.4,0.7593,0.7478,0.7712,0.4
"1819401 Yakushi Ruri - Gaman Dekinai no, Iwasete!! [Asa's Futsuu]",332,10,0.633,0.8675,0.4983,0.8,0.7375,0.8464,0.6535,0.48,0.7014,0.7711,0.6432,0.4,0.6086,0.8946,0.4612,0.76,0.7308,0.7892,0.6805,0.44,0.7375,0.8464,0.6535,0.48,0.7375,0.8464,0.6535,0.48
"1819401 Yakushi Ruri - Gaman Dekinai no, Iwasete!! [Little Oni]",709,10,0.7778,0.78,0.7756,0.68,0.7836,0.7405,0.832,0.28,0.7547,0.7137,0.8006,0.24,0.7698,0.7616,0.7781,0.72,0.7513,0.7094,0.7984,0.24,0.7836,0.7405,0.832,0.28,0.7836,0.7405,0.832,0.28
"1819401 Yakushi Ruri - Gaman Dekinai no, Iwasete!! [Muzukashii]",422,10,0.6948,0.8768,0.5754,0.76,0.8036,0.8436,0.7672,0.44,0.7552,0.7749,0.7365,0.36,0.6886,0.8697,0.5699,0.76,0.7652,0.7607,0.7698,0.4,0.8036,0.8436,0.7672,0.44,0.8036,0.8436,0.7672,0.44
"1819401 Yakushi Ruri - Gaman Dekinai no, Iwasete!! [Oni]",571,10,0.7611,0.8091,0.7185,0.76,0.8126,0.7933,0.8327,0.36,0.7683,0.7636,0.773,0.28,0.7478,0.8284,0.6816,0.72,0.7674,0.7338,0.8042,0.32,0.8126,0.7933,0.8327,0.36,0.8126,0.7933,0.8327,0.36
"1819401 Yakushi Ruri - Gaman Dekinai no, Iwasete!! [Yui's Kantan]",168,10,0.4165,0.7798,0.2842,0.84,0.4525,0.8512,0.3082,0.44,0.419,0.8393,0.2792,0.32,0.3645,0.881,0.2298,0.76,0.4209,0.8631,0.2783,0.32,0.4525,0.8512,0.3082,0.44,0.4525,0.8512,0.3082,0.44
1826323 Josh A & Jake Hill - Worst Mistakes [Froskya's Thoughts],720,10,0.7127,0.6736,0.7566,0.52,0.7546,0.7903,0.7221,0.24,0.6795,0.7583,0.6156,0.24,0.6963,0.7611,0.6417,0.12,0.7259,0.7264,0.7254,0.24,0.7546,0.7903,0.7221,0.24,0.7546,0.7903,0.7221,0.24
1826323 Josh A & Jake Hill - Worst Mistakes [Muzukashii],472,10,0.6748,0.7055,0.6466,0.6,0.7507,0.8072,0.7017,0.4,0.636,0.7903,0.5321,0.32,0.6392,0.6419,0.6366,0.52,0.7169,0.7055,0.7287,0.4,0.7507,0.8072,0.7017,0.4,0.7507,0.8072,0.7017,0.4
1826323 Josh A & Jake Hill - Worst Mistakes [Oni],569,10,0.696,0.696,0.696,0.56,0.748,0.8032,0.6998,0.32,0.6578,0.7786,0.5694,0.28,0.6634,0.8295,0.5527,0.12,0.7186,0.7293,0.7082,0.32,0.748,0.8032,0.6998,0.32,0.748,0.8032,0.6998,0.32
1826323 Josh A & Jake Hill - Worst Mistakes [Stompy's Kantan],209,10,0.5146,0.4641,0.5774,0.84,0.5342,0.5789,0.4959,0.68,0.4394,0.6507,0.3317,0.52,0.4916,0.4211,0.5906,0.8,0.5,0.6842,0.3939,0.48,0.5342,0.5789,0.4959,0.68,0.5342,0.5789,0.4959,0.68
1826323 Josh A & Jake Hill - Worst Mistakes [Tachi's Futsuu],361,10,0.6187,0.7507,0.5262,0.6,0.6846,0.8116,0.5919,0.44,0.5667,0.7119,0.4707,0.4,0.5793,0.6427,0.5273,0.56,0.6577,0.7452,0.5886,0.4,0.6846,0.8116,0.5919,0.44,0.6846,0.8116,0.5919,0.44
1828727 blobdash & Raphlesia - Recollection [Collab of Memories],2596,10,0.8483,0.8563,0.8405,0.56,0.8355,0.9049,0.776,0.16,0.7011,0.7696,0.6437,0.12,0.8176,0.8498,0.7879,0.4,0.8051,0.8675,0.7512,0.12,0.8355,0.9049,0.776,0.16,0.8355,0.9049,0.776,0.16
1830506 Mitsukiyo - Luminous memory [Muzukashii],585,10,0.7651,0.9521,0.6395,0.32,0.8041,0.947,0.6986,0.2,0.7294,0.8872,0.6193,0.2,0.7657,0.9248,0.6534,0.0,0.7895,0.9231,0.6897,0.2,0.8041,0.947,0.6986,0.2,0.8041,0.947,0.6986,0.2
1830506 Mitsukiyo - Luminous memory [Ph0eNiiXZ's Oni],741,10,0.832,0.8691,0.798,0.4,0.867,0.8974,0.8386,0.2,0.7916,0.8435,0.7458,0.2,0.8314,0.8583,0.8061,0.08,0.8533,0.8907,0.8189,0.16,0.867,0.8974,0.8386,0.2,0.867,0.8974,0.8386,0.2
1830506 Mitsukiyo - Luminous memory [Share's Kantan],220,10,0.6037,0.5227,0.7143,0.96,0.5092,0.6955,0.4016,0.6,0.4259,0.7636,0.2953,0.32,0.5309,0.4682,0.6131,0.96,0.5102,0.6227,0.4322,0.64,0.5092,0.6955,0.4016,0.6,0.5092,0.6955,0.4016,0.6
1830506 Mitsukiyo - Luminous memory [Futsuu],353,10,0.5718,0.6261,0.5262,0.88,0.6123,0.7762,0.5055,0.48,0.5693,0.9603,0.4045,0.2,0.5645,0.6572,0.4947,0.76,0.6027,0.8357,0.4712,0.36,0.6123,0.7762,0.5055,0.48,0.6123,0.7762,0.5055,0.48
1908857 Ata - I'm Not Crazy [Psychedelic],3504,10,0.8416,0.903,0.788,0.68,0.8057,0.9152,0.7195,0.16,0.7015,0.9244,0.5652,0.08,0.8183,0.8901,0.7572,0.52,0.7767,0.8273,0.7319,0.12,0.8057,0.9152,0.7195,0.16,0.8057,0.9152,0.7195,0.16
1920573 Masafumi Takada - Welcome DANGAN IsLand!! [Inner Oni],804,10,0.8101,0.7799,0.8427,0.76,0.8382,0.8085,0.8701,0.24,0.7848,0.7438,0.8306,0.28,0.8033,0.8582,0.7549,0.64,0.797,0.796,0.798,0.2,0.8382,0.8085,0.8701,0.24,0.8382,0.8085,0.8701,0.24
1920573 Masafumi Takada - Welcome DANGAN IsLand!! [Muzukashii],478,10,0.7577,0.8013,0.7186,0.88,0.7865,0.8556,0.7278,0.4,0.7569,0.8598,0.676,0.36,0.7124,0.8808,0.598,0.8,0.7629,0.7741,0.752,0.44,0.7865,0.8556,0.7278,0.4,0.7865,0.8556,0.7278,0.4
1920573 Masafumi Takada - Welcome DANGAN IsLand!! [Oni],586,10,0.8155,0.8447,0.7882,0.84,0.8511,0.8584,0.844,0.36,0.809,0.8242,0.7944,0.36,0.7721,0.8498,0.7074,0.8,0.8075,0.8089,0.8061,0.32,0.8511,0.8584,0.844,0.36,0.8511,0.8584,0.844,0.36
1920573 Masafumi Takada - Welcome DANGAN IsLand!! [Stefan's Futsuu],302,10,0.6467,0.894,0.5066,0.88,0.6817,0.9007,0.5484,0.52,0.6319,0.8013,0.5216,0.48,0.5785,0.9636,0.4134,0.8,0.6801,0.894,0.5488,0.44,0.6817,0.9007,0.5484,0.52,0.6817,0.9007,0.5484,0.52
1920573 Masafumi Takada - Welcome DANGAN IsLand!! [Stefan's Kantan],161,10,0.4343,0.677,0.3196,0.92,0.4536,0.9255,0.3004,0.52,0.4077,0.8571,0.2674,0.44,0.3837,0.9068,0.2433,0.84,0.4564,0.9255,0.3028,0.44,0.4536,0.9255,0.3004,0.52,0.4536,0.9255,0.3004,0.52
1924665 Uchida Brothers - Oosanbashi (Irohachou) [Futsuu],252,10,0.752,0.7579,0.7461,0.88,0.7331,0.9048,0.6162,0.44,0.6574,0.8452,0.5379,0.28,0.6775,0.8254,0.5746,0.84,0.7156,0.9286,0.5821,0.32,0.7331,0.9048,0.6162,0.44,0.7331,0.9048,0.6162,0.44
1924665 Uchida Brothers - Oosanbashi (Irohachou) [Kantan],162,10,0.6364,0.821,0.5195,0.88,0.5988,0.9259,0.4425,0.48,0.5125,0.8827,0.3611,0.28,0.4966,0.6728,0.3935,0.88,0.5698,0.9198,0.4127,0.36,0.5988,0.9259,0.4425,0.48,0.5988,0.9259,0.4425,0.48
1924665 Uchida Brothers - Oosanbashi (Irohachou) [Maimai's Inner Oni],656,10,0.8534,0.8338,0.8738,0.44,0.8421,0.8415,0.8427,0.12,0.7736,0.8308,0.7238,0.08,0.8631,0.8216,0.9089,0.64,0.8276,0.8491,0.8072,0.08,0.8421,0.8415,0.8427,0.12,0.8421,0.8415,0.8427,0.12
1924665 Uchida Brothers - Oosanbashi (Irohachou) [Muzukashii],360,10,0.7757,0.9222,0.6694,0.72,0.7268,0.7611,0.6954,0.4,0.6879,0.8111,0.5971,0.2,0.7738,0.9694,0.6439,0.72,0.7192,0.7611,0.6816,0.32,0.7268,0.7611,0.6954,0.4,0.7268,0.7611,0.6954,0.4
1924665 Uchida Brothers - Oosanbashi (Irohachou) [Oni],487,10,0.8627,0.8706,0.8548,0.72,0.8342,0.9405,0.7496,0.16,0.775,0.8275,0.7288,0.16,0.8941,0.9446,0.8487,0.72,0.8121,0.9097,0.7334,0.12,0.8342,0.9405,0.7496,0.16,0.8342,0.9405,0.7496,0.16
1935971 55x55 - TIPA PRIVIDENIYE (feat. Utopia Show) (Cut Ver.) [FUTSUU],96,10,0.5882,0.7812,0.4717,0.84,0.5878,0.8542,0.4481,0.44,0.4489,0.8229,0.3086,0.28,0.5756,0.8125,0.4457,0.64,0.5725,0.7812,0.4518,0.36,0.5878,0.8542,0.4481,0.44,0.5878,0.8542,0.4481,0.44
1935971 55x55 - TIPA PRIVIDENIYE (feat. Utopia Show) (Cut Ver.) [KANTAN],58,10,0.3871,0.7241,0.2642,0.84,0.4769,0.5345,0.4306,0.8,0.432,0.4655,0.403,0.88,0.3645,0.6379,0.2552,0.72,0.4649,0.7414,0.3386,0.48,0.4769,0.5345,0.4306,0.8,0.4769,0.5345,0.4306,0.8
1935971 55x55 - TIPA PRIVIDENIYE (feat. Utopia Show) (Cut Ver.) [MUZUKASHII],142,10,0.7309,0.7746,0.6918,0.84,0.7385,0.8451,0.6557,0.44,0.5941,0.7113,0.5101,0.36,0.7256,0.8099,0.6571,0.64,0.7143,0.7746,0.6627,0.36,0.7385,0.8451,0.6557,0.44,0.7385,0.8451,0.6557,0.44
1935971 55x55 - TIPA PRIVIDENIYE (feat. Utopia Show) (Cut Ver.) [ONI],169,10,0.7602,0.7692,0.7514,0.8,0.7557,0.787,0.7268,0.44,0.6259,0.787,0.5195,0.28,0.7514,0.8047,0.7047,0.56,0.7045,0.6982,0.7108,0.36,0.7557,0.787,0.7268,0.44,0.7557,0.787,0.7268,0.44
1946853 Chino (CV_ Inori Minase) - Okashi na Yume o Ohitotsu Douzo [BF's Muzukashii],872,10,0.7504,0.8154,0.695,0.84,0.8017,0.844,0.7635,0.4,0.7484,0.8578,0.6637,0.24,0.742,0.8326,0.6691,0.8,0.7768,0.8819,0.694,0.24,0.8017,0.844,0.7635,0.4,0.8017,0.844,0.7635,0.4
1946853 Chino (CV_ Inori Minase) - Okashi na Yume o Ohitotsu Douzo [Edward's Oni],1246,10,0.7764,0.8234,0.7344,0.72,0.8354,0.825,0.8461,0.24,0.7845,0.8226,0.7498,0.16,0.7728,0.7889,0.7573,0.72,0.8051,0.8339,0.7783,0.16,0.8354,0.825,0.8461,0.24,0.8354,0.825,0.8461,0.24
1946853 Chino (CV_ Inori Minase) - Okashi na Yume o Ohitotsu Douzo [Sweet Dream],1650,10,0.7941,0.7794,0.8093,0.52,0.8117,0.7261,0.9201,0.2,0.7692,0.7533,0.7857,0.12,0.801,0.8,0.8019,0.44,0.7792,0.7048,0.8712,0.16,0.8117,0.7261,0.9201,0.2,0.8117,0.7261,0.9201,0.2
1949363 Diplo - Express Yourself (feat. Nicky Da B) [Saint Punk Remix] (Nightcore Mix) [Futsuu],339,10,0.4829,0.8555,0.3364,0.92,0.389,0.9381,0.2454,0.24,0.363,0.9263,0.2257,0.12,0.3828,0.9174,0.2418,0.8,0.3581,0.9086,0.223,0.16,0.389,0.9381,0.2454,0.24,0.389,0.9381,0.2454,0.24
1949363 Diplo - Express Yourself (feat. Nicky Da B) [Saint Punk Remix] (Nightcore Mix) [Inner Oni],1217,10,0.827,0.88,0.78,0.76,0.8656,0.9474,0.7968,0.2,0.8425,0.9844,0.7363,0.08,0.8366,0.8874,0.7912,0.68,0.824,0.9441,0.7309,0.12,0.8656,0.9474,0.7968,0.2,0.8656,0.9474,0.7968,0.2
1949363 Diplo - Express Yourself (feat. Nicky Da B) [Saint Punk Remix] (Nightcore Mix) [Invisible's Expression],1296,10,0.832,0.8673,0.7994,0.64,0.8895,0.9414,0.8431,0.2,0.8724,0.9838,0.7837,0.08,0.844,0.8665,0.8227,0.68,0.8431,0.9329,0.7691,0.12,0.8895,0.9414,0.8431,0.2,0.8895,0.9414,0.8431,0.2
1949363 Diplo - Express Yourself (feat. Nicky Da B) [Saint Punk Remix] (Nightcore Mix) [Kantan],217,10,0.3726,0.9263,0.2332,0.92,0.2843,0.8157,0.1722,0.32,0.2653,0.8387,0.1576,0.16,0.2791,0.8571,0.1667,0.84,0.2478,0.9124,0.1434,0.16,0.2843,0.8157,0.1722,0.32,0.2843,0.8157,0.1722,0.32
1949363 Diplo - Express Yourself (feat. Nicky Da B) [Saint Punk Remix] (Nightcore Mix) [Muzukashii],575,10,0.604,0.7548,0.5035,0.92,0.5633,0.9165,0.4066,0.24,0.531,0.9078,0.3753,0.12,0.5642,0.913,0.4082,0.8,0.5368,0.913,0.3802,0.16,0.5633,0.9165,0.4066,0.24,0.5633,0.9165,0.4066,0.24
1949363 Diplo - Express Yourself (feat. Nicky Da B) [Saint Punk Remix] (Nightcore Mix) [Oni],778,10,0.7078,0.8766,0.5936,0.88,0.6751,0.9653,0.519,0.2,0.642,0.9923,0.4745,0.08,0.6938,0.9203,0.5568,0.8,0.6281,0.9486,0.4695,0.12,0.6751,0.9653,0.519,0.2,0.6751,0.9653,0.519,0.2
1959415 Archspire - Fathom Infinite Depth [The Unfathomable Depth of Hell],3195,10,0.887,0.8466,0.9315,0.64,0.8702,0.9268,0.8202,0.16,0.7744,0.9236,0.6667,0.08,0.8927,0.8491,0.941,0.68,0.8203,0.8629,0.7817,0.16,0.8702,0.9268,0.8202,0.16,0.8702,0.9268,0.8202,0.16
"1963602 JAGER - I Won't Fall Apart [I'm Telling You, I Won't Fall Apart]",1712,10,0.8243,0.8931,0.7653,0.76,0.8417,0.9165,0.7783,0.24,0.7065,0.8318,0.6141,0.28,0.8066,0.9089,0.7251,0.68,0.7911,0.8762,0.7212,0.2,0.8417,0.9165,0.7783,0.24,0.8417,0.9165,0.7783,0.24
1963847 Zekk - Duplication [Facsimile],1143,10,0.7793,0.8836,0.697,0.52,0.7763,0.797,0.7566,0.28,0.7126,0.7192,0.7062,0.28,0.7928,0.902,0.7071,0.4,0.7533,0.7839,0.7249,0.24,0.7763,0.797,0.7566,0.28,0.7763,0.797,0.7566,0.28
1963847 Zekk - Duplication [Futsuu],382,10,0.5462,0.6963,0.4493,0.92,0.6468,0.7958,0.5448,0.52,0.518,0.7539,0.3945,0.4,0.4853,0.7801,0.3522,0.84,0.6258,0.7356,0.5446,0.48,0.6468,0.7958,0.5448,0.52,0.6468,0.7958,0.5448,0.52
1963847 Zekk - Duplication [Inner Oni],948,10,0.7343,0.9283,0.6073,0.52,0.7701,0.7542,0.7866,0.36,0.6989,0.7785,0.634,0.28,0.7398,0.9388,0.6104,0.4,0.7423,0.7247,0.7608,0.32,0.7701,0.7542,0.7866,0.36,0.7701,0.7542,0.7866,0.36
1963847 Zekk - Duplication [Kantan],234,10,0.431,0.7607,0.3007,0.92,0.4979,0.765,0.3691,0.56,0.4033,0.735,0.2779,0.44,0.3561,0.7009,0.2387,0.88,0.5043,0.7436,0.3816,0.52,0.4979,0.765,0.3691,0.56,0.4979,0.765,0.3691,0.56
1963847 Zekk - Duplication [Lite Oni],656,10,0.6,0.8689,0.4582,0.64,0.7189,0.7973,0.6546,0.4,0.6396,0.8049,0.5307,0.32,0.6103,0.8811,0.4669,0.56,0.6872,0.747,0.6364,0.36,0.7189,0.7973,0.6546,0.4,0.7189,0.7973,0.6546,0.4
1963847 Zekk - Duplication [Muzukashii],512,10,0.5815,0.627,0.5422,0.92,0.6935,0.7246,0.6649,0.52,0.5874,0.7715,0.4742,0.36,0.5434,0.7207,0.4362,0.84,0.6618,0.7109,0.619,0.44,0.6935,0.7246,0.6649,0.52,0.6935,0.7246,0.6649,0.52
1963847 Zekk - Duplication [Oni],805,10,0.67,0.9143,0.5287,0.56,0.7581,0.7553,0.761,0.4,0.6833,0.764,0.6181,0.32,0.6735,0.8547,0.5557,0.56,0.7213,0.7652,0.6822,0.32,0.7581,0.7553,0.761,0.4,0.7581,0.7553,0.761,0.4
1969255 moro - Deaf-mutes [Lunatic Oni],2858,10,0.7573,0.7925,0.725,0.0,0.7752,0.732,0.8239,0.2,0.6667,0.7379,0.608,0.12,0.7458,0.7614,0.7309,0.0,0.7539,0.7215,0.7894,0.16,0.7752,0.732,0.8239,0.2,0.7752,0.732,0.8239,0.2
1973329 gingus - hit the quan [futsuu],244,10,0.4955,0.5656,0.4409,0.88,0.5167,0.8852,0.3649,0.28,0.4296,0.8689,0.2853,0.16,0.4515,0.7623,0.3207,0.72,0.5077,0.8811,0.3566,0.2,0.5167,0.8852,0.3649,0.28,0.5167,0.8852,0.3649,0.28
1973329 gingus - hit the quan [kantan],131,10,0.3268,0.8931,0.2,0.8,0.337,0.4733,0.2616,0.68,0.2897,0.3969,0.2281,0.6,0.3263,0.8855,0.2,0.72,0.3523,0.4962,0.2731,0.6,0.337,0.4733,0.2616,0.68,0.337,0.4733,0.2616,0.68
1973329 gingus - hit the quan [muzukashii],389,10,0.6571,0.8226,0.547,0.8,0.6647,0.8817,0.5334,0.24,0.5671,0.8252,0.432,0.16,0.6034,0.8098,0.4809,0.68,0.6431,0.8201,0.529,0.2,0.6647,0.8817,0.5334,0.24,0.6647,0.8817,0.5334,0.24
1973329 gingus - hit the quan [oni],476,10,0.7138,0.8592,0.6104,0.76,0.7167,0.8424,0.6236,0.24,0.6153,0.7878,0.5047,0.16,0.6792,0.8761,0.5545,0.6,0.6895,0.7815,0.6169,0.2,0.7167,0.8424,0.6236,0.24,0.7167,0.8424,0.6236,0.24
1973329 gingus - hit the quan [swing your arm],597,10,0.7649,0.8392,0.7027,0.72,0.7396,0.804,0.6847,0.2,0.6239,0.7002,0.5626,0.16,0.7413,0.8375,0.6649,0.6,0.7078,0.7688,0.6557,0.16,0.7396,0.804,0.6847,0.2,0.7396,0.804,0.6847,0.2
"1975684 Makino Yui, Fuchigami Mai, Tsuda Minami, Aoki Ruriko, Oozora Naomi - Love Destiny (Game Ver.) [DEBUT]",151,10,0.4042,0.7682,0.2742,0.84,0.428,0.7086,0.3066,0.56,0.3794,0.7086,0.2591,0.4,0.3895,0.7351,0.2649,0.8,0.4208,0.6689,0.307,0.48,0.428,0.7086,0.3066,0.56,0.428,0.7086,0.3066,0.56
"1975684 Makino Yui, Fuchigami Mai, Tsuda Minami, Aoki Ruriko, Oozora Naomi - Love Destiny (Game Ver.) [MASTER+]",606,10,0.7986,0.9125,0.7099,0.72,0.8183,0.8878,0.7588,0.28,0.7632,0.8482,0.6937,0.24,0.7861,0.8003,0.7723,0.72,0.7841,0.8927,0.699,0.2,0.8183,0.8878,0.7588,0.28,0.8183,0.8878,0.7588,0.28
"1975684 Makino Yui, Fuchigami Mai, Tsuda Minami, Aoki Ruriko, Oozora Naomi - Love Destiny (Game Ver.) [MASTER]",497,10,0.7194,0.9235,0.5892,0.72,0.7682,0.8471,0.7028,0.36,0.7239,0.8229,0.6461,0.28,0.7344,0.7565,0.7135,0.76,0.7356,0.7726,0.702,0.32,0.7682,0.8471,0.7028,0.36,0.7682,0.8471,0.7028,0.36
"1975684 Makino Yui, Fuchigami Mai, Tsuda Minami, Aoki Ruriko, Oozora Naomi - Love Destiny (Game Ver.) [PRO]",372,10,0.6111,0.7688,0.5071,0.8,0.6838,0.8925,0.5543,0.36,0.6537,0.8145,0.5459,0.32,0.6407,0.7742,0.5465,0.76,0.6552,0.8737,0.5242,0.28,0.6838,0.8925,0.5543,0.36,0.6838,0.8925,0.5543,0.36
"1975684 Makino Yui, Fuchigami Mai, Tsuda Minami, Aoki Ruriko, Oozora Naomi - Love Destiny (Game Ver.) [REGULAR]",265,10,0.5356,0.8377,0.3936,0.8,0.6221,0.7208,0.5473,0.56,0.587,0.7509,0.4818,0.4,0.548,0.8189,0.4118,0.76,0.6045,0.7094,0.5266,0.44,0.6221,0.7208,0.5473,0.56,0.6221,0.7208,0.5473,0.56
1979046 MikitoP feat. Kagamine Rin - Roki (7_7's frenchcore() bootleg) [Axer's Oni],998,10,0.7959,0.8477,0.75,0.88,0.7721,0.8096,0.7379,0.4,0.7329,0.8016,0.6751,0.36,0.7793,0.7766,0.782,0.88,0.7407,0.7786,0.7064,0.36,0.7721,0.8096,0.7379,0.4,0.7721,0.8096,0.7379,0.4
1979046 MikitoP feat. Kagamine Rin - Roki (7_7's frenchcore() bootleg) [Futsuu],582,10,0.6804,0.7663,0.6118,0.92,0.651,0.8797,0.5166,0.44,0.6078,0.9227,0.4532,0.36,0.6678,0.6598,0.6761,0.92,0.6086,0.8162,0.4852,0.4,0.651,0.8797,0.5166,0.44,0.651,0.8797,0.5166,0.44
1979046 MikitoP feat. Kagamine Rin - Roki (7_7's frenchcore() bootleg) [Hell Oni],1410,10,0.8009,0.7688,0.8358,0.84,0.7736,0.739,0.8115,0.32,0.7442,0.7213,0.7687,0.32,0.832,0.8567,0.8086,0.8,0.7508,0.7426,0.7592,0.28,0.7736,0.739,0.8115,0.32,0.7736,0.739,0.8115,0.32
1979046 MikitoP feat. Kagamine Rin - Roki (7_7's frenchcore() bootleg) [HiroK's Inner Oni],1202,10,0.8267,0.8594,0.7965,0.84,0.803,0.7987,0.8074,0.36,0.7636,0.802,0.7286,0.32,0.8315,0.8885,0.7813,0.84,0.778,0.787,0.7691,0.32,0.803,0.7987,0.8074,0.36,0.803,0.7987,0.8074,0.36
1979046 MikitoP feat. Kagamine Rin - Roki (7_7's frenchcore() bootleg) [Law's Distortion],1581,10,0.8093,0.7824,0.8381,0.76,0.7767,0.7306,0.8291,0.28,0.757,0.8691,0.6706,0.16,0.8557,0.8495,0.862,0.76,0.7635,0.7147,0.8194,0.28,0.7767,0.7306,0.8291,0.28,0.7767,0.7306,0.8291,0.28
1979046 MikitoP feat. Kagamine Rin - Roki (7_7's frenchcore() bootleg) [Muzukashii],767,10,0.7219,0.704,0.7407,0.92,0.7315,0.8879,0.6219,0.4,0.6834,0.8696,0.5629,0.36,0.7201,0.8253,0.6387,0.88,0.6867,0.8357,0.5827,0.36,0.7315,0.8879,0.6219,0.4,0.7315,0.8879,0.6219,0.4
1979046 MikitoP feat. Kagamine Rin - Roki (7_7's frenchcore() bootleg) [arc's Kantan],299,10,0.6028,0.7793,0.4916,0.96,0.4206,0.602,0.3232,0.6,0.3728,0.8428,0.2393,0.4,0.5352,0.7759,0.4085,0.92,0.4132,0.5853,0.3193,0.56,0.4206,0.602,0.3232,0.6,0.4206,0.602,0.3232,0.6
1983475 KNOWER - The Government Knows [Futsuu],505,10,0.4772,0.4455,0.5137,0.92,0.5981,0.7663,0.4905,0.44,0.4286,0.7604,0.2984,0.28,0.4543,0.5168,0.4053,0.88,0.5724,0.6772,0.4957,0.44,0.5981,0.7663,0.4905,0.44,0.5981,0.7663,0.4905,0.44
1983475 KNOWER - The Government Knows [Inner Oni],1188,10,0.7119,0.7811,0.654,0.72,0.7342,0.814,0.6687,0.28,0.5587,0.7769,0.4362,0.2,0.7153,0.7879,0.655,0.68,0.7001,0.734,0.6692,0.28,0.7342,0.814,0.6687,0.28,0.7342,0.814,0.6687,0.28
1983475 KNOWER - The Government Knows [Kantan],261,10,0.4092,0.5479,0.3265,0.92,0.4715,0.7778,0.3383,0.52,0.3049,0.5747,0.2075,0.4,0.3501,0.4943,0.271,0.92,0.4742,0.7739,0.3418,0.48,0.4715,0.7778,0.3383,0.52,0.4715,0.7778,0.3383,0.52
1983475 KNOWER - The Government Knows [Muzukashii],770,10,0.5615,0.7442,0.4508,0.76,0.6706,0.8039,0.5753,0.36,0.5007,0.6688,0.4002,0.28,0.5784,0.826,0.4451,0.68,0.6319,0.7623,0.5395,0.32,0.6706,0.8039,0.5753,0.36,0.6706,0.8039,0.5753,0.36
1983475 KNOWER - The Government Knows [Oni],925,10,0.6211,0.7373,0.5366,0.76,0.7266,0.7859,0.6757,0.36,0.547,0.6541,0.4701,0.28,0.6355,0.8086,0.5234,0.68,0.6915,0.7524,0.6397,0.32,0.7266,0.7859,0.6757,0.36,0.7266,0.7859,0.6757,0.36
1993097 Dan Salvato - 10-yuri [help me],102,10,0.3466,0.598,0.244,0.16,0.3846,0.5392,0.2989,0.68,0.6161,0.6373,0.5963,0.8,0.128,0.0784,0.3478,0.36,0.3515,0.7255,0.232,0.4,0.3846,0.5392,0.2989,0.68,0.3846,0.5392,0.2989,0.68
1993582 Denkishiki Karen Ongaku Shuudan - Elder Things [Green's Futsuu],682,10,0.4652,0.8827,0.3158,0.88,0.5965,0.7977,0.4764,0.44,0.5589,0.7683,0.4392,0.36,0.411,0.7683,0.2805,0.84,0.589,0.7522,0.484,0.4,0.5965,0.7977,0.4764,0.44,0.5965,0.7977,0.4764,0.44
1993582 Denkishiki Karen Ongaku Shuudan - Elder Things [Green's Kantan],379,10,0.2888,0.8707,0.1731,0.88,0.3912,0.6306,0.2835,0.52,0.368,0.6016,0.2651,0.44,0.2528,0.7493,0.152,0.84,0.3899,0.6544,0.2777,0.44,0.3912,0.6306,0.2835,0.52,0.3912,0.6306,0.2835,0.52
1993582 Denkishiki Karen Ongaku Shuudan - Elder Things [Inner Oni],1906,10,0.8572,0.9355,0.791,0.76,0.8542,0.9098,0.805,0.28,0.8233,0.8667,0.7841,0.24,0.8087,0.873,0.7533,0.68,0.7737,0.7765,0.7708,0.28,0.8542,0.9098,0.805,0.28,0.8542,0.9098,0.805,0.28
1993582 Denkishiki Karen Ongaku Shuudan - Elder Things [Muzukashii],1027,10,0.5994,0.8559,0.4612,0.88,0.7234,0.8199,0.6472,0.4,0.6867,0.814,0.5938,0.32,0.5372,0.8121,0.4013,0.8,0.6841,0.7624,0.6204,0.36,0.7234,0.8199,0.6472,0.4,0.7234,0.8199,0.6472,0.4
1993582 Denkishiki Karen Ongaku Shuudan - Elder Things [Oni],1485,10,0.7596,0.9481,0.6337,0.8,0.8075,0.8249,0.7908,0.36,0.7763,0.8411,0.7207,0.28,0.6986,0.864,0.5864,0.72,0.7413,0.8498,0.6573,0.28,0.8075,0.8249,0.7908,0.36,0.8075,0.8249,0.7908,0.36
1997221 Radiohead - Idioteque [Oni],1154,10,0.695,0.8795,0.5744,0.72,0.6941,0.825,0.5991,0.2,0.6021,0.5659,0.6433,0.28,0.6796,0.792,0.5951,0.64,0.6757,0.7374,0.6234,0.16,0.6941,0.825,0.5991,0.2,0.6941,0.825,0.5991,0.2
1998016 isonosuke - Baka Tsuushin (feat. Chis-A) [Futsuu],418,10,0.5601,0.8301,0.4227,0.84,0.6424,0.8876,0.5034,0.36,0.5671,0.799,0.4395,0.24,0.46,0.7488,0.3319,0.76,0.6283,0.8086,0.5137,0.32,0.6424,0.8876,0.5034,0.36,0.6424,0.8876,0.5034,0.36
1998016 isonosuke - Baka Tsuushin (feat. Chis-A) [Inner Oni],1178,10,0.8119,0.8226,0.8015,0.52,0.8336,0.8039,0.8656,0.2,0.7676,0.7895,0.747,0.12,0.7512,0.7691,0.7342,0.36,0.7845,0.7725,0.7968,0.16,0.8336,0.8039,0.8656,0.2,0.8336,0.8039,0.8656,0.2
1998016 isonosuke - Baka Tsuushin (feat. Chis-A) [Kantan],247,10,0.3839,0.83,0.2497,0.84,0.4607,0.8543,0.3154,0.4,0.3972,0.8097,0.2632,0.24,0.3048,0.664,0.1978,0.8,0.4537,0.7733,0.321,0.36,0.4607,0.8543,0.3154,0.4,0.4607,0.8543,0.3154,0.4
1998016 isonosuke - Baka Tsuushin (feat. Chis-A) [Muzukashii],638,10,0.7073,0.8088,0.6285,0.84,0.7594,0.8683,0.6748,0.32,0.6861,0.8135,0.5931,0.2,0.6061,0.7947,0.4899,0.72,0.7322,0.8464,0.6452,0.24,0.7594,0.8683,0.6748,0.32,0.7594,0.8683,0.6748,0.32
1998016 isonosuke - Baka Tsuushin (feat. Chis-A) [Oni],987,10,0.8044,0.8855,0.7369,0.6,0.8457,0.8916,0.8044,0.2,0.7661,0.8663,0.6867,0.12,0.7324,0.8126,0.6667,0.52,0.7938,0.8561,0.7399,0.16,0.8457,0.8916,0.8044,0.2,0.8457,0.8916,0.8044,0.2
1998016 isonosuke - Baka Tsuushin (feat. Chis-A) [Terminally Online],1429,10,0.7991,0.7376,0.8718,0.52,0.802,0.7411,0.8738,0.16,0.7426,0.7691,0.7178,0.08,0.757,0.7054,0.8169,0.36,0.7713,0.76,0.783,0.12,0.802,0.7411,0.8738,0.16,0.802,0.7411,0.8738,0.16
1998016 isonosuke - Baka Tsuushin (feat. Chis-A) [Ura Oni],1351,10,0.8141,0.7713,0.8619,0.52,0.8225,0.7802,0.8696,0.16,0.7612,0.7313,0.7936,0.12,0.7636,0.7306,0.7998,0.36,0.7772,0.7876,0.7671,0.12,0.8225,0.7802,0.8696,0.16,0.8225,0.7802,0.8696,0.16
2009040 Dragon Guardian - Ankoku Butoukai [Dancing in the Night under the Black Moon],3056,10,0.9025,0.9038,0.9011,0.88,0.8872,0.874,0.9008,0.32,0.8325,0.8318,0.8332,0.16,0.9077,0.9041,0.9113,0.84,0.7966,0.806,0.7874,0.36,0.8872,0.874,0.9008,0.32,0.8872,0.874,0.9008,0.32
2018338 Slax - Lolly Tomboy [Futsuu],908,10,0.5709,0.5562,0.5865,0.96,0.7355,0.7919,0.6867,0.48,0.6949,0.8304,0.5975,0.32,0.6281,0.7291,0.5517,0.92,0.738,0.7632,0.7144,0.4,0.7355,0.7919,0.6867,0.48,0.7355,0.7919,0.6867,0.48
2018338 Slax - Lolly Tomboy [Kantan],499,10,0.5412,0.7375,0.4274,0.96,0.6396,0.8357,0.518,0.6,0.5771,0.8096,0.4484,0.44,0.518,0.8818,0.3667,0.92,0.6261,0.8878,0.4836,0.44,0.6396,0.8357,0.518,0.6,0.6396,0.8357,0.518,0.6
2018338 Slax - Lolly Tomboy [Muzukashii],1276,10,0.5825,0.6183,0.5506,0.88,0.7996,0.9365,0.6976,0.24,0.7479,0.8973,0.6411,0.2,0.6381,0.6191,0.6583,0.92,0.778,0.8926,0.6895,0.2,0.7996,0.9365,0.6976,0.24,0.7996,0.9365,0.6976,0.24
2018338 Slax - Lolly Tomboy [Oni],1674,10,0.6562,0.7587,0.5781,0.44,0.8397,0.8495,0.8301,0.24,0.7919,0.8184,0.7671,0.2,0.6866,0.8315,0.5846,0.2,0.8178,0.8124,0.8232,0.2,0.8397,0.8495,0.8301,0.24,0.8397,0.8495,0.8301,0.24
2018338 Slax - Lolly Tomboy [Queendom],1954,10,0.702,0.7456,0.6632,0.44,0.805,0.7554,0.8616,0.24,0.7578,0.7252,0.7934,0.2,0.7345,0.8147,0.6686,0.2,0.7893,0.7794,0.7995,0.16,0.805,0.7554,0.8616,0.24,0.805,0.7554,0.8616,0.24
2019768 Helblinde - Little Busters Forever [2199's Oni],1783,10,0.7841,0.8603,0.7202,0.8,0.8049,0.8435,0.7697,0.32,0.6963,0.8334,0.598,0.24,0.789,0.8514,0.7351,0.8,0.7651,0.7908,0.7409,0.28,0.8049,0.8435,0.7697,0.32,0.8049,0.8435,0.7697,0.32
2019768 Helblinde - Little Busters Forever [All for you],2286,10,0.8166,0.8171,0.8161,0.76,0.7806,0.7892,0.7723,0.24,0.6757,0.7052,0.6487,0.24,0.8188,0.7988,0.8399,0.76,0.7495,0.7852,0.7169,0.2,0.7806,0.7892,0.7723,0.24,0.7806,0.7892,0.7723,0.24
2032925 Camellia - Purge My Existence Out Of This World (feat. BTMC) [Exit This Earth's Atomosphere],2034,10,0.7035,0.7566,0.6574,0.64,0.6697,0.8324,0.5602,0.24,0.4976,0.8333,0.3547,0.12,0.6823,0.7724,0.611,0.44,0.6402,0.6588,0.6227,0.28,0.6697,0.8324,0.5602,0.24,0.6697,0.8324,0.5602,0.24
2033808 sekai - BUG [Futsuu],551,10,0.6771,0.9038,0.5413,0.88,0.7334,0.8512,0.6442,0.28,0.6137,0.8276,0.4877,0.16,0.58,0.8385,0.4434,0.84,0.701,0.8276,0.608,0.2,0.7334,0.8512,0.6442,0.28,0.7334,0.8512,0.6442,0.28
2033808 sekai - BUG [Kantan],306,10,0.4686,0.732,0.3446,0.92,0.5551,0.9379,0.3942,0.28,0.4464,0.9052,0.2963,0.16,0.3783,0.8333,0.2447,0.84,0.5114,0.8824,0.36,0.2,0.5551,0.9379,0.3942,0.28,0.5551,0.9379,0.3942,0.28
2033808 sekai - BUG [Muzukashii],750,10,0.7563,0.9227,0.6407,0.84,0.8033,0.9067,0.7211,0.2,0.6824,0.8693,0.5616,0.12,0.6772,0.884,0.5488,0.76,0.771,0.8573,0.7004,0.16,0.8033,0.9067,0.7211,0.2,0.8033,0.9067,0.7211,0.2
2033808 sekai - BUG [Oni],960,10,0.793,0.9177,0.6981,0.68,0.8219,0.8146,0.8293,0.2,0.7129,0.7875,0.6512,0.12,0.7308,0.8781,0.6258,0.56,0.7774,0.7604,0.7952,0.16,0.8219,0.8146,0.8293,0.2,0.8219,0.8146,0.8293,0.2
2033808 sekai - BUG [Paranoia],1185,10,0.8285,0.8599,0.7992,0.64,0.8012,0.7857,0.8174,0.16,0.7031,0.8422,0.6034,0.08,0.7788,0.8321,0.732,0.56,0.7462,0.7654,0.7279,0.12,0.8012,0.7857,0.8174,0.16,0.8012,0.7857,0.8174,0.16
2039585 senya - Saihate no Kotoba [Green's Taiko Stage],2401,10,0.7332,0.88,0.6283,0.44,0.7546,0.7855,0.7259,0.28,0.6309,0.8713,0.4944,0.12,0.6863,0.7713,0.6182,0.48,0.6711,0.6718,0.6704,0.28,0.7546,0.7855,0.7259,0.28,0.7546,0.7855,0.7259,0.28
2041932 Nor - Up to 21C [2199's Oni],597,10,0.75,0.9146,0.6356,0.4,0.8155,0.8995,0.7458,0.2,0.6531,0.6717,0.6355,0.2,0.673,0.8258,0.568,0.16,0.7997,0.8358,0.7665,0.16,0.8155,0.8995,0.7458,0.2,0.8155,0.8995,0.7458,0.2
2041932 Nor - Up to 21C [Futsuu],339,10,0.5531,0.5605,0.546,0.88,0.6681,0.8938,0.5335,0.28,0.5399,0.708,0.4364,0.24,0.4667,0.7965,0.3301,0.28,0.6587,0.8142,0.5531,0.24,0.6681,0.8938,0.5335,0.28,0.6681,0.8938,0.5335,0.28
2041932 Nor - Up to 21C [Kantan],198,10,0.4566,0.5051,0.4167,0.92,0.5068,0.7576,0.3807,0.44,0.387,0.4798,0.3242,0.48,0.3031,0.7778,0.1883,0.28,0.4916,0.7374,0.3687,0.32,0.5068,0.7576,0.3807,0.44,0.5068,0.7576,0.3807,0.44
2041932 Nor - Up to 21C [Muzukashii],505,10,0.6822,0.897,0.5504,0.44,0.7605,0.8079,0.7183,0.28,0.6215,0.699,0.5594,0.2,0.6078,0.8178,0.4836,0.2,0.7418,0.7881,0.7007,0.2,0.7605,0.8079,0.7183,0.28,0.7605,0.8079,0.7183,0.28
2041932 Nor - Up to 21C [Usagi Oni],743,10,0.7865,0.8479,0.7334,0.4,0.8151,0.8546,0.7791,0.16,0.6523,0.6541,0.6506,0.16,0.7268,0.8022,0.6644,0.08,0.7966,0.8143,0.7796,0.12,0.8151,0.8546,0.7791,0.16,0.8151,0.8546,0.7791,0.16
2043506 Ling tosite sigure - abnormalize (TV Size) [Futsuu],304,10,0.5691,0.7039,0.4777,0.88,0.632,0.7796,0.5314,0.36,0.477,0.6316,0.3832,0.28,0.5726,0.7007,0.4841,0.84,0.5613,0.648,0.495,0.36,0.632,0.7796,0.5314,0.36,0.632,0.7796,0.5314,0.36
2043506 Ling tosite sigure - abnormalize (TV Size) [Kantan],133,10,0.502,0.4812,0.5246,0.96,0.4401,0.594,0.3496,0.52,0.2879,0.5564,0.1942,0.32,0.4422,0.5038,0.3941,0.92,0.4071,0.5188,0.335,0.52,0.4401,0.594,0.3496,0.52,0.4401,0.594,0.3496,0.52
2043506 Ling tosite sigure - abnormalize (TV Size) [Muzukashii],377,10,0.6279,0.7878,0.522,0.84,0.6565,0.7984,0.5574,0.32,0.5013,0.7958,0.3659,0.2,0.6182,0.756,0.5229,0.8,0.5797,0.8011,0.4541,0.28,0.6565,0.7984,0.5574,0.32,0.6565,0.7984,0.5574,0.32
2043506 Ling tosite sigure - abnormalize (TV Size) [Oni],437,10,0.674,0.7757,0.5958,0.84,0.6612,0.7391,0.5981,0.32,0.5123,0.7368,0.3927,0.2,0.6628,0.7941,0.5689,0.76,0.5935,0.7483,0.4917,0.28,0.6612,0.7391,0.5981,0.32,0.6612,0.7391,0.5981,0.32
2043541 Eri Sasaki - Last Diary [Futsuu],261,10,0.5182,0.5172,0.5192,0.88,0.7471,0.8544,0.6637,0.4,0.6149,0.7433,0.5243,0.28,0.5298,0.5287,0.5308,0.84,0.7076,0.8391,0.6117,0.32,0.7471,0.8544,0.6637,0.4,0.7471,0.8544,0.6637,0.4
2043541 Eri Sasaki - Last Diary [Kantan],137,10,0.4133,0.4526,0.3804,0.92,0.5817,0.8832,0.4337,0.48,0.4455,0.7153,0.3234,0.32,0.417,0.3942,0.4426,0.92,0.5377,0.781,0.41,0.44,0.5817,0.8832,0.4337,0.48,0.5817,0.8832,0.4337,0.48
2043541 Eri Sasaki - Last Diary [Muzukashii],366,10,0.6276,0.8197,0.5085,0.64,0.8184,0.8989,0.7511,0.28,0.6576,0.724,0.6023,0.24,0.6356,0.765,0.5437,0.68,0.7674,0.8115,0.7279,0.28,0.8184,0.8989,0.7511,0.28,0.8184,0.8989,0.7511,0.28
2043541 Eri Sasaki - Last Diary [Recollection],438,10,0.6712,0.7877,0.5847,0.64,0.863,0.863,0.863,0.28,0.6788,0.6804,0.6773,0.24,0.6695,0.7283,0.6194,0.68,0.7815,0.8082,0.7564,0.24,0.863,0.863,0.863,0.28,0.863,0.863,0.863,0.28
2045740 Tartarate - Tartarate #Iebu FINAL [Re: Memories of Summer],15704,10,0.7763,0.7847,0.7682,0.68,0.771,0.7933,0.7498,0.24,0.6833,0.8526,0.57,0.12,0.7491,0.7709,0.7284,0.6,0.735,0.8234,0.6638,0.2,0.771,0.7933,0.7498,0.24,0.771,0.7933,0.7498,0.24
2048910 Zeami - Purple Rose Fusion [Futsuu],400,10,0.5911,0.8925,0.4418,0.8,0.6673,0.8475,0.5503,0.56,0.4738,0.7575,0.3447,0.44,0.5726,0.725,0.4731,0.84,0.6395,0.805,0.5305,0.48,0.6673,0.8475,0.5503,0.56,0.6673,0.8475,0.5503,0.56
2048910 Zeami - Purple Rose Fusion [HeLLFly's Inner Oni],895,10,0.8083,0.8056,0.811,0.76,0.7942,0.7352,0.8635,0.44,0.5776,0.686,0.4988,0.36,0.7856,0.7899,0.7812,0.72,0.7526,0.7408,0.7647,0.36,0.7942,0.7352,0.8635,0.44,0.7942,0.7352,0.8635,0.44
2048910 Zeami - Purple Rose Fusion [Kantan],234,10,0.4069,0.906,0.2624,0.8,0.4706,0.7863,0.3358,0.6,0.3163,0.7521,0.2002,0.44,0.3869,0.859,0.2497,0.76,0.4766,0.7821,0.3427,0.52,0.4706,0.7863,0.3358,0.6,0.4706,0.7863,0.3358,0.6
2048910 Zeami - Purple Rose Fusion [Muzukashii],535,10,0.7118,0.8935,0.5916,0.8,0.7544,0.8785,0.661,0.48,0.5365,0.7907,0.406,0.4,0.6861,0.9234,0.5459,0.72,0.7058,0.7981,0.6326,0.44,0.7544,0.8785,0.661,0.48,0.7544,0.8785,0.661,0.48
2048910 Zeami - Purple Rose Fusion [Oni],695,10,0.7838,0.8475,0.729,0.8,0.7881,0.7971,0.7792,0.48,0.5584,0.6978,0.4655,0.4,0.75,0.8633,0.663,0.72,0.7401,0.8317,0.6667,0.36,0.7881,0.7971,0.7792,0.48,0.7881,0.7971,0.7792,0.48
2048910 Zeami - Purple Rose Fusion [Ura Oni],894,10,0.8237,0.7841,0.8676,0.8,0.8035,0.764,0.8474,0.4,0.5732,0.6812,0.4947,0.36,0.7904,0.7953,0.7856,0.72,0.7689,0.7573,0.7809,0.36,0.8035,0.764,0.8474,0.4,0.8035,0.764,0.8474,0.4
2049213 Ryokuoushoku Shakai - Shout Baby (TV Size) [Futsuu],299,10,0.5932,0.7291,0.5,0.88,0.7642,0.8127,0.7211,0.4,0.6869,0.796,0.6041,0.28,0.5211,0.786,0.3897,0.8,0.7152,0.7893,0.6537,0.32,0.7642,0.8127,0.7211,0.4,0.7642,0.8127,0.7211,0.4
2049213 Ryokuoushoku Shakai - Shout Baby (TV Size) [Inner Oni],622,10,0.7323,0.7717,0.6967,0.76,0.743,0.746,0.74,0.24,0.6825,0.6704,0.695,0.2,0.6967,0.8071,0.6129,0.56,0.7018,0.7379,0.6691,0.2,0.743,0.746,0.74,0.24,0.743,0.746,0.74,0.24
2049213 Ryokuoushoku Shakai - Shout Baby (TV Size) [Kantan],167,10,0.4521,0.5928,0.3653,0.92,0.6142,0.7006,0.5467,0.56,0.5581,0.6467,0.4909,0.44,0.3606,0.7126,0.2414,0.84,0.5816,0.6826,0.5067,0.48,0.6142,0.7006,0.5467,0.56,0.6142,0.7006,0.5467,0.56
2049213 Ryokuoushoku Shakai - Shout Baby (TV Size) [Muzukashii],401,10,0.6398,0.8304,0.5203,0.8,0.793,0.8504,0.7429,0.32,0.697,0.7631,0.6415,0.24,0.5938,0.813,0.4677,0.76,0.727,0.6908,0.7673,0.32,0.793,0.8504,0.7429,0.32,0.793,0.8504,0.7429,0.32
2049213 Ryokuoushoku Shakai - Shout Baby (TV Size) [Oni],518,10,0.6978,0.7799,0.6312,0.8,0.7758,0.7317,0.8257,0.32,0.7013,0.7568,0.6533,0.2,0.6523,0.8185,0.5422,0.68,0.7143,0.7143,0.7143,0.24,0.7758,0.7317,0.8257,0.32,0.7758,0.7317,0.8257,0.32
2049742 DJ SHARPNEL - Zenon [Infinite Paradox],2677,10,0.77,0.8543,0.7009,0.76,0.784,0.8278,0.7446,0.32,0.699,0.7744,0.6371,0.28,0.7876,0.8476,0.7355,0.64,0.7279,0.7449,0.7116,0.32,0.784,0.8278,0.7446,0.32,0.784,0.8278,0.7446,0.32
2050794 Shiro SAGISU - Next Episode [Futsuu],78,10,0.4359,0.6538,0.3269,0.8,0.8235,0.8974,0.7609,0.36,0.6194,0.6154,0.6234,0.56,0.4413,0.6026,0.3481,0.72,0.7143,0.7051,0.7237,0.44,0.8235,0.8974,0.7609,0.36,0.8235,0.8974,0.7609,0.36
2050794 Shiro SAGISU - Next Episode [Kantan],38,10,0.2577,0.6579,0.1603,0.8,0.5841,0.8684,0.44,0.44,0.4,0.6053,0.2987,0.56,0.2245,0.5789,0.1392,0.68,0.466,0.6316,0.3692,0.48,0.5841,0.8684,0.44,0.44,0.5841,0.8684,0.44,0.44
2050794 Shiro SAGISU - Next Episode [Muzukashii],100,10,0.5,0.64,0.4103,0.8,0.8229,0.79,0.8587,0.36,0.6215,0.55,0.7143,0.56,0.5106,0.6,0.4444,0.72,0.7019,0.73,0.6759,0.36,0.8229,0.79,0.8587,0.36,0.8229,0.79,0.8587,0.36
2050794 Shiro SAGISU - Next Episode [Slyme's Redemption],155,10,0.6111,0.7806,0.5021,0.48,0.7509,0.6903,0.8231,0.28,0.5428,0.8387,0.4012,0.2,0.633,0.7677,0.5385,0.48,0.6766,0.729,0.6313,0.28,0.7509,0.6903,0.8231,0.28,0.7509,0.6903,0.8231,0.28
"2057206 HOYO-MiX feat. Chalili, TetraCalyx, Hanser - Moon Halo [Final Lesson]",576,10,0.4427,0.4028,0.4915,0.84,0.6355,0.6372,0.6339,0.36,0.4013,0.4219,0.3827,0.4,0.4288,0.5833,0.3391,0.4,0.5746,0.625,0.5318,0.32,0.6355,0.6372,0.6339,0.36,0.6355,0.6372,0.6339,0.36
"2057206 HOYO-MiX feat. Chalili, TetraCalyx, Hanser - Moon Halo [Futsuu]",428,10,0.3933,0.4136,0.375,0.84,0.6156,0.6565,0.5794,0.4,0.3857,0.479,0.3228,0.4,0.3699,0.3621,0.378,0.76,0.561,0.5911,0.5338,0.4,0.6156,0.6565,0.5794,0.4,0.6156,0.6565,0.5794,0.4
"2057206 HOYO-MiX feat. Chalili, TetraCalyx, Hanser - Moon Halo [Slyme's Kantan]",216,10,0.4091,0.375,0.45,0.92,0.6066,0.7639,0.503,0.52,0.3243,0.6389,0.2173,0.4,0.3708,0.4583,0.3113,0.8,0.5431,0.6713,0.456,0.52,0.6066,0.7639,0.503,0.52,0.6066,0.7639,0.503,0.52
2061238 Shinomiya Ginka (CV_ Hasegawa Ikumi) - Star Trail [Futsuu],301,10,0.4575,0.608,0.3667,0.76,0.6848,0.794,0.602,0.44,0.4289,0.6312,0.3248,0.36,0.3529,0.6279,0.2455,0.08,0.5833,0.6744,0.5139,0.44,0.6848,0.794,0.602,0.44,0.6848,0.794,0.602,0.44
2061238 Shinomiya Ginka (CV_ Hasegawa Ikumi) - Star Trail [Kantan],184,10,0.3348,0.413,0.2815,0.88,0.5676,0.6848,0.4846,0.6,0.3488,0.5707,0.2512,0.44,0.2368,0.4511,0.1605,0.64,0.4956,0.6087,0.4179,0.56,0.5676,0.6848,0.4846,0.6,0.5676,0.6848,0.4846,0.6
2061238 Shinomiya Ginka (CV_ Hasegawa Ikumi) - Star Trail [Meteor],469,10,0.565,0.6205,0.5187,0.72,0.7323,0.7292,0.7355,0.4,0.4687,0.5267,0.4222,0.36,0.4848,0.6631,0.3821,0.0,0.6487,0.7697,0.5606,0.32,0.7323,0.7292,0.7355,0.4,0.7323,0.7292,0.7355,0.4
2061238 Shinomiya Ginka (CV_ Hasegawa Ikumi) - Star Trail [Muzukashii],395,10,0.5146,0.6228,0.4385,0.72,0.7186,0.7823,0.6645,0.4,0.4551,0.5646,0.3812,0.36,0.4328,0.6481,0.3249,0.04,0.6132,0.7165,0.536,0.36,0.7186,0.7823,0.6645,0.4,0.7186,0.7823,0.6645,0.4
2061825 KARUT - Shooting Athletes [Futsuu],341,10,0.6591,0.7654,0.5787,0.92,0.7012,0.8534,0.5951,0.32,0.628,0.8416,0.5009,0.24,0.6382,0.6804,0.601,0.92,0.6846,0.8592,0.5689,0.24,0.7012,0.8534,0.5951,0.32,0.7012,0.8534,0.5951,0.32
2061825 KARUT - Shooting Athletes [Inner Oni],726,10,0.7962,0.7989,0.7934,0.84,0.8223,0.7837,0.8647,0.2,0.7367,0.7631,0.7121,0.16,0.7704,0.8251,0.7226,0.8,0.798,0.7755,0.8219,0.16,0.8223,0.7837,0.8647,0.2,0.8223,0.7837,0.8647,0.2
2061825 KARUT - Shooting Athletes [Kantan],188,10,0.4891,0.5957,0.4148,0.96,0.5141,0.8723,0.3644,0.36,0.4503,0.7713,0.318,0.28,0.4495,0.6862,0.3342,0.92,0.5154,0.8032,0.3794,0.32,0.5141,0.8723,0.3644,0.36,0.5141,0.8723,0.3644,0.36
2061825 KARUT - Shooting Athletes [Muzukashii],471,10,0.7093,0.6943,0.7251,0.92,0.7726,0.862,0.7,0.24,0.7011,0.7771,0.6387,0.24,0.6953,0.7728,0.6319,0.88,0.7597,0.8493,0.6873,0.2,0.7726,0.862,0.7,0.24,0.7726,0.862,0.7,0.24
2061825 KARUT - Shooting Athletes [Oni],629,10,0.7853,0.849,0.7305,0.84,0.8423,0.8617,0.8237,0.2,0.7534,0.8426,0.6812,0.16,0.7524,0.814,0.6995,0.84,0.8174,0.8537,0.7839,0.16,0.8423,0.8617,0.8237,0.2,0.8423,0.8617,0.8237,0.2
2072038 Rita - Winter Diamond (Short Ver.) [Futsuu],362,10,0.6147,0.7735,0.51,0.88,0.7224,0.8591,0.6232,0.36,0.655,0.8287,0.5415,0.24,0.5408,0.8785,0.3907,0.72,0.6424,0.779,0.5465,0.32,0.7224,0.8591,0.6232,0.36,0.7224,0.8591,0.6232,0.36
2072038 Rita - Winter Diamond (Short Ver.) [Kantan],166,10,0.4141,0.6386,0.3064,0.92,0.4541,0.9096,0.3026,0.36,0.3917,0.8494,0.2545,0.24,0.2888,0.4759,0.2073,0.88,0.4391,0.6627,0.3284,0.44,0.4541,0.9096,0.3026,0.36,0.4541,0.9096,0.3026,0.36
2072038 Rita - Winter Diamond (Short Ver.) [Muzukashii],465,10,0.6848,0.8645,0.567,0.84,0.7656,0.7935,0.7395,0.36,0.6968,0.7634,0.6408,0.24,0.6247,0.8968,0.4793,0.6,0.6789,0.7161,0.6453,0.32,0.7656,0.7935,0.7395,0.36,0.7656,0.7935,0.7395,0.36
2072038 Rita - Winter Diamond (Short Ver.) [Oni],629,10,0.7547,0.868,0.6675,0.72,0.7639,0.7202,0.8133,0.32,0.7129,0.7361,0.691,0.2,0.7287,0.8649,0.6296,0.64,0.7053,0.7154,0.6955,0.28,0.7639,0.7202,0.8133,0.32,0.7639,0.7202,0.8133,0.32
2072038 Rita - Winter Diamond (Short Ver.) [Snowflake],767,10,0.7975,0.824,0.7726,0.72,0.7678,0.7784,0.7576,0.24,0.7108,0.7692,0.6607,0.16,0.7787,0.8279,0.735,0.64,0.7001,0.6454,0.7651,0.28,0.7678,0.7784,0.7576,0.24,0.7678,0.7784,0.7576,0.24
2075045 momone - the dearest person i've ever met [m],1027,10,0.608,0.7731,0.5009,0.88,0.5645,0.7926,0.4383,0.2,0.3844,0.9309,0.2422,0.08,0.6063,0.7624,0.5032,0.8,0.5221,0.7293,0.4066,0.16,0.5645,0.7926,0.4383,0.2,0.5645,0.7926,0.4383,0.2
2075045 momone - the dearest person i've ever met [o],1428,10,0.7027,0.8186,0.6156,0.68,0.6429,0.7395,0.5687,0.2,0.474,0.8922,0.3228,0.08,0.6933,0.7661,0.6331,0.68,0.5945,0.6807,0.5277,0.16,0.6429,0.7395,0.5687,0.2,0.6429,0.7395,0.5687,0.2
2075045 momone - the dearest person i've ever met [u],1856,10,0.7718,0.7699,0.7737,0.72,0.6954,0.8206,0.6034,0.16,0.5414,0.8464,0.398,0.08,0.7729,0.7462,0.8015,0.68,0.649,0.8039,0.5441,0.12,0.6954,0.8206,0.6034,0.16,0.6954,0.8206,0.6034,0.16
2075342 ALKALOID - UNDYING HOLY LOVE [FUTSUU],337,10,0.3847,0.3887,0.3808,0.92,0.6973,0.8546,0.589,0.36,0.5385,0.727,0.4276,0.24,0.3894,0.6736,0.2738,0.72,0.6201,0.6973,0.5582,0.36,0.6973,0.8546,0.589,0.36,0.6973,0.8546,0.589,0.36
2075342 ALKALOID - UNDYING HOLY LOVE [KANTAN],199,10,0.3573,0.4874,0.282,0.92,0.5624,0.7588,0.4467,0.48,0.4131,0.6985,0.2932,0.28,0.3155,0.5025,0.2299,0.88,0.5,0.6432,0.4089,0.44,0.5624,0.7588,0.4467,0.48,0.5624,0.7588,0.4467,0.48
2075342 ALKALOID - UNDYING HOLY LOVE [MUZUKASHII],503,10,0.4401,0.5189,0.3821,0.84,0.7566,0.7972,0.7199,0.32,0.5992,0.7237,0.5112,0.2,0.467,0.6183,0.3752,0.72,0.6605,0.7078,0.6191,0.28,0.7566,0.7972,0.7199,0.32,0.7566,0.7972,0.7199,0.32
2075342 ALKALOID - UNDYING HOLY LOVE [ONI],656,10,0.5053,0.6509,0.413,0.6,0.7678,0.7485,0.7881,0.28,0.6361,0.7607,0.5465,0.16,0.5251,0.6845,0.426,0.44,0.6853,0.6921,0.6786,0.24,0.7678,0.7485,0.7881,0.28,0.7678,0.7485,0.7881,0.28
2077412 Fox Stevenson - Good Time [Cry's Oni],986,10,0.7126,0.7819,0.6545,0.76,0.7158,0.8327,0.6277,0.24,0.579,0.7211,0.4837,0.24,0.5987,0.6998,0.5231,0.64,0.672,0.6775,0.6667,0.28,0.7158,0.8327,0.6277,0.24,0.7158,0.8327,0.6277,0.24
2077412 Fox Stevenson - Good Time [Inner Oni],1291,10,0.7687,0.7351,0.8056,0.76,0.7487,0.7537,0.7439,0.24,0.6034,0.7111,0.524,0.2,0.6958,0.7033,0.6884,0.64,0.7199,0.7614,0.6826,0.2,0.7487,0.7537,0.7439,0.24,0.7487,0.7537,0.7439,0.24
2077412 Fox Stevenson - Good Time [Zhuosh's Muzukashii],761,10,0.6939,0.6478,0.747,0.88,0.6845,0.8581,0.5693,0.28,0.5561,0.7359,0.4469,0.28,0.5577,0.7622,0.4397,0.64,0.6591,0.7635,0.5798,0.28,0.6845,0.8581,0.5693,0.28,0.6845,0.8581,0.5693,0.28
2077412 Fox Stevenson - Good Time [[-E S I A-]'s Futsuu],542,10,0.604,0.6697,0.55,0.88,0.6101,0.8229,0.4848,0.36,0.4925,0.8155,0.3528,0.28,0.4815,0.8266,0.3397,0.64,0.5751,0.8192,0.4431,0.28,0.6101,0.8229,0.4848,0.36,0.6101,0.8229,0.4848,0.36
2077958 r u s s e l b u c k - EAT YOU UP (Sped Up Ver.) [CONSUMPTION],867,10,0.8007,0.8016,0.7998,0.6,0.7536,0.7866,0.7232,0.12,0.6389,0.9642,0.4777,0.04,0.7717,0.7797,0.7638,0.56,0.6944,0.722,0.6688,0.08,0.7536,0.7866,0.7232,0.12,0.7536,0.7866,0.7232,0.12
2077958 r u s s e l b u c k - EAT YOU UP (Sped Up Ver.) [INVISIBLE MCR'S FUTSUU],306,10,0.6169,0.7974,0.5031,0.8,0.5781,0.683,0.5012,0.28,0.4401,0.6307,0.338,0.16,0.5721,0.7582,0.4594,0.76,0.5495,0.6895,0.4567,0.16,0.5781,0.683,0.5012,0.28,0.5781,0.683,0.5012,0.28
2077958 r u s s e l b u c k - EAT YOU UP (Sped Up Ver.) [MUZUKASHII],488,10,0.6578,0.8586,0.5331,0.72,0.6568,0.8156,0.5497,0.16,0.5331,0.6844,0.4366,0.12,0.6538,0.832,0.5385,0.68,0.6185,0.6926,0.5587,0.12,0.6568,0.8156,0.5497,0.16,0.6568,0.8156,0.5497,0.16
2077958 r u s s e l b u c k - EAT YOU UP (Sped Up Ver.) [ONI],653,10,0.7286,0.8591,0.6325,0.56,0.688,0.8407,0.5822,0.12,0.5709,0.7642,0.4557,0.08,0.7117,0.8224,0.6273,0.6,0.6293,0.7657,0.5342,0.08,0.688,0.8407,0.5822,0.12,0.688,0.8407,0.5822,0.12
2081307 Harumaki Gohan feat. Hatsune Miku - Zero Talking [Inner Oni],1607,10,0.7871,0.7685,0.8067,0.44,0.7741,0.8251,0.729,0.12,0.6386,0.6223,0.6557,0.12,0.7657,0.7604,0.771,0.16,0.7051,0.7113,0.6991,0.12,0.7741,0.8251,0.729,0.12,0.7741,0.8251,0.729,0.12
2081307 Harumaki Gohan feat. Hatsune Miku - Zero Talking [Oni],1270,10,0.7489,0.7819,0.7185,0.64,0.7526,0.7559,0.7494,0.2,0.6419,0.7063,0.5882,0.12,0.7301,0.7764,0.689,0.44,0.7102,0.7276,0.6937,0.16,0.7526,0.7559,0.7494,0.2,0.7526,0.7559,0.7494,0.2
2089093 IOSYS - Marisa wa Taihen na Mono o Nusunde Ikimashita [Cry's Oni],1224,10,0.7102,0.8832,0.594,0.68,0.761,0.8301,0.7026,0.32,0.6797,0.835,0.5732,0.16,0.6915,0.8807,0.5692,0.52,0.7422,0.8538,0.6564,0.24,0.761,0.8301,0.7026,0.32,0.761,0.8301,0.7026,0.32
2089093 IOSYS - Marisa wa Taihen na Mono o Nusunde Ikimashita [Futsuu],605,10,0.4889,0.7669,0.3589,0.84,0.5538,0.7785,0.4297,0.44,0.4735,0.7388,0.3484,0.24,0.4561,0.7504,0.3276,0.84,0.5389,0.8364,0.3975,0.32,0.5538,0.7785,0.4297,0.44,0.5538,0.7785,0.4297,0.44
2089093 IOSYS - Marisa wa Taihen na Mono o Nusunde Ikimashita [Kantan],343,10,0.3475,0.6793,0.2335,0.88,0.3609,0.8892,0.2264,0.36,0.2996,0.8076,0.1839,0.2,0.3233,0.7172,0.2087,0.88,0.3465,0.895,0.2148,0.28,0.3609,0.8892,0.2264,0.36,0.3609,0.8892,0.2264,0.36
2089093 IOSYS - Marisa wa Taihen na Mono o Nusunde Ikimashita [Muzukashii],867,10,0.5828,0.9031,0.4302,0.68,0.6865,0.8766,0.5642,0.36,0.6026,0.8247,0.4748,0.2,0.5708,0.9089,0.4161,0.52,0.676,0.895,0.543,0.28,0.6865,0.8766,0.5642,0.36,0.6865,0.8766,0.5642,0.36
2089093 IOSYS - Marisa wa Taihen na Mono o Nusunde Ikimashita [The Precious Thing],1717,10,0.7668,0.8101,0.7279,0.6,0.7904,0.8235,0.7598,0.2,0.715,0.8008,0.6458,0.12,0.7287,0.7705,0.6912,0.48,0.7501,0.7228,0.7795,0.24,0.7904,0.8235,0.7598,0.2,0.7904,0.8235,0.7598,0.2
2092934 CoMETIK - Mujikaku A Priori [Antinomy],2233,10,0.777,0.7264,0.8352,0.64,0.7522,0.8298,0.6878,0.16,0.7045,0.7147,0.6945,0.12,0.7522,0.7103,0.7994,0.56,0.7318,0.7944,0.6784,0.16,0.7522,0.8298,0.6878,0.16,0.7522,0.8298,0.6878,0.16
2092934 CoMETIK - Mujikaku A Priori [Contradiction],1997,10,0.7941,0.7832,0.8054,0.64,0.7673,0.8002,0.7371,0.2,0.7176,0.7717,0.6706,0.12,0.7646,0.7531,0.7765,0.6,0.7278,0.7351,0.7207,0.2,0.7673,0.8002,0.7371,0.2,0.7673,0.8002,0.7371,0.2
2092934 CoMETIK - Mujikaku A Priori [Futsuu],595,10,0.5205,0.7143,0.4094,0.88,0.6059,0.7546,0.5062,0.48,0.5165,0.8034,0.3806,0.24,0.4543,0.6303,0.3551,0.88,0.5811,0.7765,0.4643,0.4,0.6059,0.7546,0.5062,0.48,0.6059,0.7546,0.5062,0.48
2092934 CoMETIK - Mujikaku A Priori [Hell Oni],1667,10,0.7902,0.8554,0.7343,0.64,0.7851,0.8308,0.7442,0.24,0.7237,0.7642,0.6872,0.16,0.7525,0.8134,0.7001,0.6,0.7322,0.8134,0.6657,0.2,0.7851,0.8308,0.7442,0.24,0.7851,0.8308,0.7442,0.24
2092934 CoMETIK - Mujikaku A Priori [Inner Oni],1427,10,0.7704,0.8795,0.6854,0.72,0.7841,0.9033,0.6926,0.24,0.7217,0.8297,0.6386,0.16,0.7313,0.8619,0.635,0.6,0.7236,0.7842,0.6717,0.24,0.7841,0.9033,0.6926,0.24,0.7841,0.9033,0.6926,0.24
2092934 CoMETIK - Mujikaku A Priori [Kantan],327,10,0.3755,0.5719,0.2795,0.92,0.3968,0.6758,0.2808,0.52,0.3309,0.682,0.2184,0.28,0.3023,0.4465,0.2285,0.92,0.3707,0.7492,0.2462,0.4,0.3968,0.6758,0.2808,0.52,0.3968,0.6758,0.2808,0.52
2092934 CoMETIK - Mujikaku A Priori [Muzukashii],855,10,0.6138,0.6795,0.5597,0.88,0.6867,0.7474,0.6352,0.44,0.6008,0.8363,0.4689,0.2,0.5539,0.7754,0.4308,0.8,0.6616,0.7673,0.5816,0.36,0.6867,0.7474,0.6352,0.44,0.6867,0.7474,0.6352,0.44
2092934 CoMETIK - Mujikaku A Priori [Oni],1171,10,0.71,0.7737,0.656,0.84,0.7466,0.9018,0.6369,0.28,0.6836,0.883,0.5577,0.16,0.6569,0.8591,0.5317,0.64,0.7014,0.7882,0.6318,0.28,0.7466,0.9018,0.6369,0.28,0.7466,0.9018,0.6369,0.28
2094730 Ceui - COLORFUL DAYS!! (Epsilon Remix) [Colorful Memories],1451,10,0.8173,0.8215,0.8131,0.72,0.7629,0.785,0.742,0.24,0.6137,0.7085,0.5413,0.2,0.8088,0.8325,0.7865,0.68,0.7051,0.7636,0.6548,0.24,0.7629,0.785,0.742,0.24,0.7629,0.785,0.742,0.24
2094730 Ceui - COLORFUL DAYS!! (Epsilon Remix) [Oni],1234,10,0.7859,0.8598,0.7237,0.72,0.7672,0.7382,0.7984,0.36,0.6279,0.7131,0.5609,0.24,0.774,0.8687,0.6979,0.68,0.7252,0.7099,0.7411,0.36,0.7672,0.7382,0.7984,0.36,0.7672,0.7382,0.7984,0.36
2094730 Ceui - COLORFUL DAYS!! (Epsilon Remix) [[-E S I A-]'s Muzukashii],894,10,0.7145,0.7517,0.6809,0.88,0.7191,0.7819,0.6657,0.4,0.5708,0.7864,0.4481,0.24,0.6867,0.8949,0.5571,0.72,0.6763,0.7852,0.5939,0.36,0.7191,0.7819,0.6657,0.4,0.7191,0.7819,0.6657,0.4
2096845 Marmalade butcher - Noxious [futsuu],254,10,0.6501,0.6693,0.632,0.96,0.6086,0.8386,0.4776,0.28,0.5424,0.8307,0.4027,0.2,0.5495,0.5787,0.5231,0.96,0.5546,0.7402,0.4434,0.24,0.6086,0.8386,0.4776,0.28,0.6086,0.8386,0.4776,0.28
2096845 Marmalade butcher - Noxious [hac's muzukashii],387,10,0.6973,0.8243,0.6042,0.92,0.6978,0.907,0.567,0.24,0.6411,0.7545,0.5573,0.2,0.6462,0.9535,0.4887,0.64,0.6239,0.6537,0.5967,0.24,0.6978,0.907,0.567,0.24,0.6978,0.907,0.567,0.24
2096845 Marmalade butcher - Noxious [iceOC's oni],467,10,0.7683,0.955,0.6427,0.84,0.7348,0.8544,0.6446,0.24,0.672,0.7131,0.6355,0.2,0.7381,0.9143,0.6188,0.88,0.6544,0.8009,0.5533,0.2,0.7348,0.8544,0.6446,0.24,0.7348,0.8544,0.6446,0.24
2096845 Marmalade butcher - Noxious [kantan w/ emilly (feat. shameimaru)],149,10,0.5359,0.7517,0.4164,0.96,0.4619,0.7315,0.3375,0.32,0.4064,0.6846,0.289,0.24,0.4279,0.6174,0.3274,0.96,0.4434,0.6577,0.3345,0.28,0.4619,0.7315,0.3375,0.32,0.4619,0.7315,0.3375,0.32
2096845 Marmalade butcher - Noxious [ura oni],644,10,0.8588,0.9115,0.8119,0.64,0.8092,0.7935,0.8255,0.24,0.7673,0.8602,0.6925,0.16,0.8349,0.9068,0.7735,0.64,0.7242,0.7422,0.7071,0.2,0.8092,0.7935,0.8255,0.24,0.8092,0.7935,0.8255,0.24
2099087 Gomadare - Resolver [Futsuu],414,10,0.4334,0.6836,0.3173,0.92,0.5323,0.5676,0.5011,0.52,0.4915,0.6618,0.3909,0.28,0.4357,0.7609,0.3052,0.88,0.5306,0.6594,0.4439,0.36,0.5323,0.5676,0.5011,0.52,0.5323,0.5676,0.5011,0.52
2099087 Gomadare - Resolver [Inner Oni],1162,10,0.7059,0.821,0.6191,0.76,0.739,0.7943,0.6909,0.2,0.6923,0.7909,0.6155,0.12,0.7116,0.8184,0.6294,0.72,0.6952,0.7608,0.6401,0.16,0.739,0.7943,0.6909,0.2,0.739,0.7943,0.6909,0.2
2099087 Gomadare - Resolver [Kantan],228,10,0.3054,0.75,0.1917,0.92,0.3243,0.7325,0.2082,0.36,0.2928,0.5965,0.194,0.28,0.3032,0.8377,0.1851,0.88,0.3351,0.5614,0.2388,0.4,0.3243,0.7325,0.2082,0.36,0.3243,0.7325,0.2082,0.36
2099087 Gomadare - Resolver [Muzukashii],632,10,0.5382,0.7801,0.4108,0.88,0.6598,0.8639,0.5337,0.28,0.6037,0.875,0.4608,0.16,0.5625,0.7405,0.4535,0.88,0.6338,0.7231,0.5642,0.28,0.6598,0.8639,0.5337,0.28,0.6598,0.8639,0.5337,0.28
2099087 Gomadare - Resolver [Oni],837,10,0.6081,0.8065,0.4881,0.84,0.7204,0.8005,0.6549,0.28,0.6706,0.816,0.5692,0.16,0.6244,0.8757,0.4851,0.72,0.6869,0.8112,0.5956,0.2,0.7204,0.8005,0.6549,0.28,0.7204,0.8005,0.6549,0.28
2105554 Watashi (CV_ Yuuki Aoi) - Ganbare! Kumoko-san no Thema (TV Size) [Chaos],615,10,0.7802,0.8309,0.7353,0.8,0.7267,0.9057,0.6068,0.2,0.5745,0.774,0.4568,0.12,0.7416,0.8049,0.6875,0.72,0.7001,0.8634,0.5887,0.16,0.7267,0.9057,0.6068,0.2,0.7267,0.9057,0.6068,0.2
2105554 Watashi (CV_ Yuuki Aoi) - Ganbare! Kumoko-san no Thema (TV Size) [Futsuu],257,10,0.5736,0.7432,0.467,0.92,0.5417,0.7704,0.4177,0.32,0.3824,0.7588,0.2556,0.16,0.4745,0.7432,0.3485,0.88,0.536,0.7393,0.4204,0.28,0.5417,0.7704,0.4177,0.32,0.5417,0.7704,0.4177,0.32
2105554 Watashi (CV_ Yuuki Aoi) - Ganbare! Kumoko-san no Thema (TV Size) [Kantan],148,10,0.3815,0.4459,0.3333,0.96,0.3537,0.7432,0.2321,0.32,0.2393,0.7365,0.1429,0.16,0.3161,0.7432,0.2007,0.88,0.35,0.7095,0.2323,0.28,0.3537,0.7432,0.2321,0.32,0.3537,0.7432,0.2321,0.32
2105554 Watashi (CV_ Yuuki Aoi) - Ganbare! Kumoko-san no Thema (TV Size) [Muzukashii],353,10,0.6284,0.8215,0.5088,0.88,0.6143,0.7195,0.5359,0.32,0.4516,0.7139,0.3303,0.16,0.5643,0.8017,0.4354,0.84,0.6062,0.6912,0.5398,0.28,0.6143,0.7195,0.5359,0.32,0.6143,0.7195,0.5359,0.32
2105554 Watashi (CV_ Yuuki Aoi) - Ganbare! Kumoko-san no Thema (TV Size) [Ron's Inner Oni],582,10,0.7596,0.8333,0.6978,0.8,0.7294,0.8196,0.657,0.24,0.5751,0.8024,0.4482,0.12,0.7162,0.7784,0.6633,0.8,0.6999,0.7715,0.6405,0.2,0.7294,0.8196,0.657,0.24,0.7294,0.8196,0.657,0.24
2105554 Watashi (CV_ Yuuki Aoi) - Ganbare! Kumoko-san no Thema (TV Size) [Sammu's Oni],480,10,0.6945,0.85,0.5871,0.8,0.6888,0.7771,0.6186,0.28,0.523,0.8292,0.382,0.12,0.6518,0.7896,0.5549,0.8,0.6693,0.7146,0.6294,0.24,0.6888,0.7771,0.6186,0.28,0.6888,0.7771,0.6186,0.28
2106715 ZAQ - Serendipity (TV Size) [Futsuu],266,10,0.5112,0.9023,0.3566,0.76,0.6769,0.8308,0.5711,0.36,0.4548,0.7368,0.3289,0.24,0.4853,0.7744,0.3533,0.8,0.6069,0.7256,0.5216,0.32,0.6769,0.8308,0.5711,0.36,0.6769,0.8308,0.5711,0.36
2106715 ZAQ - Serendipity (TV Size) [Inner Oni],544,10,0.6935,0.7757,0.627,0.76,0.7257,0.7537,0.6997,0.28,0.5564,0.6801,0.4707,0.2,0.683,0.8474,0.572,0.6,0.6491,0.6121,0.6909,0.28,0.7257,0.7537,0.6997,0.28,0.7257,0.7537,0.6997,0.28
2106715 ZAQ - Serendipity (TV Size) [Kantan],165,10,0.4337,0.4061,0.4653,0.96,0.5347,0.7939,0.4031,0.4,0.3626,0.3879,0.3404,0.52,0.369,0.8364,0.2367,0.8,0.485,0.6848,0.3754,0.36,0.5347,0.7939,0.4031,0.4,0.5347,0.7939,0.4031,0.4
2106715 ZAQ - Serendipity (TV Size) [Muzukashii],340,10,0.588,0.8206,0.4581,0.8,0.718,0.7676,0.6744,0.36,0.4979,0.6853,0.3909,0.24,0.546,0.7412,0.4322,0.8,0.6366,0.6647,0.6108,0.32,0.718,0.7676,0.6744,0.36,0.718,0.7676,0.6744,0.36
2106715 ZAQ - Serendipity (TV Size) [Oni],425,10,0.643,0.8306,0.5245,0.76,0.7388,0.7788,0.7028,0.32,0.5334,0.76,0.4109,0.2,0.6059,0.7976,0.4885,0.72,0.6593,0.7035,0.6203,0.28,0.7388,0.7788,0.7028,0.32,0.7388,0.7788,0.7028,0.32
2107539 Femtanyl - ACT RIGHT [FUTSUU],444,10,0.6105,0.6779,0.5554,0.92,0.6945,0.8806,0.5733,0.24,0.536,0.9144,0.3791,0.08,0.55,0.6757,0.4637,0.88,0.657,0.8198,0.5482,0.2,0.6945,0.8806,0.5733,0.24,0.6945,0.8806,0.5733,0.24
2107539 Femtanyl - ACT RIGHT [MUZUKASHII],636,10,0.6733,0.9104,0.5341,0.52,0.7845,0.8129,0.7581,0.24,0.6362,0.8538,0.507,0.08,0.6632,0.8978,0.5258,0.36,0.7354,0.7516,0.7199,0.2,0.7845,0.8129,0.7581,0.24,0.7845,0.8129,0.7581,0.24
2107539 Femtanyl - ACT RIGHT [ONI],880,10,0.7749,0.8648,0.702,0.52,0.8101,0.7659,0.8597,0.2,0.6776,0.7511,0.6172,0.08,0.7599,0.8489,0.6878,0.36,0.7635,0.7409,0.7874,0.16,0.8101,0.7659,0.8597,0.2,0.8101,0.7659,0.8597,0.2
2107539 Femtanyl - ACT RIGHT [SKIDOOSKEI'S URA ONI],1001,10,0.81,0.8731,0.7554,0.2,0.826,0.8112,0.8415,0.16,0.6863,0.7103,0.6639,0.08,0.7974,0.8472,0.7531,0.0,0.7581,0.8062,0.7154,0.12,0.826,0.8112,0.8415,0.16,0.826,0.8112,0.8415,0.16
2107539 Femtanyl - ACT RIGHT [SUM & MEIQTH'S KANTAN],268,10,0.4494,0.6791,0.3358,0.92,0.5221,0.9254,0.3636,0.24,0.3779,0.944,0.2362,0.08,0.3956,0.6754,0.2798,0.88,0.5,0.8694,0.3509,0.2,0.5221,0.9254,0.3636,0.24,0.5221,0.9254,0.3636,0.24
2107539 Femtanyl - ACT RIGHT [WAIT],1184,10,0.7749,0.766,0.7839,0.2,0.7615,0.7981,0.728,0.12,0.6386,0.6081,0.6723,0.08,0.7558,0.7373,0.7753,0.0,0.7284,0.7111,0.7465,0.12,0.7615,0.7981,0.728,0.12,0.7615,0.7981,0.728,0.12
2109670 ptar124 feat. SEKAI vs. takehirotei - The Arcanists' Heist of 739 Magia Era [Illusory Grimoire],2047,10,0.7573,0.913,0.6469,0.56,0.7998,0.8363,0.7663,0.2,0.6949,0.7826,0.6248,0.12,0.7525,0.9262,0.6337,0.28,0.7575,0.8593,0.6773,0.12,0.7998,0.8363,0.7663,0.2,0.7998,0.8363,0.7663,0.2
2115856 senya - Iro wa Nioedo Chirinuru o [Muzukashii],660,10,0.6363,0.603,0.6734,0.92,0.7747,0.8364,0.7216,0.48,0.5819,0.6591,0.521,0.48,0.6078,0.7455,0.513,0.84,0.7472,0.8061,0.6963,0.44,0.7747,0.8364,0.7216,0.48,0.7747,0.8364,0.7216,0.48
2115856 senya - Iro wa Nioedo Chirinuru o [Oni],858,10,0.6542,0.6748,0.6349,0.88,0.7936,0.7844,0.8031,0.44,0.5907,0.6888,0.5171,0.4,0.6475,0.7611,0.5634,0.8,0.7575,0.7552,0.7597,0.4,0.7936,0.7844,0.8031,0.44,0.7936,0.7844,0.8031,0.44
2115856 senya - Iro wa Nioedo Chirinuru o [Scattered Petals],1059,10,0.7025,0.7771,0.641,0.84,0.7791,0.7828,0.7755,0.36,0.58,0.763,0.4679,0.28,0.6817,0.7139,0.6523,0.8,0.7318,0.7535,0.7112,0.32,0.7791,0.7828,0.7755,0.36,0.7791,0.7828,0.7755,0.36
2117702 Synagi - Refrain [Rebirth],2207,10,0.7192,0.8083,0.6478,0.68,0.7313,0.7825,0.6864,0.24,0.5777,0.754,0.4682,0.16,0.7068,0.8006,0.6327,0.68,0.6828,0.7553,0.6229,0.2,0.7313,0.7825,0.6864,0.24,0.7313,0.7825,0.6864,0.24
2119904 Katakiri Rekka - Moe Ochiru Hokori -Counter raid Another D- [Corrupted Oni],2391,10,0.6931,0.6734,0.714,0.72,0.705,0.6746,0.7382,0.24,0.5076,0.5525,0.4694,0.16,0.6977,0.6897,0.7059,0.56,0.6585,0.6893,0.6305,0.2,0.705,0.6746,0.7382,0.24,0.705,0.6746,0.7382,0.24
2120820 in love with a ghost - cute and soft [fluffy],108,10,0.7263,0.6389,0.8415,0.36,0.7607,0.8241,0.7063,0.28,0.7931,0.8519,0.7419,0.2,0.7486,0.6204,0.9437,0.48,0.7471,0.8889,0.6443,0.16,0.7607,0.8241,0.7063,0.28,0.7607,0.8241,0.7063,0.28
2120820 in love with a ghost - cute and soft [futsuu],78,10,0.7068,0.6026,0.8545,0.72,0.7333,0.7051,0.7639,0.64,0.7634,0.9103,0.6574,0.24,0.7407,0.641,0.8772,0.68,0.7134,0.7179,0.7089,0.48,0.7333,0.7051,0.7639,0.64,0.7333,0.7051,0.7639,0.64
2120820 in love with a ghost - cute and soft [kantan],49,10,0.6923,0.7347,0.6545,0.72,0.6847,0.7755,0.6129,0.72,0.6869,0.6939,0.68,0.96,0.6923,0.7347,0.6545,0.72,0.6916,0.7551,0.6379,0.72,0.6847,0.7755,0.6129,0.72,0.6847,0.7755,0.6129,0.72
2121057 UNDEAD CORPORATION - Death is just the beginning [The Beginning],44,10,0.1593,0.2045,0.1304,0.84,0.4065,0.5682,0.3165,0.56,0.4404,0.5455,0.3692,0.8,0.1488,0.2045,0.1169,0.76,0.3833,0.5227,0.3026,0.6,0.4065,0.5682,0.3165,0.56,0.4065,0.5682,0.3165,0.56
2121057 UNDEAD CORPORATION - Death is just the beginning [The End],93,10,0.2114,0.2796,0.1699,0.64,0.5561,0.6129,0.5089,0.36,0.4977,0.5914,0.4297,0.52,0.2059,0.3011,0.1564,0.08,0.5389,0.5591,0.52,0.4,0.5561,0.6129,0.5089,0.36,0.5561,0.6129,0.5089,0.36
2121587 Twilight Force - Valley of the Vale [HeLLFly's Oni],1366,10,0.7148,0.9019,0.592,0.8,0.751,0.776,0.7275,0.4,0.6814,0.7811,0.6042,0.32,0.7194,0.9092,0.5951,0.76,0.6834,0.7489,0.6284,0.36,0.751,0.776,0.7275,0.4,0.751,0.776,0.7275,0.4
2121587 Twilight Force - Valley of the Vale [Muzukashii ft. Slyme],1084,10,0.6358,0.8432,0.5103,0.84,0.6979,0.7491,0.6533,0.44,0.6311,0.7528,0.5433,0.36,0.63,0.8607,0.4968,0.8,0.6445,0.7232,0.5812,0.4,0.6979,0.7491,0.6533,0.44,0.6979,0.7491,0.6533,0.44
2121587 Twilight Force - Valley of the Vale [Mystic],1974,10,0.8453,0.8967,0.7995,0.72,0.7998,0.848,0.7568,0.32,0.7534,0.8774,0.6601,0.24,0.8691,0.923,0.8211,0.68,0.7352,0.7533,0.718,0.32,0.7998,0.848,0.7568,0.32,0.7998,0.848,0.7568,0.32
2122284 Agressor Bunx - Tornado (Cut Ver.) [Destructive],982,10,0.7936,0.7108,0.8983,0.64,0.7834,0.7403,0.8318,0.12,0.7545,0.7057,0.8105,0.12,0.7915,0.779,0.8044,0.6,0.7848,0.7352,0.8415,0.08,0.7834,0.7403,0.8318,0.12,0.7834,0.7403,0.8318,0.12
2122284 Agressor Bunx - Tornado (Cut Ver.) [Futsuu],396,10,0.7541,0.7551,0.7531,0.88,0.7638,0.8939,0.6667,0.44,0.7114,0.9369,0.5734,0.24,0.6866,0.6364,0.7456,0.92,0.7497,0.851,0.67,0.36,0.7638,0.8939,0.6667,0.44,0.7638,0.8939,0.6667,0.44
2122284 Agressor Bunx - Tornado (Cut Ver.) [Kantan],215,10,0.6046,0.8605,0.466,0.88,0.5657,0.9209,0.4082,0.48,0.4842,0.8884,0.3328,0.28,0.5136,0.6605,0.4201,0.92,0.5655,0.9442,0.4036,0.36,0.5657,0.9209,0.4082,0.48,0.5657,0.9209,0.4082,0.48
2122284 Agressor Bunx - Tornado (Cut Ver.) [Muzukashii],592,10,0.8257,0.9003,0.7625,0.72,0.8049,0.8851,0.738,0.28,0.7845,0.8209,0.7512,0.24,0.7471,0.8834,0.6473,0.76,0.7997,0.8328,0.7691,0.24,0.8049,0.8851,0.738,0.28,0.8049,0.8851,0.738,0.28
2122284 Agressor Bunx - Tornado (Cut Ver.) [Oni],829,10,0.8247,0.7829,0.8711,0.68,0.8056,0.8022,0.809,0.16,0.7779,0.7901,0.7661,0.12,0.7843,0.842,0.734,0.6,0.805,0.8191,0.7914,0.08,0.8056,0.8022,0.809,0.16,0.8056,0.8022,0.809,0.16
2122957 StylipS - MIRACLE RUSH (TV Size) [JuDa's Inner Oni],542,10,0.6682,0.81,0.5687,0.0,0.8063,0.7565,0.8632,0.28,0.6859,0.703,0.6696,0.2,0.6247,0.7325,0.5446,0.0,0.7258,0.7472,0.7056,0.24,0.8063,0.7565,0.8632,0.28,0.8063,0.7565,0.8632,0.28
2122957 StylipS - MIRACLE RUSH (TV Size) [Oni],448,10,0.6161,0.8348,0.4883,0.12,0.7757,0.7991,0.7537,0.28,0.6696,0.6719,0.6674,0.24,0.5879,0.7723,0.4746,0.0,0.6856,0.7009,0.6709,0.28,0.7757,0.7991,0.7537,0.28,0.7757,0.7991,0.7537,0.28
2122957 StylipS - MIRACLE RUSH (TV Size) [Roger & 10186's Futsuu],239,10,0.4957,0.5983,0.4231,0.92,0.6955,0.8075,0.6108,0.4,0.5855,0.8452,0.4479,0.24,0.3903,0.7782,0.2605,0.2,0.6297,0.8326,0.5064,0.32,0.6955,0.8075,0.6108,0.4,0.6955,0.8075,0.6108,0.4
2122957 StylipS - MIRACLE RUSH (TV Size) [Roger & 10186's Kantan],136,10,0.4099,0.4265,0.3946,0.96,0.5265,0.875,0.3766,0.4,0.4201,0.7059,0.2991,0.32,0.2553,0.7941,0.1521,0.24,0.4913,0.7279,0.3708,0.44,0.5265,0.875,0.3766,0.4,0.5265,0.875,0.3766,0.4
2122957 StylipS - MIRACLE RUSH (TV Size) [Roger's Muzukashii],341,10,0.5516,0.7449,0.4379,0.84,0.7634,0.8328,0.7047,0.32,0.6566,0.7625,0.5765,0.24,0.4977,0.7771,0.366,0.04,0.6894,0.7419,0.6438,0.32,0.7634,0.8328,0.7047,0.32,0.7634,0.8328,0.7047,0.32
2123554 rejection - White Canvas (feat. Aitsuki Nakuru) (osu! edit) [Futsuu],316,10,0.6325,0.8196,0.5149,0.88,0.6468,0.6519,0.6417,0.68,0.5752,0.6962,0.49,0.48,0.6487,0.7627,0.5644,0.88,0.6437,0.7405,0.5693,0.52,0.6468,0.6519,0.6417,0.68,0.6468,0.6519,0.6417,0.68
2123554 rejection - White Canvas (feat. Aitsuki Nakuru) (osu! edit) [Kantan],166,10,0.569,0.8193,0.4359,0.92,0.6033,0.7651,0.498,0.76,0.4759,0.8313,0.3333,0.52,0.4992,0.8916,0.3466,0.88,0.5664,0.7831,0.4437,0.68,0.6033,0.7651,0.498,0.76,0.6033,0.7651,0.498,0.76
2123554 rejection - White Canvas (feat. Aitsuki Nakuru) (osu! edit) [Muzukashii],431,10,0.7131,0.7726,0.662,0.88,0.7168,0.8074,0.6444,0.48,0.6661,0.8585,0.5441,0.32,0.724,0.8886,0.6108,0.8,0.6989,0.7703,0.6397,0.44,0.7168,0.8074,0.6444,0.48,0.7168,0.8074,0.6444,0.48
2123554 rejection - White Canvas (feat. Aitsuki Nakuru) (osu! edit) [Oni],578,10,0.772,0.8962,0.678,0.8,0.7971,0.8599,0.7429,0.36,0.7559,0.8599,0.6744,0.28,0.7755,0.8668,0.7017,0.76,0.771,0.7924,0.7508,0.36,0.7971,0.8599,0.7429,0.36,0.7971,0.8599,0.7429,0.36
2124050 MAN WITH A MISSION - When My Devil Rises [HeLLFly's Muzukashii],1342,10,0.7357,0.8793,0.6324,0.84,0.787,0.804,0.7707,0.32,0.7346,0.8137,0.6695,0.2,0.7284,0.8875,0.6177,0.84,0.7457,0.7407,0.7508,0.28,0.787,0.804,0.7707,0.32,0.787,0.804,0.7707,0.32
2124050 MAN WITH A MISSION - When My Devil Rises [Oni],1599,10,0.7723,0.8368,0.717,0.84,0.8029,0.7974,0.8085,0.28,0.7536,0.7611,0.7462,0.2,0.7695,0.8487,0.7038,0.84,0.7591,0.748,0.7706,0.24,0.8029,0.7974,0.8085,0.28,0.8029,0.7974,0.8085,0.28
2124050 MAN WITH A MISSION - When My Devil Rises [Overlord],1858,10,0.7852,0.7869,0.7835,0.84,0.7849,0.7255,0.8548,0.28,0.7337,0.6889,0.7848,0.2,0.7861,0.8009,0.7718,0.84,0.7412,0.7513,0.7313,0.2,0.7849,0.7255,0.8548,0.28,0.7849,0.7255,0.8548,0.28
2125034 Agressor Bunx - Acid Mirage (Cut Ver.) [Apparition],716,10,0.7284,0.8464,0.6392,0.72,0.7915,0.8324,0.7544,0.24,0.4869,0.4148,0.5893,0.44,0.7018,0.7905,0.631,0.6,0.7217,0.757,0.6896,0.2,0.7915,0.8324,0.7544,0.24,0.7915,0.8324,0.7544,0.24
2125034 Agressor Bunx - Acid Mirage (Cut Ver.) [Futsuu],318,10,0.6593,0.8396,0.5427,0.84,0.5836,0.6478,0.5309,0.52,0.4301,0.4497,0.4121,0.52,0.4902,0.6321,0.4004,0.8,0.5658,0.5409,0.5931,0.6,0.5836,0.6478,0.5309,0.52,0.5836,0.6478,0.5309,0.52
2125034 Agressor Bunx - Acid Mirage (Cut Ver.) [Kantan],165,10,0.5308,0.6,0.476,0.96,0.4304,0.7212,0.3067,0.52,0.3764,0.5212,0.2945,0.56,0.2779,0.4,0.2129,0.84,0.4638,0.4848,0.4444,0.84,0.4304,0.7212,0.3067,0.52,0.4304,0.7212,0.3067,0.52
2125034 Agressor Bunx - Acid Mirage (Cut Ver.) [Muzukashii],456,10,0.7215,0.75,0.6951,0.84,0.6932,0.8224,0.599,0.32,0.4729,0.4978,0.4504,0.44,0.5631,0.8026,0.4336,0.68,0.643,0.8136,0.5315,0.24,0.6932,0.8224,0.599,0.32,0.6932,0.8224,0.599,0.32
2125034 Agressor Bunx - Acid Mirage (Cut Ver.) [Oni],588,10,0.7259,0.6667,0.7967,0.84,0.7562,0.8861,0.6595,0.24,0.5,0.4643,0.5417,0.44,0.6434,0.801,0.5377,0.64,0.7016,0.8197,0.6132,0.2,0.7562,0.8861,0.6595,0.24,0.7562,0.8861,0.6595,0.24
2127953 Hotaru Murasaki - Re_TrymenT [HeLLFly's Oni],1157,10,0.6197,0.7191,0.5445,0.56,0.7389,0.7312,0.7467,0.36,0.4352,0.4252,0.4457,0.36,0.5784,0.6837,0.5013,0.32,0.6808,0.7061,0.6573,0.32,0.7389,0.7312,0.7467,0.36,0.7389,0.7312,0.7467,0.36
2127953 Hotaru Murasaki - Re_TrymenT [Inner Oni],1367,10,0.6465,0.7418,0.5729,0.48,0.7208,0.6591,0.7952,0.36,0.432,0.4755,0.3959,0.28,0.6188,0.6869,0.5629,0.28,0.6703,0.711,0.6341,0.28,0.7208,0.6591,0.7952,0.36,0.7208,0.6591,0.7952,0.36
2127953 Hotaru Murasaki - Re_TrymenT [Muzukashii],1045,10,0.5892,0.7254,0.4961,0.56,0.7447,0.7761,0.7158,0.36,0.4421,0.4545,0.4303,0.36,0.5421,0.6804,0.4506,0.32,0.6923,0.7579,0.6372,0.32,0.7447,0.7761,0.7158,0.36,0.7447,0.7761,0.7158,0.36
2132504 Nishio Etsuko - Jajauma ni Sasenaide (TV Size) [Futsuu],243,10,0.5416,0.6296,0.4752,0.8,0.7442,0.9218,0.624,0.36,0.6677,0.8519,0.5491,0.24,0.5763,0.6996,0.4899,0.72,0.7092,0.893,0.5881,0.32,0.7442,0.9218,0.624,0.36,0.7442,0.9218,0.624,0.36
2132504 Nishio Etsuko - Jajauma ni Sasenaide (TV Size) [HeLLFly's Oni],477,10,0.7299,0.7505,0.7103,0.6,0.8489,0.8302,0.8684,0.2,0.7639,0.7191,0.8147,0.2,0.7528,0.7694,0.7369,0.52,0.7907,0.8239,0.7602,0.16,0.8489,0.8302,0.8684,0.2,0.8489,0.8302,0.8684,0.2
2132504 Nishio Etsuko - Jajauma ni Sasenaide (TV Size) [Kantan],139,10,0.3737,0.5324,0.2879,0.84,0.5426,0.7554,0.4234,0.6,0.4869,0.6691,0.3827,0.48,0.428,0.7482,0.2997,0.72,0.5156,0.7122,0.4041,0.52,0.5426,0.7554,0.4234,0.6,0.5426,0.7554,0.4234,0.6
2132504 Nishio Etsuko - Jajauma ni Sasenaide (TV Size) [Muzukashii],379,10,0.6754,0.7441,0.6184,0.68,0.8263,0.9103,0.7566,0.2,0.7575,0.7995,0.7197,0.2,0.7073,0.7652,0.6576,0.64,0.7871,0.8391,0.7413,0.24,0.8263,0.9103,0.7566,0.2,0.8263,0.9103,0.7566,0.2
2135245 LiSA - Gurenge (TV Size) [Demon Slayer],668,10,0.7161,0.7006,0.7324,0.64,0.735,0.762,0.7099,0.24,0.5388,0.738,0.4243,0.12,0.661,0.6347,0.6894,0.6,0.7023,0.7665,0.6481,0.2,0.735,0.762,0.7099,0.24,0.735,0.762,0.7099,0.24
2135245 LiSA - Gurenge (TV Size) [Demonic Oni],606,10,0.7201,0.6749,0.7717,0.76,0.7435,0.7343,0.753,0.28,0.5305,0.7739,0.4036,0.12,0.6543,0.6403,0.669,0.64,0.703,0.703,0.703,0.24,0.7435,0.7343,0.753,0.28,0.7435,0.7343,0.753,0.28
2135245 LiSA - Gurenge (TV Size) [Futsuu],188,10,0.4329,0.6862,0.3162,0.84,0.5494,0.6809,0.4604,0.48,0.3939,0.3457,0.4577,0.6,0.3933,0.6862,0.2756,0.76,0.5455,0.6223,0.4855,0.48,0.5494,0.6809,0.4604,0.48,0.5494,0.6809,0.4604,0.48
2135245 LiSA - Gurenge (TV Size) [Hell Oni],549,10,0.7229,0.7104,0.7358,0.76,0.7614,0.7905,0.7343,0.28,0.5342,0.8324,0.3933,0.12,0.6395,0.6576,0.6224,0.64,0.7048,0.7413,0.6716,0.24,0.7614,0.7905,0.7343,0.28,0.7614,0.7905,0.7343,0.28
2135245 LiSA - Gurenge (TV Size) [Inner Oni],488,10,0.7112,0.7418,0.683,0.76,0.7655,0.8463,0.6988,0.28,0.5248,0.8873,0.3726,0.12,0.624,0.6496,0.6004,0.72,0.7057,0.791,0.637,0.24,0.7655,0.8463,0.6988,0.28,0.7655,0.8463,0.6988,0.28
2135245 LiSA - Gurenge (TV Size) [Kantan],105,10,0.3839,0.4095,0.3613,0.96,0.4508,0.5238,0.3957,0.68,0.3162,0.3524,0.2868,0.64,0.2876,0.419,0.2189,0.92,0.4207,0.5429,0.3434,0.6,0.4508,0.5238,0.3957,0.68,0.4508,0.5238,0.3957,0.68
2135245 LiSA - Gurenge (TV Size) [Muzukashii],285,10,0.5184,0.6912,0.4147,0.8,0.6582,0.8175,0.5508,0.36,0.449,0.4632,0.4356,0.36,0.4728,0.6246,0.3803,0.76,0.6337,0.8105,0.5203,0.32,0.6582,0.8175,0.5508,0.36,0.6582,0.8175,0.5508,0.36
2135245 LiSA - Gurenge (TV Size) [Oni],380,10,0.6242,0.7474,0.5358,0.76,0.7293,0.8474,0.6402,0.32,0.4823,0.5921,0.4069,0.24,0.5566,0.6211,0.5043,0.76,0.682,0.7395,0.6329,0.32,0.7293,0.8474,0.6402,0.32,0.7293,0.8474,0.6402,0.32
2140414 Parry Gripp - There's A Cat Licking Your Birthday Cake [Birthday Oni],153,10,0.7148,0.7124,0.7171,0.76,0.8788,0.9477,0.8192,0.24,0.7893,0.8693,0.7228,0.24,0.6446,0.7647,0.5571,0.56,0.8308,0.8824,0.7849,0.2,0.8788,0.9477,0.8192,0.24,0.8788,0.9477,0.8192,0.24
2140414 Parry Gripp - There's A Cat Licking Your Birthday Cake [Futsuu],76,10,0.5941,0.7895,0.4762,0.8,0.671,0.6842,0.6582,0.56,0.6163,0.6974,0.5521,0.56,0.4545,0.8553,0.3095,0.56,0.6434,0.6053,0.6866,0.52,0.671,0.6842,0.6582,0.56,0.671,0.6842,0.6582,0.56
2140414 Parry Gripp - There's A Cat Licking Your Birthday Cake [Kantan],38,10,0.4941,0.5526,0.4468,0.92,0.4731,0.5789,0.4,0.68,0.4894,0.6053,0.4107,0.88,0.3467,0.3421,0.3514,0.96,0.4898,0.6316,0.4,0.56,0.4731,0.5789,0.4,0.68,0.4731,0.5789,0.4,0.68
2140414 Parry Gripp - There's A Cat Licking Your Birthday Cake [Muzukashii],119,10,0.702,0.7227,0.6825,0.8,0.8385,0.916,0.773,0.36,0.7652,0.7395,0.7928,0.48,0.5775,0.6891,0.497,0.76,0.8066,0.8235,0.7903,0.32,0.8385,0.916,0.773,0.36,0.8385,0.916,0.773,0.36
2140875 HOYO-MiX - If I Can Stop One Heart From Breaking [Dream],490,10,0.3726,0.6224,0.2659,0.0,0.6252,0.749,0.5365,0.32,0.4782,0.6388,0.3822,0.44,0.3217,0.4531,0.2494,0.08,0.5356,0.6673,0.4473,0.28,0.6252,0.749,0.5365,0.32,0.6252,0.749,0.5365,0.32
2140875 HOYO-MiX - If I Can Stop One Heart From Breaking [Futsuu],372,10,0.3133,0.5618,0.2173,0.2,0.5676,0.6882,0.483,0.4,0.4502,0.4866,0.419,0.64,0.2805,0.4758,0.1989,0.08,0.5054,0.6317,0.4211,0.36,0.5676,0.6882,0.483,0.4,0.5676,0.6882,0.483,0.4
2140875 HOYO-MiX - If I Can Stop One Heart From Breaking [Kantan],268,10,0.2602,0.4403,0.1847,0.48,0.5146,0.6567,0.4231,0.48,0.4,0.5224,0.3241,0.64,0.2428,0.2836,0.2123,0.6,0.4455,0.6866,0.3297,0.36,0.5146,0.6567,0.4231,0.48,0.5146,0.6567,0.4231,0.48
2141386 ClariS - Alethea (TV Size) [Futsuu],219,10,0.4935,0.5205,0.4691,0.92,0.6441,0.8676,0.5121,0.32,0.4408,0.7306,0.3156,0.2,0.4509,0.6712,0.3395,0.84,0.5851,0.8402,0.4488,0.24,0.6441,0.8676,0.5121,0.32,0.6441,0.8676,0.5121,0.32
2141386 ClariS - Alethea (TV Size) [Inner Oni],475,10,0.6543,0.7032,0.6117,0.8,0.7331,0.7432,0.7234,0.24,0.5314,0.7579,0.4091,0.12,0.6362,0.7768,0.5387,0.64,0.6901,0.7221,0.6609,0.2,0.7331,0.7432,0.7234,0.24,0.7331,0.7432,0.7234,0.24
2141386 ClariS - Alethea (TV Size) [Kantan],102,10,0.4225,0.4412,0.4054,0.96,0.4725,0.7157,0.3527,0.48,0.2806,0.6961,0.1757,0.24,0.3377,0.5098,0.2524,0.92,0.4155,0.7353,0.2896,0.36,0.4725,0.7157,0.3527,0.48,0.4725,0.7157,0.3527,0.48
2141386 ClariS - Alethea (TV Size) [Muzukashii],332,10,0.5573,0.6807,0.4718,0.84,0.7681,0.8133,0.7278,0.32,0.5268,0.6657,0.4359,0.2,0.5224,0.6837,0.4227,0.8,0.7197,0.8042,0.6512,0.24,0.7681,0.8133,0.7278,0.32,0.7681,0.8133,0.7278,0.32
2141386 ClariS - Alethea (TV Size) [Oni],422,10,0.6281,0.7204,0.5568,0.8,0.7648,0.8246,0.7131,0.24,0.544,0.7038,0.4433,0.16,0.593,0.7441,0.4929,0.72,0.7115,0.7014,0.722,0.24,0.7648,0.8246,0.7131,0.24,0.7648,0.8246,0.7131,0.24
2145794 Louis Cole - I'm Tight [Tight Collab],2296,10,0.7189,0.7509,0.6896,0.24,0.8234,0.8023,0.8457,0.12,0.7573,0.767,0.7478,0.12,0.6964,0.6934,0.6995,0.0,0.7956,0.767,0.8264,0.08,0.8234,0.8023,0.8457,0.12,0.8234,0.8023,0.8457,0.12
2148429 Marina and the Diamonds - How to Be a Heartbreaker (Nightcore & Cut Ver.) [Futsuu],187,10,0.6235,0.5401,0.7372,0.92,0.691,0.9626,0.5389,0.24,0.5657,0.9786,0.3978,0.08,0.6534,0.7005,0.6121,0.84,0.6681,0.8503,0.5502,0.2,0.691,0.9626,0.5389,0.24,0.691,0.9626,0.5389,0.24
2148429 Marina and the Diamonds - How to Be a Heartbreaker (Nightcore & Cut Ver.) [Kantan],98,10,0.5362,0.6429,0.4599,0.92,0.4444,0.9796,0.2874,0.24,0.3441,0.9796,0.2087,0.08,0.4295,0.6837,0.3131,0.84,0.4247,0.949,0.2735,0.16,0.4444,0.9796,0.2874,0.24,0.4444,0.9796,0.2874,0.24
2148429 Marina and the Diamonds - How to Be a Heartbreaker (Nightcore & Cut Ver.) [Muzukashii],260,10,0.7114,0.9577,0.5659,0.48,0.798,0.9115,0.7096,0.24,0.6778,0.9385,0.5304,0.08,0.6898,0.9538,0.5403,0.44,0.7667,0.8846,0.6765,0.16,0.798,0.9115,0.7096,0.24,0.798,0.9115,0.7096,0.24
2148429 Marina and the Diamonds - How to Be a Heartbreaker (Nightcore & Cut Ver.) [Oni],346,10,0.7735,0.8786,0.6909,0.48,0.8045,0.8208,0.7889,0.2,0.7022,0.8179,0.6152,0.08,0.7528,0.8757,0.6601,0.44,0.7678,0.8121,0.728,0.12,0.8045,0.8208,0.7889,0.2,0.8045,0.8208,0.7889,0.2
2154172 HoneyWorks - Heroine wa Heikin Ika. feat. Suzumi Hiyori (CV_ Inori Minase) [Futsuu],833,10,0.6657,0.7863,0.5771,0.88,0.7625,0.8595,0.6852,0.36,0.648,0.8463,0.5249,0.2,0.6145,0.7827,0.5058,0.84,0.7213,0.8499,0.6265,0.28,0.7625,0.8595,0.6852,0.36,0.7625,0.8595,0.6852,0.36
2154172 HoneyWorks - Heroine wa Heikin Ika. feat. Suzumi Hiyori (CV_ Inori Minase) [Kantan],457,10,0.4955,0.6696,0.3933,0.92,0.6028,0.8534,0.4659,0.44,0.5036,0.7593,0.3768,0.28,0.4235,0.6783,0.3078,0.88,0.562,0.7287,0.4574,0.4,0.6028,0.8534,0.4659,0.44,0.6028,0.8534,0.4659,0.44
2154172 HoneyWorks - Heroine wa Heikin Ika. feat. Suzumi Hiyori (CV_ Inori Minase) [Muzukashii],1099,10,0.7246,0.8044,0.6592,0.84,0.766,0.7862,0.7468,0.32,0.6593,0.7325,0.5994,0.2,0.6707,0.8135,0.5705,0.76,0.7321,0.7971,0.677,0.24,0.766,0.7862,0.7468,0.32,0.766,0.7862,0.7468,0.32
2154172 HoneyWorks - Heroine wa Heikin Ika. feat. Suzumi Hiyori (CV_ Inori Minase) [Oni],1422,10,0.79,0.8242,0.7586,0.76,0.7761,0.7764,0.7758,0.24,0.6673,0.7145,0.626,0.16,0.7454,0.7834,0.7109,0.76,0.7339,0.763,0.7068,0.2,0.7761,0.7764,0.7758,0.24,0.7761,0.7764,0.7758,0.24
2154172 HoneyWorks - Heroine wa Heikin Ika. feat. Suzumi Hiyori (CV_ Inori Minase) [Princess],1707,10,0.7921,0.7545,0.8337,0.76,0.756,0.7405,0.7721,0.2,0.6475,0.7053,0.5984,0.12,0.7715,0.7399,0.806,0.76,0.728,0.7786,0.6836,0.16,0.756,0.7405,0.7721,0.2,0.756,0.7405,0.7721,0.2
2154950 Silentroom - Nhelv [Ascension],2471,10,0.7117,0.7224,0.7014,0.8,0.8032,0.8151,0.7917,0.24,0.6925,0.6471,0.7448,0.24,0.7173,0.7382,0.6975,0.72,0.7743,0.7365,0.8161,0.2,0.8032,0.8151,0.7917,0.24,0.8032,0.8151,0.7917,0.24
2155487 MAX - Checklist (feat. Chromeo) [123 // abc],1105,10,0.6825,0.6498,0.7187,0.48,0.6853,0.6977,0.6734,0.12,0.5733,0.543,0.6073,0.12,0.676,0.6344,0.7234,0.44,0.6598,0.6914,0.6309,0.08,0.6853,0.6977,0.6734,0.12,0.6853,0.6977,0.6734,0.12
2155487 MAX - Checklist (feat. Chromeo) [Alice's Oni],606,10,0.6813,0.7195,0.6469,0.68,0.7471,0.7508,0.7435,0.24,0.6651,0.6865,0.645,0.2,0.6662,0.7723,0.5857,0.56,0.7301,0.7096,0.7517,0.2,0.7471,0.7508,0.7435,0.24,0.7471,0.7508,0.7435,0.24
2155487 MAX - Checklist (feat. Chromeo) [Futsuu],331,10,0.6319,0.568,0.7121,0.84,0.7063,0.8066,0.6282,0.4,0.6142,0.8248,0.4892,0.24,0.5808,0.6405,0.5313,0.72,0.6857,0.7976,0.6014,0.28,0.7063,0.8066,0.6282,0.4,0.7063,0.8066,0.6282,0.4
2155487 MAX - Checklist (feat. Chromeo) [Inner Oni],982,10,0.6734,0.6792,0.6677,0.48,0.677,0.7332,0.6288,0.12,0.5655,0.5672,0.5638,0.12,0.68,0.6405,0.7247,0.52,0.6484,0.724,0.5871,0.08,0.677,0.7332,0.6288,0.12,0.677,0.7332,0.6288,0.12
2155487 MAX - Checklist (feat. Chromeo) [Kantan],170,10,0.5669,0.5235,0.6181,0.92,0.572,0.8176,0.4399,0.52,0.4667,0.7824,0.3325,0.32,0.5561,0.6118,0.5098,0.8,0.5598,0.8118,0.4272,0.4,0.572,0.8176,0.4399,0.52,0.572,0.8176,0.4399,0.52
2155487 MAX - Checklist (feat. Chromeo) [ZTH's Muzukashii],504,10,0.602,0.5853,0.6197,0.76,0.7581,0.7897,0.7289,0.28,0.6667,0.7599,0.5938,0.2,0.5962,0.6766,0.5328,0.64,0.7379,0.7877,0.6941,0.2,0.7581,0.7897,0.7289,0.28,0.7581,0.7897,0.7289,0.28
2155520 Tedjimo yomigY - Usuva Kagerow [Dragonfly],1066,10,0.7921,0.7739,0.8112,0.0,0.8752,0.8555,0.8959,0.08,0.7853,0.7927,0.7781,0.08,0.7243,0.7186,0.7302,0.0,0.8082,0.7627,0.8594,0.08,0.8752,0.8555,0.8959,0.08,0.8752,0.8555,0.8959,0.08
2155520 Tedjimo yomigY - Usuva Kagerow [Futsuu],470,10,0.5811,0.8426,0.4434,0.48,0.7404,0.8404,0.6616,0.24,0.6411,0.7638,0.5523,0.2,0.4937,0.7979,0.3575,0.0,0.7154,0.7915,0.6526,0.2,0.7404,0.8404,0.6616,0.24,0.7404,0.8404,0.6616,0.24
2155520 Tedjimo yomigY - Usuva Kagerow [Muzukashii],718,10,0.7124,0.8607,0.6077,0.0,0.8393,0.8621,0.8177,0.16,0.7397,0.8092,0.6811,0.12,0.6237,0.7674,0.5253,0.0,0.8059,0.8412,0.7734,0.12,0.8393,0.8621,0.8177,0.16,0.8393,0.8621,0.8177,0.16
2155520 Tedjimo yomigY - Usuva Kagerow [Oni],914,10,0.7706,0.814,0.7316,0.0,0.8561,0.9048,0.8124,0.08,0.766,0.8381,0.7053,0.08,0.6949,0.7462,0.6501,0.0,0.8086,0.8228,0.7949,0.08,0.8561,0.9048,0.8124,0.08,0.8561,0.9048,0.8124,0.08
2155520 Tedjimo yomigY - Usuva Kagerow [davidminh's Kantan],267,10,0.3825,0.573,0.2871,0.8,0.5933,0.8989,0.4428,0.28,0.4929,0.8464,0.3477,0.2,0.3034,0.6442,0.1984,0.44,0.5684,0.6929,0.4818,0.32,0.5933,0.8989,0.4428,0.28,0.5933,0.8989,0.4428,0.28
2155698 Nakura - 7th Sphere [Futsuu],384,10,0.5847,0.4766,0.7562,0.96,0.6988,0.9062,0.5686,0.52,0.5309,0.8385,0.3884,0.28,0.5957,0.5833,0.6087,0.92,0.6522,0.8229,0.5402,0.48,0.6988,0.9062,0.5686,0.52,0.6988,0.9062,0.5686,0.52
2155698 Nakura - 7th Sphere [Inner Oni],842,10,0.8045,0.8919,0.7327,0.6,0.8238,0.8135,0.8343,0.32,0.6663,0.7292,0.6134,0.24,0.7702,0.8337,0.7156,0.56,0.7891,0.7708,0.8082,0.32,0.8238,0.8135,0.8343,0.32,0.8238,0.8135,0.8343,0.32
2155698 Nakura - 7th Sphere [Kantan],228,10,0.4894,0.5044,0.4752,0.96,0.4857,0.8947,0.3333,0.52,0.3417,0.9211,0.2098,0.24,0.4463,0.5833,0.3614,0.92,0.4606,0.8596,0.3146,0.44,0.4857,0.8947,0.3333,0.52,0.4857,0.8947,0.3333,0.52
2155698 Nakura - 7th Sphere [Muzukashii],541,10,0.6449,0.8577,0.5167,0.68,0.7805,0.8872,0.6967,0.44,0.5927,0.8447,0.4565,0.24,0.6249,0.525,0.7717,0.92,0.7457,0.8373,0.6721,0.4,0.7805,0.8872,0.6967,0.44,0.7805,0.8872,0.6967,0.44
2155698 Nakura - 7th Sphere [Oni],705,10,0.7311,0.8312,0.6526,0.68,0.8207,0.8113,0.8302,0.44,0.653,0.7901,0.5564,0.24,0.6904,0.8255,0.5933,0.56,0.7875,0.7702,0.8056,0.4,0.8207,0.8113,0.8302,0.44,0.8207,0.8113,0.8302,0.44
2155744 Aqours - WATER BLUE NEW WORLD [BEYOND THE LIMITS],1977,10,0.7204,0.823,0.6406,0.84,0.756,0.7688,0.7436,0.32,0.6246,0.7405,0.54,0.2,0.6536,0.7825,0.5611,0.68,0.6485,0.7167,0.5921,0.28,0.756,0.7688,0.7436,0.32,0.756,0.7688,0.7436,0.32
2156106 solfa feat. Shimotsuki Haruka - my sweet heart [futsuu],269,10,0.5994,0.7398,0.5038,0.8,0.7599,0.8587,0.6814,0.36,0.7041,0.8848,0.5848,0.24,0.5183,0.71,0.4081,0.68,0.6998,0.8104,0.6158,0.28,0.7599,0.8587,0.6814,0.36,0.7599,0.8587,0.6814,0.36
2156106 solfa feat. Shimotsuki Haruka - my sweet heart [kantan],145,10,0.3983,0.6345,0.2902,0.84,0.5165,0.8621,0.3687,0.36,0.4601,0.8759,0.312,0.24,0.3426,0.7241,0.2244,0.68,0.4689,0.8069,0.3305,0.28,0.5165,0.8621,0.3687,0.36,0.5165,0.8621,0.3687,0.36
2156106 solfa feat. Shimotsuki Haruka - my sweet heart [muzukashii],343,10,0.6806,0.8076,0.5881,0.72,0.8224,0.8776,0.7738,0.28,0.7547,0.8251,0.6953,0.24,0.6141,0.7259,0.5321,0.68,0.7554,0.8192,0.7007,0.24,0.8224,0.8776,0.7738,0.28,0.8224,0.8776,0.7738,0.28
2156106 solfa feat. Shimotsuki Haruka - my sweet heart [oni],427,10,0.7394,0.7775,0.7049,0.72,0.8405,0.8454,0.8356,0.24,0.758,0.8033,0.7176,0.2,0.6768,0.7283,0.6321,0.64,0.7649,0.8267,0.7117,0.2,0.8405,0.8454,0.8356,0.24,0.8405,0.8454,0.8356,0.24
2156106 solfa feat. Shimotsuki Haruka - my sweet heart [ura oni],500,10,0.7621,0.74,0.7856,0.72,0.8241,0.806,0.8431,0.2,0.7362,0.72,0.7531,0.2,0.7036,0.698,0.7093,0.64,0.759,0.756,0.7621,0.2,0.8241,0.806,0.8431,0.2,0.8241,0.806,0.8431,0.2
2158678 YOASOBI - Romance (YUPPUN Hardcore Remix) [Futsuu],555,10,0.7705,0.6955,0.8635,0.96,0.7457,0.8108,0.6902,0.68,0.6443,0.7946,0.5418,0.6,0.7049,0.7856,0.6393,0.96,0.6699,0.7532,0.6032,0.6,0.7457,0.8108,0.6902,0.68,0.7457,0.8108,0.6902,0.68
2158678 YOASOBI - Romance (YUPPUN Hardcore Remix) [Koibumi],1180,10,0.7969,0.8729,0.7331,0.84,0.7666,0.8237,0.7168,0.4,0.711,0.7881,0.6476,0.4,0.8087,0.8508,0.7705,0.88,0.7097,0.8195,0.6259,0.36,0.7666,0.8237,0.7168,0.4,0.7666,0.8237,0.7168,0.4
2158678 YOASOBI - Romance (YUPPUN Hardcore Remix) [Muzukashii],730,10,0.7034,0.7616,0.6533,0.92,0.6697,0.8151,0.5683,0.52,0.61,0.7521,0.5131,0.52,0.7078,0.8562,0.6033,0.92,0.6519,0.726,0.5915,0.52,0.6697,0.8151,0.5683,0.52,0.6697,0.8151,0.5683,0.52
2158678 YOASOBI - Romance (YUPPUN Hardcore Remix) [Oni],924,10,0.7617,0.7316,0.7944,0.92,0.7316,0.7803,0.6886,0.52,0.6726,0.8139,0.5732,0.44,0.7786,0.8258,0.7365,0.92,0.7026,0.7413,0.6676,0.48,0.7316,0.7803,0.6886,0.52,0.7316,0.7803,0.6886,0.52
2159124 Parannoul - Excuse [Growth],2241,10,0.6948,0.8768,0.5754,0.72,0.6471,0.8568,0.5199,0.2,0.5758,0.7604,0.4633,0.12,0.73,0.88,0.6237,0.6,0.5679,0.6613,0.4976,0.2,0.6471,0.8568,0.5199,0.2,0.6471,0.8568,0.5199,0.2
2159203 Minstrel - Cinderella Cage ~Falling in Love Again~ [Muzukashii],1183,10,0.6495,0.809,0.5425,0.84,0.7595,0.8411,0.6924,0.32,0.6208,0.8284,0.4965,0.2,0.6405,0.8825,0.5026,0.72,0.671,0.6999,0.6444,0.32,0.7595,0.8411,0.6924,0.32,0.7595,0.8411,0.6924,0.32
2159203 Minstrel - Cinderella Cage ~Falling in Love Again~ [Oni],1558,10,0.7274,0.828,0.6486,0.76,0.7553,0.7259,0.7871,0.32,0.6308,0.715,0.5643,0.2,0.7173,0.8485,0.6212,0.68,0.6763,0.6874,0.6656,0.28,0.7553,0.7259,0.7871,0.32,0.7553,0.7259,0.7871,0.32
2159203 Minstrel - Cinderella Cage ~Falling in Love Again~ [Romanticism],1833,10,0.7509,0.7829,0.7215,0.76,0.7318,0.713,0.7516,0.28,0.6301,0.7578,0.5392,0.16,0.7474,0.8151,0.6901,0.64,0.6738,0.7529,0.6098,0.24,0.7318,0.713,0.7516,0.28,0.7318,0.713,0.7516,0.28
2159587 Flanger Moose - Brain Implosion Energy Drink (feat. Kasane Teto) [Futsuu],81,10,0.6544,0.8765,0.5221,0.72,0.7662,0.9506,0.6417,0.48,0.7886,0.8519,0.734,0.56,0.5625,0.7778,0.4406,0.68,0.709,0.8272,0.6204,0.48,0.7662,0.9506,0.6417,0.48,0.7662,0.9506,0.6417,0.48
2159587 Flanger Moose - Brain Implosion Energy Drink (feat. Kasane Teto) [Kantan],49,10,0.4757,0.898,0.3235,0.72,0.5562,0.9592,0.3917,0.48,0.6325,0.7551,0.5441,0.72,0.3958,0.7755,0.2657,0.68,0.4943,0.8776,0.344,0.4,0.5562,0.9592,0.3917,0.48,0.5562,0.9592,0.3917,0.48
2159587 Flanger Moose - Brain Implosion Energy Drink (feat. Kasane Teto) [Muzukashii],116,10,0.7698,0.8362,0.7132,0.72,0.839,0.8534,0.825,0.48,0.8175,0.8879,0.7574,0.36,0.65,0.7845,0.5549,0.64,0.8077,0.9052,0.7292,0.32,0.839,0.8534,0.825,0.48,0.839,0.8534,0.825,0.48
2159587 Flanger Moose - Brain Implosion Energy Drink (feat. Kasane Teto) [Overthink],157,10,0.7628,0.758,0.7677,0.68,0.8156,0.7325,0.92,0.44,0.7782,0.7261,0.8382,0.36,0.6866,0.8025,0.6,0.56,0.7841,0.7516,0.8194,0.32,0.8156,0.7325,0.92,0.44,0.8156,0.7325,0.92,0.44
2160623 ONE OK ROCK - Gravity feat. Satoshi Fujihara (Official HIGE DANdism) [Falling],779,10,0.6201,0.6611,0.5839,0.68,0.6537,0.7125,0.6039,0.28,0.3654,0.2953,0.4792,0.4,0.64,0.6573,0.6236,0.6,0.6338,0.6688,0.6023,0.24,0.6537,0.7125,0.6039,0.28,0.6537,0.7125,0.6039,0.28
2160623 ONE OK ROCK - Gravity feat. Satoshi Fujihara (Official HIGE DANdism) [Futsuu],575,10,0.5422,0.687,0.4478,0.68,0.6657,0.7791,0.5811,0.32,0.4065,0.3478,0.489,0.44,0.5659,0.687,0.4811,0.6,0.6388,0.7165,0.5762,0.28,0.6657,0.7791,0.5811,0.32,0.6657,0.7791,0.5811,0.32
2160623 ONE OK ROCK - Gravity feat. Satoshi Fujihara (Official HIGE DANdism) [Kantan],340,10,0.3806,0.6471,0.2696,0.72,0.5172,0.6853,0.4153,0.4,0.3765,0.3588,0.3961,0.52,0.3993,0.6559,0.287,0.64,0.4967,0.7706,0.3664,0.28,0.5172,0.6853,0.4153,0.4,0.5172,0.6853,0.4153,0.4
2160623 ONE OK ROCK - Gravity feat. Satoshi Fujihara (Official HIGE DANdism) [Muzukashii],667,10,0.5784,0.6717,0.5079,0.68,0.6273,0.6762,0.585,0.32,0.3736,0.3013,0.4914,0.44,0.5968,0.6657,0.5408,0.6,0.5992,0.6882,0.5306,0.24,0.6273,0.6762,0.585,0.32,0.6273,0.6762,0.585,0.32
2161753 Ogura Yui - Akai Ribbon [Tsunagitai],1526,10,0.7047,0.8014,0.6288,0.68,0.7945,0.8106,0.779,0.28,0.6278,0.673,0.5882,0.24,0.6829,0.7713,0.6127,0.52,0.7252,0.7169,0.7337,0.28,0.7945,0.8106,0.779,0.28,0.7945,0.8106,0.779,0.28
2164461 Takeshita - CLiMAXX [FUTSUU],217,10,0.6279,0.6221,0.6338,0.92,0.6529,0.8756,0.5205,0.24,0.4491,0.8848,0.3009,0.12,0.5719,0.8433,0.4326,0.72,0.6179,0.7788,0.5121,0.24,0.6529,0.8756,0.5205,0.24,0.6529,0.8756,0.5205,0.24
2164461 Takeshita - CLiMAXX [HELL ONi],468,10,0.8085,0.7714,0.8494,0.72,0.7495,0.7415,0.7576,0.2,0.5834,0.8483,0.4446,0.08,0.796,0.7671,0.8272,0.6,0.7023,0.7714,0.6446,0.16,0.7495,0.7415,0.7576,0.2,0.7495,0.7415,0.7576,0.2
2164461 Takeshita - CLiMAXX [KANTAN],116,10,0.5046,0.7155,0.3897,0.92,0.489,0.6724,0.3842,0.36,0.3048,0.7672,0.1902,0.16,0.3709,0.8793,0.235,0.6,0.4709,0.7672,0.3397,0.28,0.489,0.6724,0.3842,0.36,0.489,0.6724,0.3842,0.36
2164461 Takeshita - CLiMAXX [MUZUKASHii],301,10,0.7093,0.8472,0.61,0.76,0.7117,0.7874,0.6493,0.24,0.5218,0.814,0.384,0.12,0.6989,0.8405,0.5981,0.72,0.6639,0.7907,0.5721,0.2,0.7117,0.7874,0.6493,0.24,0.7117,0.7874,0.6493,0.24
2164461 Takeshita - CLiMAXX [ONi],373,10,0.7594,0.8123,0.7129,0.72,0.7365,0.8204,0.6681,0.2,0.546,0.7399,0.4326,0.12,0.7525,0.807,0.7049,0.68,0.6768,0.7158,0.6418,0.2,0.7365,0.8204,0.6681,0.2,0.7365,0.8204,0.6681,0.2
2164461 Takeshita - CLiMAXX [iNNER ONi],419,10,0.7844,0.79,0.7788,0.72,0.7457,0.7804,0.714,0.2,0.5549,0.8687,0.4076,0.08,0.773,0.7804,0.7658,0.68,0.6844,0.7995,0.5982,0.16,0.7457,0.7804,0.714,0.2,0.7457,0.7804,0.714,0.2
"2165134 25-ji, Nightcord de. x Hatsune Miku - Keitai Renwa [Futsuu]",336,10,0.4488,0.4821,0.4197,0.92,0.6209,0.8482,0.4897,0.28,0.4577,0.8452,0.3138,0.12,0.4605,0.7113,0.3405,0.8,0.5946,0.7857,0.4783,0.24,0.6209,0.8482,0.4897,0.28,0.6209,0.8482,0.4897,0.28
"2165134 25-ji, Nightcord de. x Hatsune Miku - Keitai Renwa [Muzukashii]",527,10,0.6046,0.9241,0.4493,0.48,0.7297,0.8349,0.648,0.24,0.5517,0.7495,0.4365,0.12,0.5991,0.9203,0.4441,0.28,0.6857,0.7742,0.6154,0.2,0.7297,0.8349,0.648,0.24,0.7297,0.8349,0.648,0.24
"2165134 25-ji, Nightcord de. x Hatsune Miku - Keitai Renwa [Oni]",683,10,0.6943,0.9429,0.5495,0.36,0.7671,0.8389,0.7065,0.2,0.5831,0.6779,0.5116,0.12,0.6907,0.8975,0.5614,0.28,0.7012,0.7833,0.6346,0.16,0.7671,0.8389,0.7065,0.2,0.7671,0.8389,0.7065,0.2
"2165134 25-ji, Nightcord de. x Hatsune Miku - Keitai Renwa [Please, don't leave me!]",837,10,0.7595,0.9355,0.6392,0.24,0.784,0.7718,0.7965,0.2,0.6039,0.8124,0.4806,0.08,0.7416,0.8793,0.6411,0.0,0.7166,0.8626,0.6129,0.12,0.784,0.7718,0.7965,0.2,0.784,0.7718,0.7965,0.2
2165690 natori - Absolute Zero (TV Size) [Friendship],657,10,0.7634,0.8128,0.7197,0.76,0.7544,0.7199,0.7923,0.28,0.6542,0.7702,0.5685,0.16,0.7437,0.7884,0.7038,0.76,0.713,0.7032,0.723,0.24,0.7544,0.7199,0.7923,0.28,0.7544,0.7199,0.7923,0.28
2165690 natori - Absolute Zero (TV Size) [Futsuu],322,10,0.5802,0.854,0.4393,0.88,0.6993,0.8199,0.6097,0.36,0.5734,0.7702,0.4567,0.24,0.5445,0.8168,0.4084,0.84,0.6406,0.7391,0.5653,0.32,0.6993,0.8199,0.6097,0.36,0.6993,0.8199,0.6097,0.36
2165690 natori - Absolute Zero (TV Size) [Kantan],179,10,0.4423,0.514,0.3882,0.96,0.4808,0.9106,0.3267,0.32,0.374,0.7542,0.2486,0.24,0.3812,0.7486,0.2557,0.88,0.4577,0.6201,0.3627,0.4,0.4808,0.9106,0.3267,0.32,0.4808,0.9106,0.3267,0.32
2165690 natori - Absolute Zero (TV Size) [Muzukashii],436,10,0.6723,0.8188,0.5703,0.88,0.7572,0.8119,0.7094,0.32,0.6405,0.8234,0.5241,0.2,0.6462,0.8463,0.5227,0.8,0.6872,0.7408,0.6409,0.28,0.7572,0.8119,0.7094,0.32,0.7572,0.8119,0.7094,0.32
2165690 natori - Absolute Zero (TV Size) [Oni],558,10,0.7424,0.8315,0.6705,0.84,0.7827,0.81,0.7571,0.28,0.6629,0.7384,0.6015,0.2,0.7168,0.8118,0.6416,0.8,0.7268,0.7796,0.6808,0.24,0.7827,0.81,0.7571,0.28,0.7827,0.81,0.7571,0.28
2166363 Noah - Deadly force - Put an end [Angelic Extermination],3678,10,0.8414,0.7939,0.8949,0.8,0.8298,0.7953,0.8674,0.32,0.8053,0.8037,0.807,0.28,0.8509,0.8159,0.8889,0.72,0.799,0.7882,0.81,0.32,0.8298,0.7953,0.8674,0.32,0.8298,0.7953,0.8674,0.32
"2167064 ONE OK ROCK feat. Koie from Crossfaith, MAH from SiM, Masato from coldrain - Skyfall (Cut Ver.) [Alice's Oni]",524,10,0.7301,0.8492,0.6403,0.8,0.75,0.8015,0.7047,0.28,0.5945,0.7653,0.4861,0.2,0.7328,0.8111,0.6682,0.8,0.6629,0.666,0.6597,0.28,0.75,0.8015,0.7047,0.28,0.75,0.8015,0.7047,0.28
"2167064 ONE OK ROCK feat. Koie from Crossfaith, MAH from SiM, Masato from coldrain - Skyfall (Cut Ver.) [Muzukashii]",427,10,0.6898,0.9063,0.5568,0.8,0.7455,0.8267,0.6788,0.32,0.5906,0.7822,0.4744,0.24,0.6905,0.8595,0.577,0.8,0.6757,0.7564,0.6106,0.28,0.7455,0.8267,0.6788,0.32,0.7455,0.8267,0.6788,0.32
"2167064 ONE OK ROCK feat. Koie from Crossfaith, MAH from SiM, Masato from coldrain - Skyfall (Cut Ver.) [Promises]",620,10,0.7417,0.85,0.6579,0.76,0.7368,0.7226,0.7517,0.28,0.5882,0.6855,0.5152,0.2,0.7532,0.8516,0.6752,0.76,0.6661,0.6919,0.6422,0.24,0.7368,0.7226,0.7517,0.28,0.7368,0.7226,0.7517,0.28
"2167064 ONE OK ROCK feat. Koie from Crossfaith, MAH from SiM, Masato from coldrain - Skyfall (Cut Ver.) [SN707 & Rycy's Futsuu]",299,10,0.6558,0.5385,0.8385,0.92,0.6794,0.7726,0.6063,0.4,0.5301,0.7793,0.4017,0.28,0.5938,0.7726,0.4823,0.84,0.6261,0.7224,0.5524,0.36,0.6794,0.7726,0.6063,0.4,0.6794,0.7726,0.6063,0.4
"2167064 ONE OK ROCK feat. Koie from Crossfaith, MAH from SiM, Masato from coldrain - Skyfall (Cut Ver.) [Slyme's Kantan]",177,10,0.6016,0.6271,0.5781,0.92,0.5804,0.7345,0.4797,0.48,0.4187,0.5311,0.3456,0.48,0.5333,0.5876,0.4883,0.92,0.5287,0.5198,0.538,0.64,0.5804,0.7345,0.4797,0.48,0.5804,0.7345,0.4797,0.48
2167177 ClariS - Koi Sekai (TV Size) [Futsuu],272,10,0.549,0.6801,0.4602,0.84,0.771,0.8603,0.6985,0.36,0.5534,0.7904,0.4257,0.2,0.5139,0.7132,0.4017,0.8,0.7086,0.7868,0.6446,0.32,0.771,0.8603,0.6985,0.36,0.771,0.8603,0.6985,0.36
2167177 ClariS - Koi Sekai (TV Size) [Kantan],142,10,0.4111,0.5211,0.3394,0.92,0.6321,0.9014,0.4867,0.44,0.4656,0.6197,0.3729,0.36,0.3376,0.5634,0.241,0.88,0.5774,0.7746,0.4603,0.44,0.6321,0.9014,0.4867,0.44,0.6321,0.9014,0.4867,0.44
2167177 ClariS - Koi Sekai (TV Size) [Muzukashii],353,10,0.6339,0.8584,0.5025,0.68,0.7779,0.7989,0.7581,0.32,0.5688,0.6912,0.4832,0.2,0.5986,0.8215,0.4708,0.68,0.7066,0.6856,0.7289,0.32,0.7779,0.7989,0.7581,0.32,0.7779,0.7989,0.7581,0.32
2167177 ClariS - Koi Sekai (TV Size) [Oni],422,10,0.6732,0.8175,0.5721,0.68,0.7627,0.7654,0.76,0.28,0.5746,0.7299,0.4738,0.16,0.6446,0.8294,0.5271,0.6,0.6839,0.7227,0.6489,0.24,0.7627,0.7654,0.76,0.28,0.7627,0.7654,0.76,0.28
2167177 ClariS - Koi Sekai (TV Size) [Ura Oni],506,10,0.7228,0.8142,0.6498,0.6,0.759,0.7688,0.7495,0.24,0.5761,0.6581,0.5123,0.16,0.7043,0.8142,0.6205,0.6,0.6757,0.7372,0.6237,0.2,0.759,0.7688,0.7495,0.24,0.759,0.7688,0.7495,0.24
2168905 KurageP - Chururira Chururira Daddadda! [2199's Oni],869,10,0.7179,0.7848,0.6615,0.92,0.7162,0.893,0.5978,0.24,0.6349,0.8964,0.4915,0.12,0.703,0.8757,0.5872,0.88,0.6257,0.7733,0.5254,0.2,0.7162,0.893,0.5978,0.24,0.7162,0.893,0.5978,0.24
2168905 KurageP - Chururira Chururira Daddadda! [Futsuu],435,10,0.5764,0.6506,0.5174,0.96,0.4865,0.8667,0.3381,0.28,0.4079,0.7632,0.2783,0.16,0.5582,0.5563,0.5602,0.96,0.4631,0.7494,0.335,0.24,0.4865,0.8667,0.3381,0.28,0.4865,0.8667,0.3381,0.28
2168905 KurageP - Chururira Chururira Daddadda! [Inner Oni],1135,10,0.7873,0.8493,0.7336,0.88,0.7522,0.8062,0.7049,0.24,0.6846,0.8203,0.5874,0.12,0.7832,0.8388,0.7346,0.88,0.657,0.8379,0.5403,0.16,0.7522,0.8062,0.7049,0.24,0.7522,0.8062,0.7049,0.24
2168905 KurageP - Chururira Chururira Daddadda! [Kantan],281,10,0.4396,0.6477,0.3327,0.96,0.3324,0.8256,0.2081,0.28,0.2755,0.9146,0.1621,0.12,0.4965,0.6299,0.4097,0.96,0.3222,0.7189,0.2076,0.24,0.3324,0.8256,0.2081,0.28,0.3324,0.8256,0.2081,0.28
2168905 KurageP - Chururira Chururira Daddadda! [Muzukashii],589,10,0.642,0.8829,0.5044,0.92,0.588,0.8506,0.4493,0.28,0.5051,0.9321,0.3464,0.12,0.6308,0.8065,0.518,0.92,0.5186,0.6876,0.4162,0.24,0.588,0.8506,0.4493,0.28,0.588,0.8506,0.4493,0.28
2169468 Nintendo - Ringside Perfect Version [Kantan],111,10,0.3034,0.4414,0.2311,0.88,0.5407,0.7477,0.4235,0.52,0.4189,0.6396,0.3114,0.4,0.3653,0.5495,0.2735,0.84,0.479,0.8739,0.3299,0.36,0.5407,0.7477,0.4235,0.52,0.5407,0.7477,0.4235,0.52
2169468 Nintendo - Ringside Perfect Version [Muzukashii],304,10,0.5026,0.8059,0.3651,0.52,0.721,0.7566,0.6886,0.36,0.5632,0.5493,0.5779,0.32,0.5706,0.6645,0.5,0.76,0.712,0.7401,0.686,0.32,0.721,0.7566,0.6886,0.36,0.721,0.7566,0.6886,0.36
2169468 Nintendo - Ringside Perfect Version [Tachi's Oni],381,10,0.5932,0.8268,0.4626,0.48,0.7828,0.79,0.7758,0.32,0.6318,0.7612,0.54,0.2,0.6361,0.9108,0.4887,0.48,0.7724,0.8241,0.7269,0.24,0.7828,0.79,0.7758,0.32,0.7828,0.79,0.7758,0.32
2169468 Nintendo - Ringside Perfect Version [annabel's Macho Inner Oni],427,10,0.6227,0.808,0.5066,0.48,0.7859,0.8642,0.7207,0.24,0.6286,0.7096,0.5642,0.2,0.6776,0.8735,0.5534,0.52,0.7683,0.7728,0.7639,0.24,0.7859,0.8642,0.7207,0.24,0.7859,0.8642,0.7207,0.24
2169468 Nintendo - Ringside Perfect Version [iRedi's Futsuu],204,10,0.443,0.6471,0.3367,0.8,0.6775,0.7157,0.6432,0.48,0.5324,0.5637,0.5044,0.4,0.5395,0.8039,0.4059,0.76,0.6466,0.8431,0.5244,0.32,0.6775,0.7157,0.6432,0.48,0.6775,0.7157,0.6432,0.48
2170788 Shirakami Fubuki - LETTER [Dear my Fave],2080,10,0.8471,0.8072,0.8912,0.8,0.8159,0.8149,0.8169,0.24,0.7586,0.7615,0.7557,0.2,0.8406,0.8216,0.8605,0.76,0.7329,0.7428,0.7233,0.24,0.8159,0.8149,0.8169,0.24,0.8159,0.8149,0.8169,0.24
2170788 Shirakami Fubuki - LETTER [Kogasa's Futsuu],818,10,0.6338,0.8716,0.4979,0.88,0.7045,0.8509,0.601,0.4,0.6406,0.802,0.5333,0.32,0.5928,0.824,0.4629,0.88,0.6526,0.7359,0.5862,0.4,0.7045,0.8509,0.601,0.4,0.7045,0.8509,0.601,0.4
2170788 Shirakami Fubuki - LETTER [Muzukashii],1240,10,0.7627,0.8218,0.7116,0.88,0.7547,0.8435,0.6828,0.32,0.6909,0.821,0.5964,0.24,0.7334,0.8806,0.6283,0.84,0.6776,0.7194,0.6403,0.32,0.7547,0.8435,0.6828,0.32,0.7547,0.8435,0.6828,0.32
2170788 Shirakami Fubuki - LETTER [Oni],1673,10,0.8144,0.8237,0.8054,0.84,0.7875,0.8075,0.7685,0.28,0.7254,0.8171,0.6522,0.2,0.8034,0.8524,0.7597,0.8,0.6994,0.7962,0.6236,0.24,0.7875,0.8075,0.7685,0.28,0.7875,0.8075,0.7685,0.28
2171559 Blestyashchiye - Za chetyre morya (Cut Ver.) [hellfly's muzukashii],367,10,0.4716,0.5422,0.4172,0.6,0.8284,0.8747,0.7868,0.24,0.7308,0.7657,0.699,0.16,0.4358,0.5368,0.3669,0.16,0.782,0.8065,0.759,0.2,0.8284,0.8747,0.7868,0.24,0.8284,0.8747,0.7868,0.24
2171559 Blestyashchiye - Za chetyre morya (Cut Ver.) [oni],409,10,0.5145,0.5428,0.489,0.64,0.7609,0.8093,0.718,0.2,0.645,0.8264,0.529,0.08,0.4801,0.5159,0.4489,0.56,0.7126,0.8215,0.6292,0.12,0.7609,0.8093,0.718,0.2,0.7609,0.8093,0.718,0.2
2171559 Blestyashchiye - Za chetyre morya (Cut Ver.) [froskya's kantan],150,10,0.1717,0.32,0.1174,0.72,0.5068,0.74,0.3854,0.4,0.4494,0.6067,0.3569,0.28,0.163,0.3733,0.1043,0.16,0.4969,0.8,0.3604,0.24,0.5068,0.74,0.3854,0.4,0.5068,0.74,0.3854,0.4
2171559 Blestyashchiye - Za chetyre morya (Cut Ver.) [tachi's futsuu],280,10,0.4412,0.5429,0.3716,0.72,0.7512,0.8679,0.6621,0.28,0.651,0.7929,0.5522,0.16,0.3592,0.4964,0.2814,0.48,0.7075,0.8464,0.6077,0.2,0.7512,0.8679,0.6621,0.28,0.7512,0.8679,0.6621,0.28
2173177 PinocchioP - God-ish feat. Hatsune Miku (7_7 bootleg) [Devilish],1810,10,0.8574,0.9039,0.8156,0.68,0.8086,0.8801,0.7479,0.16,0.7474,0.9039,0.6371,0.08,0.842,0.8851,0.803,0.56,0.7688,0.7873,0.7512,0.16,0.8086,0.8801,0.7479,0.16,0.8086,0.8801,0.7479,0.16
2173177 PinocchioP - God-ish feat. Hatsune Miku (7_7 bootleg) [Futsuu],565,10,0.5496,0.8531,0.4054,0.92,0.4931,0.8265,0.3514,0.28,0.4279,0.7929,0.293,0.16,0.5481,0.8566,0.403,0.88,0.4813,0.5823,0.4102,0.36,0.4931,0.8265,0.3514,0.28,0.4931,0.8265,0.3514,0.28
2173177 PinocchioP - God-ish feat. Hatsune Miku (7_7 bootleg) [Muzukashii],892,10,0.6535,0.7623,0.5719,0.92,0.6312,0.7859,0.5275,0.28,0.5634,0.7646,0.446,0.16,0.6551,0.8901,0.5183,0.84,0.6077,0.7399,0.5156,0.24,0.6312,0.7859,0.5275,0.28,0.6312,0.7859,0.5275,0.28
2173177 PinocchioP - God-ish feat. Hatsune Miku (7_7 bootleg) [Oni],1255,10,0.7268,0.9442,0.5907,0.68,0.7177,0.8813,0.6054,0.2,0.6486,0.8382,0.5289,0.12,0.743,0.9052,0.6301,0.76,0.6864,0.7665,0.6214,0.2,0.7177,0.8813,0.6054,0.2,0.7177,0.8813,0.6054,0.2
2173840 shikiura sougo - Kamisama no Me o Nusunde (Extended Edit) [Futsuu],76,10,0.5415,0.8158,0.4052,0.92,0.5385,0.7368,0.4242,0.32,0.4822,0.8026,0.3446,0.12,0.5427,0.7105,0.439,0.92,0.5635,0.6711,0.4857,0.28,0.5385,0.7368,0.4242,0.32,0.5385,0.7368,0.4242,0.32
2173840 shikiura sougo - Kamisama no Me o Nusunde (Extended Edit) [Inner Oni],192,10,0.863,0.9844,0.7683,0.6,0.8658,0.8229,0.9133,0.2,0.8312,0.8333,0.829,0.08,0.8222,0.9635,0.7171,0.68,0.8362,0.8906,0.788,0.08,0.8658,0.8229,0.9133,0.2,0.8658,0.8229,0.9133,0.2
2173840 shikiura sougo - Kamisama no Me o Nusunde (Extended Edit) [Kantan],43,10,0.3571,0.814,0.2288,0.92,0.3886,0.7907,0.2576,0.32,0.3455,0.8837,0.2147,0.12,0.3494,0.6744,0.2358,0.92,0.4324,0.7442,0.3048,0.28,0.3886,0.7907,0.2576,0.32,0.3886,0.7907,0.2576,0.32
2173840 shikiura sougo - Kamisama no Me o Nusunde (Extended Edit) [Muzukashii],129,10,0.7385,0.9302,0.6122,0.88,0.7203,0.7287,0.7121,0.32,0.6601,0.7829,0.5706,0.12,0.6723,0.9302,0.5263,0.8,0.7115,0.6977,0.7258,0.24,0.7203,0.7287,0.7121,0.32,0.7203,0.7287,0.7121,0.32
2173840 shikiura sougo - Kamisama no Me o Nusunde (Extended Edit) [Oni],164,10,0.8278,0.9085,0.7602,0.88,0.8724,0.8963,0.8497,0.2,0.8235,0.8963,0.7617,0.08,0.7578,0.9634,0.6245,0.72,0.8208,0.8659,0.7802,0.12,0.8724,0.8963,0.8497,0.2,0.8724,0.8963,0.8497,0.2
2173962 32ki feat. Hatsune Miku & Kasane Teto - Mesmerizer [Ares' Muzukashii],744,10,0.6812,0.7151,0.6504,0.92,0.6563,0.7917,0.5604,0.44,0.5616,0.7876,0.4363,0.32,0.6735,0.7056,0.6442,0.92,0.6221,0.7688,0.5224,0.4,0.6563,0.7917,0.5604,0.44,0.6563,0.7917,0.5604,0.44
2173962 32ki feat. Hatsune Miku & Kasane Teto - Mesmerizer [Hypnosis],1217,10,0.7896,0.9236,0.6896,0.68,0.7554,0.8628,0.6718,0.32,0.6875,0.8587,0.5732,0.24,0.7788,0.8332,0.7311,0.8,0.7049,0.7929,0.6345,0.32,0.7554,0.8628,0.6718,0.32,0.7554,0.8628,0.6718,0.32
2173962 32ki feat. Hatsune Miku & Kasane Teto - Mesmerizer [Nostril's Oni],994,10,0.7207,0.7918,0.6613,0.88,0.7293,0.8078,0.6647,0.4,0.6528,0.839,0.5343,0.28,0.7263,0.8129,0.6564,0.84,0.6778,0.7123,0.6466,0.4,0.7293,0.8078,0.6647,0.4,0.7293,0.8078,0.6647,0.4
2173962 32ki feat. Hatsune Miku & Kasane Teto - Mesmerizer [Rycy & SN707's Futsuu],515,10,0.6077,0.7864,0.4951,0.92,0.6305,0.8136,0.5147,0.52,0.5104,0.833,0.3679,0.36,0.5805,0.7495,0.4736,0.92,0.5767,0.6932,0.4938,0.52,0.6305,0.8136,0.5147,0.52,0.6305,0.8136,0.5147,0.52
2173962 32ki feat. Hatsune Miku & Kasane Teto - Mesmerizer [SN707 & Rycy's Kantan],292,10,0.5452,0.6301,0.4804,0.96,0.4304,0.8151,0.2924,0.52,0.3333,0.8322,0.2084,0.36,0.3902,0.7397,0.265,0.92,0.3925,0.7568,0.265,0.48,0.4304,0.8151,0.2924,0.52,0.4304,0.8151,0.2924,0.52
2174804 MY DEATH DIARY - TENTANG DIA [INNER ONI],1410,10,0.8139,0.8,0.8282,0.88,0.8803,0.8085,0.9661,0.44,0.8518,0.805,0.9044,0.4,0.8142,0.7411,0.9032,0.88,0.8445,0.7801,0.9205,0.4,0.8803,0.8085,0.9661,0.44,0.8803,0.8085,0.9661,0.44
2174804 MY DEATH DIARY - TENTANG DIA [MUZUKASHII],917,10,0.7624,0.7906,0.736,0.92,0.8146,0.9106,0.737,0.48,0.782,0.8899,0.6974,0.44,0.7813,0.7928,0.7701,0.92,0.7863,0.8386,0.7401,0.48,0.8146,0.9106,0.737,0.48,0.8146,0.9106,0.737,0.48
2174804 MY DEATH DIARY - TENTANG DIA [ONI],1224,10,0.7935,0.8382,0.7533,0.88,0.8686,0.8529,0.8847,0.44,0.8326,0.8431,0.8223,0.4,0.8072,0.7149,0.9269,0.92,0.8309,0.8211,0.841,0.4,0.8686,0.8529,0.8847,0.44,0.8686,0.8529,0.8847,0.44
2176413 RED feat. Abydos High School Foreclosure Task Force - Mahiru no Sora no Tsuki (TV Size) [Edward's Kantan],102,10,0.3733,0.6863,0.2564,0.88,0.4262,0.7647,0.2955,0.44,0.4011,0.7059,0.2802,0.32,0.3493,0.8235,0.2216,0.76,0.411,0.7353,0.2852,0.36,0.4262,0.7647,0.2955,0.44,0.4262,0.7647,0.2955,0.44
2176413 RED feat. Abydos High School Foreclosure Task Force - Mahiru no Sora no Tsuki (TV Size) [Hidden's Futsuu],227,10,0.632,0.696,0.5788,0.88,0.7435,0.9515,0.6102,0.32,0.6667,0.7621,0.5925,0.28,0.6007,0.8018,0.4802,0.76,0.6962,0.7974,0.6177,0.32,0.7435,0.9515,0.6102,0.32,0.7435,0.9515,0.6102,0.32
2176413 RED feat. Abydos High School Foreclosure Task Force - Mahiru no Sora no Tsuki (TV Size) [Oni],341,10,0.6862,0.824,0.5879,0.8,0.8259,0.8416,0.8107,0.32,0.7366,0.824,0.6659,0.2,0.6625,0.7742,0.5789,0.72,0.765,0.8065,0.7275,0.24,0.8259,0.8416,0.8107,0.32,0.8259,0.8416,0.8107,0.32
2176413 RED feat. Abydos High School Foreclosure Task Force - Mahiru no Sora no Tsuki (TV Size) [Ran's Muzukashii],283,10,0.6799,0.6678,0.6923,0.88,0.81,0.9117,0.7288,0.32,0.7061,0.7173,0.6952,0.28,0.6522,0.8516,0.5285,0.72,0.7504,0.8763,0.6561,0.24,0.81,0.9117,0.7288,0.32,0.81,0.9117,0.7288,0.32
2176413 RED feat. Abydos High School Foreclosure Task Force - Mahiru no Sora no Tsuki (TV Size) [Sunset],403,10,0.7106,0.7767,0.6548,0.8,0.8208,0.8015,0.8411,0.28,0.7297,0.7469,0.7133,0.2,0.6899,0.7866,0.6143,0.68,0.758,0.7345,0.7831,0.24,0.8208,0.8015,0.8411,0.28,0.8208,0.8015,0.8411,0.28
2177214 Moe Shop - Notice (w_ TORIENA) [boaz & muya-'s muzukashii  x_x],700,10,0.5081,0.5614,0.464,0.56,0.7427,0.8414,0.6648,0.28,0.5211,0.75,0.3992,0.2,0.5186,0.5886,0.4634,0.56,0.7398,0.8186,0.6749,0.24,0.7427,0.8414,0.6648,0.28,0.7427,0.8414,0.6648,0.28
2177214 Moe Shop - Notice (w_ TORIENA) [boaz's kantan ^_^],255,10,0.4433,0.3294,0.6774,0.92,0.4168,0.5255,0.3454,0.52,0.2742,0.2667,0.2822,0.84,0.4165,0.3373,0.5443,0.96,0.4089,0.7961,0.2751,0.28,0.4168,0.5255,0.3454,0.52,0.4168,0.5255,0.3454,0.52
2177214 Moe Shop - Notice (w_ TORIENA) [cut off 5cm of my school skirt >_<],877,10,0.5089,0.5724,0.458,0.4,0.7646,0.7685,0.7607,0.28,0.5675,0.7092,0.473,0.2,0.5471,0.6192,0.4901,0.44,0.7609,0.8221,0.7083,0.2,0.7646,0.7685,0.7607,0.28,0.7646,0.7685,0.7607,0.28
2177214 Moe Shop - Notice (w_ TORIENA) [futsuu @_@],466,10,0.4735,0.633,0.3782,0.6,0.6154,0.8927,0.4695,0.28,0.4121,0.7876,0.2791,0.2,0.4679,0.6803,0.3566,0.56,0.6213,0.8026,0.5068,0.28,0.6154,0.8927,0.4695,0.28,0.6154,0.8927,0.4695,0.28
2177889 Masatoshi Ono - departure! (TV Size) [Forever],437,10,0.6748,0.7597,0.6069,0.84,0.7007,0.6751,0.7284,0.44,0.6191,0.7346,0.535,0.36,0.6236,0.7391,0.5392,0.76,0.6196,0.5927,0.6491,0.4,0.7007,0.6751,0.7284,0.44,0.7007,0.6751,0.7284,0.44
2177889 Masatoshi Ono - departure! (TV Size) [Futsuu],229,10,0.5744,0.607,0.5451,0.92,0.6735,0.7205,0.6322,0.56,0.5784,0.6681,0.51,0.52,0.4809,0.6856,0.3703,0.84,0.597,0.6114,0.5833,0.52,0.6735,0.7205,0.6322,0.56,0.6735,0.7205,0.6322,0.56
2177889 Masatoshi Ono - departure! (TV Size) [Kantan],123,10,0.3862,0.5935,0.2863,0.92,0.505,0.6179,0.427,0.68,0.4115,0.6423,0.3027,0.56,0.3341,0.561,0.2379,0.88,0.4683,0.6911,0.3542,0.52,0.505,0.6179,0.427,0.68,0.505,0.6179,0.427,0.68
2177889 Masatoshi Ono - departure! (TV Size) [Muzukashii],298,10,0.6076,0.5638,0.6588,0.92,0.7048,0.6611,0.7548,0.56,0.6087,0.6107,0.6067,0.52,0.5429,0.6577,0.4623,0.84,0.6255,0.7315,0.5464,0.4,0.7048,0.6611,0.7548,0.56,0.7048,0.6611,0.7548,0.56
2177889 Masatoshi Ono - departure! (TV Size) [Oni],364,10,0.6504,0.6978,0.6091,0.88,0.7048,0.7445,0.6691,0.44,0.6037,0.7995,0.485,0.36,0.5794,0.7665,0.4658,0.76,0.6212,0.6511,0.594,0.4,0.7048,0.7445,0.6691,0.44,0.7048,0.7445,0.6691,0.44
2178959 MARETU - Magical Doctor [Cry's Oni],1225,10,0.7203,0.7306,0.7103,0.88,0.7673,0.72,0.8212,0.28,0.6966,0.7273,0.6684,0.16,0.6913,0.7478,0.6428,0.84,0.7501,0.7437,0.7566,0.2,0.7673,0.72,0.8212,0.28,0.7673,0.72,0.8212,0.28
2178959 MARETU - Magical Doctor [NAMIDA],1416,10,0.7504,0.7761,0.7264,0.84,0.7797,0.7698,0.7899,0.2,0.6999,0.6794,0.7217,0.16,0.7422,0.8581,0.6539,0.6,0.7649,0.7076,0.8322,0.2,0.7797,0.7698,0.7899,0.2,0.7797,0.7698,0.7899,0.2
2178959 MARETU - Magical Doctor [Ron's Muzukashii],990,10,0.712,0.8091,0.6357,0.88,0.8382,0.8737,0.8054,0.28,0.7464,0.8758,0.6504,0.16,0.6584,0.803,0.5579,0.84,0.8148,0.8556,0.7778,0.24,0.8382,0.8737,0.8054,0.28,0.8382,0.8737,0.8054,0.28
2186279 Wolpis Carter - Oxalis [Cursed Fate],2523,10,0.6932,0.6857,0.701,0.72,0.7267,0.805,0.6622,0.24,0.6537,0.7705,0.5676,0.16,0.6778,0.6544,0.7029,0.68,0.6415,0.6667,0.6182,0.24,0.7267,0.805,0.6622,0.24,0.7267,0.805,0.6622,0.24
2186279 Wolpis Carter - Oxalis [Inner Oni],2270,10,0.6859,0.7159,0.6584,0.72,0.7328,0.7568,0.7102,0.28,0.6518,0.8176,0.5419,0.16,0.66,0.6815,0.6398,0.64,0.646,0.7101,0.5924,0.24,0.7328,0.7568,0.7102,0.28,0.7328,0.7568,0.7102,0.28
2186279 Wolpis Carter - Oxalis [Oni],1831,10,0.6341,0.7444,0.5523,0.72,0.7375,0.7597,0.7166,0.32,0.6559,0.7794,0.5663,0.2,0.6139,0.7007,0.5462,0.68,0.6518,0.686,0.6209,0.28,0.7375,0.7597,0.7166,0.32,0.7375,0.7597,0.7166,0.32
2187019 Foreground Eclipse - Storytellers [Inner Oni],1510,10,0.7079,0.9132,0.578,0.76,0.7448,0.7682,0.7227,0.44,0.6713,0.8331,0.5621,0.32,0.7246,0.9106,0.6018,0.84,0.668,0.7517,0.6012,0.44,0.7448,0.7682,0.7227,0.44,0.7448,0.7682,0.7227,0.44
2187019 Foreground Eclipse - Storytellers [Kantan],353,10,0.2359,0.847,0.137,0.88,0.4591,0.6034,0.3704,0.64,0.39,0.5722,0.2958,0.52,0.2464,0.9207,0.1422,0.84,0.4249,0.5326,0.3534,0.68,0.4591,0.6034,0.3704,0.64,0.4591,0.6034,0.3704,0.64
2187019 Foreground Eclipse - Storytellers [Nao's Futsuu],693,10,0.4248,0.7215,0.301,0.92,0.6492,0.7316,0.5834,0.56,0.5589,0.811,0.4264,0.4,0.4413,0.6782,0.3271,0.92,0.5997,0.6508,0.5561,0.6,0.6492,0.7316,0.5834,0.56,0.6492,0.7316,0.5834,0.56
2187019 Foreground Eclipse - Storytellers [Oni],1246,10,0.6412,0.882,0.5037,0.88,0.74,0.764,0.7174,0.48,0.6599,0.7769,0.5735,0.36,0.6565,0.9302,0.5072,0.84,0.6434,0.7095,0.5885,0.48,0.74,0.764,0.7174,0.48,0.74,0.764,0.7174,0.48
2187019 Foreground Eclipse - Storytellers [Tachi's Muzukashii],950,10,0.5385,0.74,0.4232,0.92,0.6983,0.8368,0.5991,0.48,0.6173,0.7368,0.5311,0.4,0.5564,0.9474,0.3939,0.84,0.6177,0.6284,0.6073,0.56,0.6983,0.8368,0.5991,0.48,0.6983,0.8368,0.5991,0.48
2187598 Rin'ca - Koisuru MODE [Oni],1535,10,0.7418,0.7674,0.7179,0.8,0.7359,0.7453,0.7268,0.24,0.6359,0.7277,0.5647,0.16,0.7033,0.7511,0.6611,0.64,0.6883,0.6782,0.6987,0.24,0.7359,0.7453,0.7268,0.24,0.7359,0.7453,0.7268,0.24
2187598 Rin'ca - Koisuru MODE [Precious],1860,10,0.7785,0.7645,0.7931,0.72,0.7383,0.7828,0.6987,0.2,0.6446,0.8237,0.5296,0.12,0.7264,0.7038,0.7506,0.64,0.6853,0.7134,0.6592,0.2,0.7383,0.7828,0.6987,0.2,0.7383,0.7828,0.6987,0.2
2187598 Rin'ca - Koisuru MODE [Ron's Muzukashii],1098,10,0.6944,0.8197,0.6024,0.84,0.8315,0.8452,0.8183,0.32,0.6995,0.7705,0.6404,0.24,0.6371,0.7778,0.5395,0.76,0.7665,0.8115,0.7262,0.28,0.8315,0.8452,0.8183,0.32,0.8315,0.8452,0.8183,0.32
2187682 Waterflame - Glorious Morning [Medieval Age],286,10,0.4901,0.6503,0.3932,0.76,0.7247,0.8007,0.6618,0.4,0.5876,0.7448,0.4852,0.32,0.4362,0.5734,0.3519,0.64,0.6624,0.7168,0.6156,0.4,0.7247,0.8007,0.6618,0.4,0.7247,0.8007,0.6618,0.4
2187682 Waterflame - Glorious Morning [Modern Age],505,10,0.6842,0.697,0.6718,0.68,0.8376,0.8475,0.8279,0.24,0.6516,0.6554,0.6477,0.28,0.6241,0.6,0.6502,0.64,0.7466,0.7525,0.7407,0.24,0.8376,0.8475,0.8279,0.24,0.8376,0.8475,0.8279,0.24
2187682 Waterflame - Glorious Morning [Renaissance Age],372,10,0.5826,0.7016,0.4981,0.68,0.7897,0.9435,0.6789,0.24,0.6342,0.7527,0.5479,0.28,0.5274,0.5941,0.4742,0.64,0.7164,0.8522,0.6179,0.24,0.7897,0.9435,0.6789,0.24,0.7897,0.9435,0.6789,0.24
2187682 Waterflame - Glorious Morning [Stone Age],160,10,0.3223,0.6375,0.2156,0.76,0.5348,0.7688,0.41,0.48,0.4159,0.5875,0.3219,0.44,0.2879,0.4813,0.2053,0.72,0.4755,0.6375,0.3792,0.48,0.5348,0.7688,0.41,0.48,0.5348,0.7688,0.41,0.48
2187682 Waterflame - Glorious Morning [reealy_ Lives in The New Era],643,10,0.7584,0.703,0.8233,0.64,0.8286,0.8009,0.8583,0.2,0.591,0.5303,0.6673,0.28,0.6564,0.5661,0.7811,0.64,0.7344,0.7309,0.7378,0.2,0.8286,0.8009,0.8583,0.2,0.8286,0.8009,0.8583,0.2
2188006 Dz'Xa - Izumi 7983 (Cut Ver.) [FUTSUU],590,10,0.5935,0.6966,0.517,0.88,0.5555,0.6746,0.4721,0.4,0.4705,0.6627,0.3647,0.24,0.5404,0.8,0.408,0.8,0.5532,0.7576,0.4357,0.24,0.5555,0.6746,0.4721,0.4,0.5555,0.6746,0.4721,0.4
2188006 Dz'Xa - Izumi 7983 (Cut Ver.) [MUZUKASHII],830,10,0.6325,0.7289,0.5586,0.84,0.6266,0.7157,0.5572,0.32,0.5389,0.6711,0.4503,0.2,0.6064,0.941,0.4473,0.64,0.6272,0.7012,0.5673,0.24,0.6266,0.7157,0.5572,0.32,0.6266,0.7157,0.5572,0.32
2188006 Dz'Xa - Izumi 7983 (Cut Ver.) [ONI],1098,10,0.7265,0.9144,0.6026,0.72,0.7098,0.7987,0.6387,0.24,0.6296,0.7423,0.5466,0.16,0.6957,0.9244,0.5577,0.6,0.7017,0.8033,0.6229,0.16,0.7098,0.7987,0.6387,0.24,0.7098,0.7987,0.6387,0.24
2188006 Dz'Xa - Izumi 7983 (Cut Ver.) [RETALIATION],1565,10,0.8347,0.9323,0.7556,0.52,0.8028,0.8492,0.7612,0.16,0.7251,0.7904,0.6697,0.12,0.817,0.9131,0.7393,0.4,0.7896,0.8236,0.7582,0.12,0.8028,0.8492,0.7612,0.16,0.8028,0.8492,0.7612,0.16
2189313 Pmarusama. - Tokimeki Broker [2199's Megami-sama],1373,10,0.7352,0.7939,0.6847,0.6,0.768,0.78,0.7564,0.16,0.6774,0.7975,0.5887,0.08,0.7316,0.807,0.6691,0.52,0.7287,0.7276,0.7297,0.12,0.768,0.78,0.7564,0.16,0.768,0.78,0.7564,0.16
2189313 Pmarusama. - Tokimeki Broker [Futsuu],656,10,0.632,0.7409,0.551,0.88,0.6914,0.8369,0.5891,0.28,0.5939,0.8049,0.4706,0.16,0.5678,0.753,0.4557,0.84,0.676,0.7744,0.5998,0.24,0.6914,0.8369,0.5891,0.28,0.6914,0.8369,0.5891,0.28
2189313 Pmarusama. - Tokimeki Broker [Kantan],383,10,0.5116,0.6345,0.4286,0.92,0.6204,0.8277,0.4961,0.4,0.5035,0.7572,0.3771,0.24,0.4186,0.5065,0.3566,0.92,0.5885,0.7728,0.4751,0.32,0.6204,0.8277,0.4961,0.4,0.6204,0.8277,0.4961,0.4
2189313 Pmarusama. - Tokimeki Broker [Muzukashii],887,10,0.6783,0.6764,0.6803,0.88,0.7587,0.7779,0.7403,0.28,0.6521,0.7384,0.5838,0.16,0.6523,0.7993,0.5509,0.8,0.7265,0.8117,0.6575,0.16,0.7587,0.7779,0.7403,0.28,0.7587,0.7779,0.7403,0.28
2189313 Pmarusama. - Tokimeki Broker [Onegai],1261,10,0.7345,0.8152,0.6684,0.68,0.7419,0.7875,0.7013,0.16,0.6479,0.8017,0.5435,0.08,0.7257,0.8089,0.6581,0.68,0.7057,0.7359,0.6779,0.12,0.7419,0.7875,0.7013,0.16,0.7419,0.7875,0.7013,0.16
2189313 Pmarusama. - Tokimeki Broker [Oni],1092,10,0.7114,0.7811,0.6531,0.8,0.7493,0.7802,0.7208,0.2,0.655,0.7509,0.5807,0.12,0.6953,0.7573,0.6426,0.8,0.7124,0.7134,0.7114,0.16,0.7493,0.7802,0.7208,0.2,0.7493,0.7802,0.7208,0.2
2189339 Morzibov - half life HEV suit charging station type beat [oni],259,10,0.773,0.7297,0.8217,0.64,0.8176,0.7876,0.85,0.16,0.6799,0.5946,0.7938,0.28,0.8397,0.8494,0.8302,0.52,0.8076,0.9073,0.7276,0.08,0.8176,0.7876,0.85,0.16,0.8176,0.7876,0.85,0.16
2189339 Morzibov - half life HEV suit charging station type beat [kantan],79,10,0.7248,1.0,0.5683,0.8,0.6957,0.9114,0.5625,0.44,0.4865,0.4557,0.5217,0.8,0.5267,1.0,0.3575,0.6,0.6827,0.8987,0.5504,0.4,0.6957,0.9114,0.5625,0.44,0.6957,0.9114,0.5625,0.44
2189339 Morzibov - half life HEV suit charging station type beat [meiqth's futsuu],136,10,0.8145,0.8235,0.8058,0.8,0.8205,0.8235,0.8175,0.36,0.6242,0.7574,0.5309,0.28,0.7171,0.9412,0.5792,0.6,0.8044,0.8015,0.8074,0.36,0.8205,0.8235,0.8175,0.36,0.8205,0.8235,0.8175,0.36
2189339 Morzibov - half life HEV suit charging station type beat [n64's muzukashii],183,10,0.7523,0.6721,0.8542,0.76,0.779,0.7705,0.7877,0.28,0.6525,0.6721,0.634,0.28,0.7525,0.8306,0.6878,0.6,0.7684,0.7432,0.7953,0.24,0.779,0.7705,0.7877,0.28,0.779,0.7705,0.7877,0.28
2189627 chelmico - Easy Breezy (TV Size) [Futsuu],343,10,0.7424,0.8571,0.6548,0.84,0.7035,0.965,0.5535,0.24,0.6633,0.7755,0.5795,0.28,0.7072,0.8134,0.6256,0.68,0.6739,0.8192,0.5723,0.28,0.7035,0.965,0.5535,0.24,0.7035,0.965,0.5535,0.24
2189627 chelmico - Easy Breezy (TV Size) [Inner Oni],716,10,0.8578,0.8254,0.8927,0.56,0.8657,0.8101,0.9295,0.2,0.8259,0.7919,0.863,0.16,0.7783,0.7304,0.8328,0.4,0.817,0.7919,0.8438,0.16,0.8657,0.8101,0.9295,0.2,0.8657,0.8101,0.9295,0.2
2189627 chelmico - Easy Breezy (TV Size) [Kantan],200,10,0.5887,0.78,0.4727,0.88,0.4887,0.975,0.3261,0.24,0.4401,0.725,0.3159,0.28,0.5722,0.555,0.5904,0.84,0.4822,0.645,0.3851,0.4,0.4887,0.975,0.3261,0.24,0.4887,0.975,0.3261,0.24
2189627 chelmico - Easy Breezy (TV Size) [Muzukashii],465,10,0.806,0.8667,0.7533,0.8,0.8297,0.9484,0.7375,0.24,0.7825,0.9441,0.6682,0.16,0.7574,0.8559,0.6792,0.52,0.783,0.8495,0.7261,0.24,0.8297,0.9484,0.7375,0.24,0.8297,0.9484,0.7375,0.24
2189627 chelmico - Easy Breezy (TV Size) [Oni],588,10,0.8704,0.9252,0.8218,0.56,0.8911,0.9184,0.8654,0.2,0.8466,0.8963,0.8021,0.16,0.7889,0.7942,0.7836,0.48,0.8365,0.8963,0.7842,0.16,0.8911,0.9184,0.8654,0.2,0.8911,0.9184,0.8654,0.2
2190621 The Minions - Ba Do Bleep (olc's Midwest Emo Edit) [aaaaaa],89,10,0.6186,0.6742,0.5714,0.72,0.6667,0.7753,0.5847,0.16,0.5983,0.7865,0.4828,0.28,0.5926,0.6292,0.56,0.56,0.6506,0.6067,0.7013,0.16,0.6667,0.7753,0.5847,0.16,0.6667,0.7753,0.5847,0.16
2190621 The Minions - Ba Do Bleep (olc's Midwest Emo Edit) [futsuu],56,10,0.4789,0.6071,0.3953,0.76,0.6389,0.8214,0.5227,0.2,0.5371,0.8393,0.395,0.32,0.4795,0.625,0.3889,0.6,0.6466,0.7679,0.5584,0.16,0.6389,0.8214,0.5227,0.2,0.6389,0.8214,0.5227,0.2
2190621 The Minions - Ba Do Bleep (olc's Midwest Emo Edit) [muzukashii],76,10,0.5802,0.6184,0.5465,0.76,0.7073,0.7632,0.6591,0.2,0.6063,0.8816,0.4621,0.28,0.5663,0.6184,0.5222,0.6,0.6928,0.6974,0.6883,0.16,0.7073,0.7632,0.6591,0.2,0.7073,0.7632,0.6591,0.2
2193064 Ryu_ - AGEHA [Futsuu],449,10,0.5557,0.8441,0.4142,0.88,0.6336,0.8396,0.5088,0.6,0.3908,0.6592,0.2777,0.36,0.4792,0.7706,0.3477,0.88,0.6399,0.7639,0.5506,0.6,0.6336,0.8396,0.5088,0.6,0.6336,0.8396,0.5088,0.6
2193064 Ryu_ - AGEHA [Inner Oni],1175,10,0.7934,0.8596,0.7367,0.64,0.779,0.7889,0.7693,0.36,0.4917,0.6809,0.3848,0.24,0.7832,0.8809,0.705,0.72,0.7512,0.7643,0.7385,0.32,0.779,0.7889,0.7693,0.36,0.779,0.7889,0.7693,0.36
2193064 Ryu_ - AGEHA [Kantan],241,10,0.4211,0.7635,0.2907,0.92,0.4527,0.8548,0.3079,0.64,0.2525,0.6846,0.1548,0.36,0.2851,0.5394,0.1937,0.92,0.4704,0.61,0.3828,0.76,0.4527,0.8548,0.3079,0.64,0.4527,0.8548,0.3079,0.64
2193064 Ryu_ - AGEHA [Ono's Oni],821,10,0.6935,0.7333,0.6579,0.88,0.7571,0.8258,0.699,0.48,0.4708,0.7369,0.3459,0.28,0.6378,0.8709,0.5032,0.76,0.7369,0.8222,0.6677,0.4,0.7571,0.8258,0.699,0.48,0.7571,0.8258,0.699,0.48
2193064 Ryu_ - AGEHA [yassu-'s Muzukashii],643,10,0.6855,0.8305,0.5836,0.88,0.715,0.8585,0.6127,0.52,0.4323,0.804,0.2956,0.28,0.6093,0.776,0.5015,0.88,0.7113,0.8336,0.6204,0.48,0.715,0.8585,0.6127,0.52,0.715,0.8585,0.6127,0.52
2194899 solfa feat. nao & Aoba Ringo - Motto! Icha_LOVE Paradise [Futsuu],347,10,0.5501,0.5303,0.5714,0.92,0.7828,0.8156,0.7527,0.4,0.7252,0.8444,0.6356,0.28,0.4916,0.8012,0.3546,0.76,0.7197,0.7435,0.6973,0.36,0.7828,0.8156,0.7527,0.4,0.7828,0.8156,0.7527,0.4
2194899 solfa feat. nao & Aoba Ringo - Motto! Icha_LOVE Paradise [Kantan],209,10,0.4482,0.5694,0.3696,0.92,0.6709,0.7656,0.597,0.52,0.603,0.6651,0.5516,0.44,0.3303,0.5263,0.2407,0.88,0.6245,0.7081,0.5585,0.48,0.6709,0.7656,0.597,0.52,0.6709,0.7656,0.597,0.52
2194899 solfa feat. nao & Aoba Ringo - Motto! Icha_LOVE Paradise [Muzukashii],450,10,0.6089,0.7733,0.5022,0.84,0.7944,0.8156,0.7743,0.32,0.7355,0.8156,0.6697,0.24,0.5835,0.8,0.4592,0.76,0.7044,0.6911,0.7182,0.32,0.7944,0.8156,0.7743,0.32,0.7944,0.8156,0.7743,0.32
2194899 solfa feat. nao & Aoba Ringo - Motto! Icha_LOVE Paradise [Oni],551,10,0.6687,0.7913,0.579,0.8,0.7956,0.7877,0.8037,0.28,0.7298,0.7278,0.7318,0.24,0.6501,0.8076,0.544,0.72,0.7038,0.7332,0.6767,0.24,0.7956,0.7877,0.8037,0.28,0.7956,0.7877,0.8037,0.28
2194899 solfa feat. nao & Aoba Ringo - Motto! Icha_LOVE Paradise [Utopia],663,10,0.7161,0.7647,0.6733,0.8,0.7781,0.7059,0.8667,0.28,0.6986,0.638,0.7719,0.24,0.697,0.7858,0.6262,0.68,0.7032,0.6682,0.742,0.24,0.7781,0.7059,0.8667,0.28,0.7781,0.7059,0.8667,0.28
2194940 Para Dot. - Ultimate taste [Fin's Oni],1306,10,0.6865,0.8583,0.5719,0.56,0.7026,0.8086,0.6212,0.2,0.5912,0.7718,0.4791,0.12,0.6689,0.8446,0.5537,0.32,0.6647,0.7642,0.5881,0.16,0.7026,0.8086,0.6212,0.2,0.7026,0.8086,0.6212,0.2
2194940 Para Dot. - Ultimate taste [Flandre's Taste of Music],1642,10,0.7574,0.8307,0.6959,0.56,0.7543,0.8246,0.6951,0.16,0.6369,0.7266,0.567,0.12,0.7369,0.8112,0.6751,0.36,0.7197,0.8149,0.6445,0.12,0.7543,0.8246,0.6951,0.16,0.7543,0.8246,0.6951,0.16
2195081 Kikuo - Hole Dwelling [Pitiful Cave],1981,10,0.6657,0.7178,0.6207,0.0,0.7525,0.791,0.7175,0.24,0.6173,0.6946,0.5555,0.28,0.649,0.6118,0.691,0.04,0.7107,0.7385,0.6849,0.2,0.7525,0.791,0.7175,0.24,0.7525,0.791,0.7175,0.24
2201597 FantasticYouth - Totemo Suteki na Rokugatsu Deshita [Muzukashii],874,10,0.4881,0.73,0.3667,0.64,0.679,0.7769,0.603,0.36,0.4492,0.6499,0.3432,0.2,0.4996,0.746,0.3756,0.4,0.5899,0.6682,0.528,0.36,0.679,0.7769,0.603,0.36,0.679,0.7769,0.603,0.36
2201597 FantasticYouth - Totemo Suteki na Rokugatsu Deshita [Oni],1296,10,0.6233,0.7801,0.519,0.36,0.7131,0.723,0.7035,0.32,0.508,0.6728,0.408,0.16,0.6232,0.7847,0.5168,0.0,0.6221,0.7068,0.5555,0.28,0.7131,0.723,0.7035,0.32,0.7131,0.723,0.7035,0.32
2203649 Junk - Kagaribi [Futsuu],319,10,0.5648,0.7304,0.4605,0.92,0.6522,0.8966,0.5125,0.52,0.5054,0.7367,0.3846,0.44,0.4693,0.5987,0.3859,0.92,0.6,0.7429,0.5032,0.48,0.6522,0.8966,0.5125,0.52,0.6522,0.8966,0.5125,0.52
2203649 Junk - Kagaribi [Inner Oni],777,10,0.7671,0.9794,0.6305,0.6,0.8152,0.8945,0.7489,0.32,0.7074,0.8494,0.6061,0.28,0.7505,0.9717,0.6113,0.44,0.7647,0.843,0.6998,0.28,0.8152,0.8945,0.7489,0.32,0.8152,0.8945,0.7489,0.32
2203649 Junk - Kagaribi [Kantan],170,10,0.3771,0.4647,0.3173,0.96,0.4804,0.7588,0.3515,0.64,0.3329,0.7647,0.2128,0.44,0.2546,0.9765,0.1464,0.64,0.4399,0.8294,0.2994,0.48,0.4804,0.7588,0.3515,0.64,0.4804,0.7588,0.3515,0.64
2203649 Junk - Kagaribi [Muzukashii],506,10,0.6374,0.7747,0.5414,0.88,0.7782,0.8182,0.7419,0.52,0.6385,0.836,0.5165,0.36,0.577,0.7925,0.4536,0.84,0.7311,0.7549,0.7087,0.44,0.7782,0.8182,0.7419,0.52,0.7782,0.8182,0.7419,0.52
2203649 Junk - Kagaribi [Oni],655,10,0.7027,0.8626,0.5929,0.8,0.8065,0.8305,0.7839,0.44,0.6787,0.8305,0.5738,0.32,0.6794,0.9802,0.5198,0.44,0.7538,0.7878,0.7227,0.36,0.8065,0.8305,0.7839,0.44,0.8065,0.8305,0.7839,0.44
2203864 Kotone Fujita (CV_ Iida Hikaru) - Sekaiichi Kawaii Watashi [Chu!],1371,10,0.6514,0.7163,0.5973,0.72,0.7254,0.8053,0.6599,0.24,0.5419,0.6557,0.4617,0.16,0.6463,0.7112,0.5923,0.64,0.6422,0.7163,0.5821,0.24,0.7254,0.8053,0.6599,0.24,0.7254,0.8053,0.6599,0.24
2203864 Kotone Fujita (CV_ Iida Hikaru) - Sekaiichi Kawaii Watashi [Futsuu],704,10,0.4956,0.5597,0.4447,0.88,0.7236,0.8366,0.6374,0.36,0.5051,0.7699,0.3759,0.2,0.4709,0.723,0.3491,0.72,0.673,0.7557,0.6066,0.36,0.7236,0.8366,0.6374,0.36,0.7236,0.8366,0.6374,0.36
2203864 Kotone Fujita (CV_ Iida Hikaru) - Sekaiichi Kawaii Watashi [Muzukashii],964,10,0.5667,0.6276,0.5167,0.84,0.7214,0.7749,0.6748,0.32,0.5245,0.6546,0.4376,0.2,0.5599,0.7033,0.465,0.72,0.6614,0.694,0.6317,0.32,0.7214,0.7749,0.6748,0.32,0.7214,0.7749,0.6748,0.32
2203864 Kotone Fujita (CV_ Iida Hikaru) - Sekaiichi Kawaii Watashi [Oni],1147,10,0.6091,0.7411,0.517,0.72,0.7217,0.7855,0.6674,0.28,0.5352,0.7219,0.4253,0.16,0.6064,0.7167,0.5256,0.68,0.6424,0.6922,0.5992,0.28,0.7217,0.7855,0.6674,0.28,0.7217,0.7855,0.6674,0.28
2206516 every_3ing! - Kesaran Pasaran (TV Size) [Futsuu],269,10,0.6982,0.658,0.7437,0.92,0.7338,0.8401,0.6513,0.44,0.598,0.8848,0.4516,0.24,0.6336,0.7361,0.5562,0.88,0.6846,0.803,0.5967,0.36,0.7338,0.8401,0.6513,0.44,0.7338,0.8401,0.6513,0.44
2206516 every_3ing! - Kesaran Pasaran (TV Size) [Inner Oni],546,10,0.805,0.8205,0.7901,0.8,0.7727,0.7784,0.7671,0.24,0.6754,0.7106,0.6434,0.2,0.787,0.8187,0.7576,0.76,0.7338,0.707,0.7628,0.24,0.7727,0.7784,0.7671,0.24,0.7727,0.7784,0.7671,0.24
2206516 every_3ing! - Kesaran Pasaran (TV Size) [Kantan],151,10,0.6324,0.8146,0.5168,0.92,0.5756,0.7815,0.4556,0.52,0.4495,0.7815,0.3155,0.32,0.5203,0.6358,0.4404,0.92,0.5581,0.7947,0.4301,0.44,0.5756,0.7815,0.4556,0.52,0.5756,0.7815,0.4556,0.52
2206516 every_3ing! - Kesaran Pasaran (TV Size) [Muzukashii],369,10,0.7526,0.878,0.6585,0.84,0.7631,0.8076,0.7233,0.36,0.6481,0.8537,0.5224,0.2,0.7201,0.8157,0.6445,0.84,0.7223,0.8564,0.6245,0.24,0.7631,0.8076,0.7233,0.36,0.7631,0.8076,0.7233,0.36
2206516 every_3ing! - Kesaran Pasaran (TV Size) [Oni],469,10,0.7825,0.8017,0.7642,0.84,0.7893,0.8145,0.7655,0.28,0.6828,0.7804,0.607,0.2,0.7629,0.8166,0.7159,0.8,0.7487,0.7783,0.7213,0.24,0.7893,0.8145,0.7655,0.28,0.7893,0.8145,0.7655,0.28
2211255 toby fox - Once Upon a Time [Kantan],81,10,0.5915,0.5185,0.6885,0.76,0.6884,0.9136,0.5522,0.6,0.7396,0.8765,0.6396,0.84,0.5435,0.6173,0.4854,0.56,0.5873,0.9136,0.4327,0.32,0.6884,0.9136,0.5522,0.6,0.6884,0.9136,0.5522,0.6
2211255 toby fox - Once Upon a Time [Timeless],102,10,0.6457,0.7059,0.595,0.6,0.7203,0.8333,0.6343,0.6,0.7768,0.8529,0.7131,0.76,0.6146,0.6176,0.6117,0.56,0.6305,0.9118,0.4819,0.24,0.7203,0.8333,0.6343,0.6,0.7203,0.8333,0.6343,0.6
2214384 BilliumMoto - Harumachi clip your face off [muzukashii],155,10,0.7,0.9032,0.5714,0.72,0.7922,0.7871,0.7974,0.36,0.7284,0.7613,0.6982,0.28,0.7066,0.7613,0.6592,0.8,0.7493,0.8387,0.6771,0.24,0.7922,0.7871,0.7974,0.36,0.7922,0.7871,0.7974,0.36
2214384 BilliumMoto - Harumachi clip your face off [futsuu],112,10,0.5965,0.6071,0.5862,0.88,0.749,0.8393,0.6763,0.4,0.678,0.7143,0.6452,0.36,0.6048,0.7857,0.4916,0.8,0.7317,0.8036,0.6716,0.36,0.749,0.8393,0.6763,0.4,0.749,0.8393,0.6763,0.4
2214384 BilliumMoto - Harumachi clip your face off [inner],233,10,0.8023,0.8884,0.7314,0.52,0.8458,0.8712,0.8219,0.2,0.7663,0.7811,0.7521,0.2,0.7804,0.8541,0.7184,0.52,0.7944,0.8455,0.749,0.16,0.8458,0.8712,0.8219,0.2,0.8458,0.8712,0.8219,0.2
2214384 BilliumMoto - Harumachi clip your face off [kantan],63,10,0.6087,0.6667,0.56,0.92,0.6486,0.7619,0.5647,0.56,0.5799,0.7778,0.4623,0.4,0.5036,0.5556,0.4605,0.88,0.6714,0.746,0.6104,0.52,0.6486,0.7619,0.5647,0.56,0.6486,0.7619,0.5647,0.56
2214384 BilliumMoto - Harumachi clip your face off [oni],191,10,0.7621,0.9058,0.6578,0.68,0.823,0.9005,0.7577,0.24,0.7577,0.7696,0.7462,0.24,0.7585,0.822,0.704,0.76,0.7943,0.8691,0.7313,0.2,0.823,0.9005,0.7577,0.24,0.823,0.9005,0.7577,0.24
2216932 IVE - LOVE DIVE (Japanese Ver.) (Slax Remix) [HeLLFly's Oni],1625,10,0.8371,0.8646,0.8112,0.68,0.8161,0.8314,0.8013,0.24,0.7741,0.8098,0.7414,0.16,0.8113,0.8332,0.7904,0.72,0.8107,0.8326,0.7898,0.16,0.8161,0.8314,0.8013,0.24,0.8161,0.8314,0.8013,0.24
2216932 IVE - LOVE DIVE (Japanese Ver.) (Slax Remix) [Loli Dive],2299,10,0.8232,0.8043,0.8431,0.36,0.8153,0.746,0.8988,0.16,0.7781,0.7251,0.8394,0.12,0.8168,0.796,0.8387,0.48,0.8032,0.7277,0.8961,0.12,0.8153,0.746,0.8988,0.16,0.8153,0.746,0.8988,0.16
2217257 GARYWAVE vs. Sakimura Ryuu - FUCKIN' EIENTEI [LUNATIC],2992,10,0.7576,0.7042,0.8198,0.64,0.6291,0.6143,0.6447,0.32,0.4522,0.9418,0.2975,0.04,0.7489,0.7166,0.7842,0.52,0.6051,0.5932,0.6174,0.32,0.6291,0.6143,0.6447,0.32,0.6291,0.6143,0.6447,0.32
"2222241 Sengoku Nadeko (CV_ Hanazawa Kana), Ononoki Yotsugi (CV_ Hayami Saori) - caramel ribbon cursetard (TV Size) [Futsuu]",195,10,0.5595,0.6872,0.4718,0.8,0.6774,0.8615,0.5581,0.28,0.5873,0.7846,0.4693,0.32,0.4655,0.6051,0.3782,0.72,0.6481,0.8359,0.5292,0.2,0.6774,0.8615,0.5581,0.28,0.6774,0.8615,0.5581,0.28
"2222241 Sengoku Nadeko (CV_ Hanazawa Kana), Ononoki Yotsugi (CV_ Hayami Saori) - caramel ribbon cursetard (TV Size) [Kantan]",99,10,0.3849,0.5152,0.3072,0.88,0.5015,0.8687,0.3525,0.36,0.4348,0.7071,0.3139,0.52,0.2869,0.697,0.1806,0.64,0.4793,0.8182,0.3389,0.28,0.5015,0.8687,0.3525,0.36,0.5015,0.8687,0.3525,0.36
"2222241 Sengoku Nadeko (CV_ Hanazawa Kana), Ononoki Yotsugi (CV_ Hayami Saori) - caramel ribbon cursetard (TV Size) [Muzukashii]",290,10,0.6376,0.631,0.6444,0.8,0.7516,0.8138,0.6982,0.24,0.6656,0.7069,0.6288,0.32,0.598,0.6207,0.5769,0.72,0.7163,0.7966,0.6507,0.16,0.7516,0.8138,0.6982,0.24,0.7516,0.8138,0.6982,0.24
"2222241 Sengoku Nadeko (CV_ Hanazawa Kana), Ononoki Yotsugi (CV_ Hayami Saori) - caramel ribbon cursetard (TV Size) [Oni]",372,10,0.6561,0.6694,0.6434,0.72,0.7719,0.7823,0.7618,0.2,0.675,0.7258,0.6308,0.2,0.6366,0.6452,0.6283,0.64,0.7406,0.7903,0.6967,0.12,0.7719,0.7823,0.7618,0.2,0.7719,0.7823,0.7618,0.2
2222415 Hamu - Yumemigokochi [<3],52,10,0.8081,0.7692,0.8511,0.36,0.8598,0.8846,0.8364,0.6,0.7611,0.8269,0.7049,0.6,0.809,0.6923,0.973,0.12,0.8381,0.8462,0.8302,0.6,0.8598,0.8846,0.8364,0.6,0.8598,0.8846,0.8364,0.6
"2225029 3TERNITY, LXNER - MYSLI (Intro) [EMOTIONS]",860,10,0.7993,0.8151,0.7841,0.64,0.7508,0.8581,0.6673,0.24,0.635,0.8477,0.5077,0.16,0.781,0.7628,0.8,0.6,0.7265,0.8233,0.6501,0.2,0.7508,0.8581,0.6673,0.24,0.7508,0.8581,0.6673,0.24
"2225029 3TERNITY, LXNER - MYSLI (Intro) [FUTSUU]",423,10,0.6316,0.7092,0.5693,0.76,0.53,0.8983,0.3759,0.28,0.4211,0.5485,0.3417,0.4,0.6308,0.8723,0.494,0.64,0.5119,0.9149,0.3554,0.2,0.53,0.8983,0.3759,0.28,0.53,0.8983,0.3759,0.28
"2225029 3TERNITY, LXNER - MYSLI (Intro) [KANTAN]",237,10,0.4982,0.5865,0.433,0.8,0.3293,0.2869,0.3864,0.84,0.3028,0.4051,0.2418,0.6,0.4372,0.6835,0.3214,0.72,0.3283,0.3671,0.2969,0.56,0.3293,0.2869,0.3864,0.84,0.3293,0.2869,0.3864,0.84
"2225029 3TERNITY, LXNER - MYSLI (Intro) [MUZUKASHII]",534,10,0.709,0.8783,0.5944,0.68,0.6214,0.8989,0.4748,0.28,0.483,0.7978,0.3463,0.2,0.7104,0.8521,0.6091,0.64,0.5915,0.8989,0.4408,0.2,0.6214,0.8989,0.4748,0.28,0.6214,0.8989,0.4748,0.28
"2225029 3TERNITY, LXNER - MYSLI (Intro) [ONI]",698,10,0.7693,0.8195,0.725,0.68,0.701,0.8582,0.5925,0.28,0.5679,0.8682,0.422,0.16,0.7806,0.808,0.755,0.64,0.6738,0.8625,0.5528,0.2,0.701,0.8582,0.5925,0.28,0.701,0.8582,0.5925,0.28
2230534 KOSMONAVTOV NET feat. deepins - v temnote [futsuu],268,10,0.572,0.5709,0.573,0.96,0.4918,0.7239,0.3724,0.44,0.2664,0.8022,0.1597,0.2,0.5079,0.597,0.442,0.92,0.4458,0.6828,0.3309,0.4,0.4918,0.7239,0.3724,0.44,0.4918,0.7239,0.3724,0.44
2230534 KOSMONAVTOV NET feat. deepins - v temnote [kantan],138,10,0.4346,0.6377,0.3296,0.96,0.4219,0.7246,0.2976,0.56,0.1844,0.8116,0.104,0.24,0.3923,0.442,0.3526,0.96,0.3877,0.6377,0.2785,0.56,0.4219,0.7246,0.2976,0.56,0.4219,0.7246,0.2976,0.56
2230534 KOSMONAVTOV NET feat. deepins - v temnote [muzukashii],335,10,0.6013,0.5403,0.6779,0.96,0.5286,0.8836,0.3771,0.32,0.2939,0.7373,0.1835,0.2,0.5773,0.7582,0.4661,0.88,0.4584,0.7403,0.332,0.32,0.5286,0.8836,0.3771,0.32,0.5286,0.8836,0.3771,0.32
2230534 KOSMONAVTOV NET feat. deepins - v temnote [peppermint],417,10,0.6606,0.6978,0.6272,0.92,0.5541,0.7986,0.4242,0.32,0.3108,0.6571,0.2036,0.2,0.6486,0.7482,0.5725,0.88,0.4759,0.6643,0.3708,0.32,0.5541,0.7986,0.4242,0.32,0.5541,0.7986,0.4242,0.32
2231629 Lil Peep & Lederrick - suck my blood [painful],174,10,0.3411,0.3793,0.3099,0.8,0.4989,0.6437,0.4073,0.48,0.3879,0.4425,0.3453,0.64,0.2998,0.3678,0.253,0.72,0.4289,0.5977,0.3344,0.44,0.4989,0.6437,0.4073,0.48,0.4989,0.6437,0.4073,0.48
"2232197 Shawn Mendes, Camila Cabello - Senorita [Duet]",770,10,0.589,0.7818,0.4725,0.28,0.7696,0.7506,0.7896,0.32,0.6034,0.6649,0.5523,0.24,0.5241,0.7,0.4188,0.04,0.6949,0.7455,0.6508,0.2,0.7696,0.7506,0.7896,0.32,0.7696,0.7506,0.7896,0.32
"2232197 Shawn Mendes, Camila Cabello - Senorita [Futsuu]",456,10,0.5049,0.511,0.4989,0.8,0.7166,0.8706,0.6089,0.36,0.5443,0.7346,0.4323,0.28,0.4119,0.7873,0.2789,0.04,0.6453,0.7741,0.5533,0.28,0.7166,0.8706,0.6089,0.36,0.7166,0.8706,0.6089,0.36
"2232197 Shawn Mendes, Camila Cabello - Senorita [[-E S I A-]'s Muzukashii]",582,10,0.5011,0.7835,0.3683,0.4,0.7473,0.8436,0.6708,0.32,0.5792,0.6753,0.5071,0.28,0.4559,0.732,0.331,0.04,0.6738,0.7577,0.6066,0.24,0.7473,0.8436,0.6708,0.32,0.7473,0.8436,0.6708,0.32
"2232197 Shawn Mendes, Camila Cabello - Senorita [maxie's Kantan]",256,10,0.3618,0.4297,0.3125,0.84,0.5015,0.6641,0.4028,0.52,0.3856,0.6914,0.2674,0.32,0.2975,0.4648,0.2188,0.72,0.4553,0.7266,0.3316,0.32,0.5015,0.6641,0.4028,0.52,0.5015,0.6641,0.4028,0.52
2233178 Azuma Lim - Jinrui Mina Senpai! (Mtell & Ange;art Hardcore Bootleg) [Edward's Oni],1336,10,0.7504,0.7874,0.7166,0.88,0.8152,0.8009,0.8301,0.36,0.7601,0.7852,0.7367,0.28,0.7089,0.8376,0.6145,0.8,0.7586,0.8114,0.7122,0.28,0.8152,0.8009,0.8301,0.36,0.8152,0.8009,0.8301,0.36
2233178 Azuma Lim - Jinrui Mina Senpai! (Mtell & Ange;art Hardcore Bootleg) [Muzukashii],1073,10,0.7234,0.7521,0.6969,0.92,0.7824,0.8611,0.7168,0.36,0.7241,0.8425,0.6348,0.28,0.6919,0.6906,0.6932,0.92,0.7308,0.8136,0.6634,0.32,0.7824,0.8611,0.7168,0.36,0.7824,0.8611,0.7168,0.36
2233178 Azuma Lim - Jinrui Mina Senpai! (Mtell & Ange;art Hardcore Bootleg) [Senpai!],1629,10,0.7808,0.7422,0.8236,0.88,0.7881,0.7624,0.8155,0.28,0.7297,0.7317,0.7277,0.24,0.7612,0.806,0.721,0.8,0.7344,0.7103,0.7602,0.28,0.7881,0.7624,0.8155,0.28,0.7881,0.7624,0.8155,0.28
2235879 NewJeans - Right Now [Bittersweet Romance],1080,10,0.7675,0.7796,0.7558,0.2,0.7585,0.7213,0.7998,0.2,0.6525,0.7407,0.5831,0.12,0.7289,0.7343,0.7235,0.0,0.7076,0.7315,0.6852,0.12,0.7585,0.7213,0.7998,0.2,0.7585,0.7213,0.7998,0.2
2235879 NewJeans - Right Now [Futsuu],482,10,0.6067,0.7344,0.5168,0.68,0.7068,0.9004,0.5818,0.32,0.6212,0.7552,0.5275,0.32,0.5564,0.6245,0.5017,0.6,0.6692,0.7365,0.6131,0.32,0.7068,0.9004,0.5818,0.32,0.7068,0.9004,0.5818,0.32
2235879 NewJeans - Right Now [Kantan],250,10,0.4061,0.588,0.3101,0.76,0.5286,0.684,0.4307,0.56,0.5174,0.684,0.4161,0.52,0.393,0.492,0.3271,0.68,0.4908,0.696,0.3791,0.4,0.5286,0.684,0.4307,0.56,0.5286,0.684,0.4307,0.56
2235879 NewJeans - Right Now [Muzukashii],701,10,0.7186,0.7104,0.727,0.68,0.7715,0.8331,0.7183,0.28,0.657,0.7447,0.5878,0.24,0.6395,0.5934,0.6933,0.6,0.7312,0.8031,0.671,0.2,0.7715,0.8331,0.7183,0.28,0.7715,0.8331,0.7183,0.28
2235879 NewJeans - Right Now [Oni],942,10,0.7481,0.8163,0.6903,0.2,0.7756,0.7887,0.7628,0.2,0.6597,0.741,0.5945,0.16,0.7026,0.7601,0.6533,0.0,0.7173,0.7272,0.7076,0.16,0.7756,0.7887,0.7628,0.2,0.7756,0.7887,0.7628,0.2
2243871 TRUE - Soundscape [Euphonium],1738,10,0.6815,0.8009,0.5931,0.76,0.7766,0.7601,0.7939,0.32,0.7335,0.7848,0.6885,0.24,0.6414,0.7629,0.5532,0.68,0.6906,0.7244,0.6599,0.28,0.7766,0.7601,0.7939,0.32,0.7766,0.7601,0.7939,0.32
2244646 kessoku band - Re_Re_ [Revival],1816,10,0.6511,0.7456,0.5779,0.68,0.7664,0.7588,0.7742,0.28,0.5829,0.755,0.4747,0.16,0.6501,0.7428,0.578,0.4,0.6717,0.717,0.6317,0.24,0.7664,0.7588,0.7742,0.28,0.7664,0.7588,0.7742,0.28
2246451 HakoBakoShowKohGun - iDeal [Oni],2847,10,0.9104,0.8953,0.9259,0.8,0.9144,0.9396,0.8905,0.24,0.8643,0.9354,0.8033,0.16,0.9176,0.8939,0.9426,0.8,0.8554,0.9125,0.8051,0.2,0.9144,0.9396,0.8905,0.24,0.9144,0.9396,0.8905,0.24
2248415 yuri - Kashika [From Head From Body],331,10,0.557,0.568,0.5465,0.72,0.8656,0.8852,0.8468,0.2,0.7975,0.7795,0.8165,0.2,0.5,0.5468,0.4606,0.6,0.8442,0.8429,0.8455,0.16,0.8656,0.8852,0.8468,0.2,0.8656,0.8852,0.8468,0.2
2248415 yuri - Kashika [Futsuu],162,10,0.415,0.6481,0.3052,0.72,0.6589,0.8765,0.5279,0.4,0.645,0.7346,0.5749,0.64,0.3459,0.5926,0.2443,0.6,0.6499,0.8765,0.5164,0.32,0.6589,0.8765,0.5279,0.4,0.6589,0.8765,0.5279,0.4
2248415 yuri - Kashika [Muzukashii],255,10,0.5442,0.6392,0.4738,0.72,0.8021,0.8902,0.7299,0.28,0.7531,0.8431,0.6804,0.2,0.4877,0.6196,0.402,0.6,0.7829,0.898,0.6939,0.16,0.8021,0.8902,0.7299,0.28,0.8021,0.8902,0.7299,0.28
2248538 fripSide - Two souls -toward the truth- (TV Size) [Futsuu],262,10,0.4319,0.7328,0.3062,0.52,0.7547,0.8511,0.6778,0.44,0.5869,0.8053,0.4617,0.2,0.4283,0.7405,0.3012,0.4,0.6733,0.771,0.5976,0.4,0.7547,0.8511,0.6778,0.44,0.7547,0.8511,0.6778,0.44
2248538 fripSide - Two souls -toward the truth- (TV Size) [Kantan],140,10,0.2716,0.5714,0.1782,0.76,0.5093,0.7786,0.3785,0.48,0.3888,0.6929,0.2702,0.24,0.2653,0.7429,0.1615,0.4,0.4631,0.6714,0.3534,0.48,0.5093,0.7786,0.3785,0.48,0.5093,0.7786,0.3785,0.48
2248538 fripSide - Two souls -toward the truth- (TV Size) [Muzukashii],369,10,0.5607,0.7886,0.435,0.4,0.801,0.8455,0.761,0.36,0.6287,0.8238,0.5084,0.16,0.5508,0.7561,0.4332,0.4,0.7091,0.7995,0.6371,0.32,0.801,0.8455,0.761,0.36,0.801,0.8455,0.761,0.36
2248538 fripSide - Two souls -toward the truth- (TV Size) [Oni],439,10,0.6217,0.7882,0.5134,0.36,0.7937,0.8018,0.7857,0.32,0.6345,0.7494,0.5502,0.16,0.6187,0.7631,0.5202,0.4,0.7118,0.7312,0.6933,0.32,0.7937,0.8018,0.7857,0.32,0.7937,0.8018,0.7857,0.32
2249694 yuri - Heart111 [Futsuu],275,10,0.7085,0.6982,0.7191,0.8,0.75,0.8836,0.6515,0.32,0.7136,0.7927,0.6488,0.44,0.6452,0.6545,0.636,0.8,0.7461,0.8655,0.6556,0.24,0.75,0.8836,0.6515,0.32,0.75,0.8836,0.6515,0.32
2249694 yuri - Heart111 [Give me your heart],606,10,0.7919,0.7409,0.8504,0.48,0.7726,0.7261,0.8255,0.12,0.7357,0.7211,0.7509,0.12,0.7468,0.7129,0.784,0.44,0.7496,0.736,0.7637,0.04,0.7726,0.7261,0.8255,0.12,0.7726,0.7261,0.8255,0.12
2249694 yuri - Heart111 [Kantan],161,10,0.7071,0.8696,0.5957,0.88,0.5693,0.9441,0.4075,0.32,0.5333,0.5217,0.5455,1.04,0.7189,0.8261,0.6364,0.88,0.5725,0.9317,0.4132,0.24,0.5693,0.9441,0.4075,0.32,0.5693,0.9441,0.4075,0.32
2249694 yuri - Heart111 [Muzukashii],368,10,0.7338,0.8315,0.6567,0.56,0.8116,0.837,0.7877,0.28,0.7812,0.7473,0.8185,0.44,0.7,0.7989,0.6229,0.56,0.8094,0.8424,0.7789,0.16,0.8116,0.837,0.7877,0.28,0.8116,0.837,0.7877,0.28
2249694 yuri - Heart111 [Oni],436,10,0.7593,0.8394,0.6932,0.48,0.8173,0.9083,0.743,0.12,0.7842,0.8624,0.7189,0.16,0.7141,0.7936,0.6492,0.48,0.8041,0.805,0.8032,0.12,0.8173,0.9083,0.743,0.12,0.8173,0.9083,0.743,0.12
2251894 KANA-BOON - Gradation feat. Kitazawa Yuuho (TV Size) [Bug's Kantan],139,10,0.4291,0.446,0.4133,0.96,0.6025,0.6978,0.5301,0.52,0.5293,0.7482,0.4094,0.32,0.3277,0.4173,0.2698,0.92,0.5613,0.6259,0.5088,0.48,0.6025,0.6978,0.5301,0.52,0.6025,0.6978,0.5301,0.52
2251894 KANA-BOON - Gradation feat. Kitazawa Yuuho (TV Size) [Futsuu],267,10,0.4895,0.5655,0.4314,0.92,0.8021,0.8727,0.742,0.36,0.6954,0.8464,0.5901,0.24,0.4557,0.7603,0.3253,0.72,0.7081,0.8315,0.6167,0.28,0.8021,0.8727,0.742,0.36,0.8021,0.8727,0.742,0.36
2251894 KANA-BOON - Gradation feat. Kitazawa Yuuho (TV Size) [Meant To Be],479,10,0.6877,0.8184,0.593,0.76,0.8118,0.8058,0.8178,0.24,0.7225,0.7829,0.6708,0.16,0.6365,0.7495,0.5532,0.64,0.6939,0.762,0.637,0.2,0.8118,0.8058,0.8178,0.24,0.8118,0.8058,0.8178,0.24
2251894 KANA-BOON - Gradation feat. Kitazawa Yuuho (TV Size) [Muzukashii],349,10,0.5811,0.7908,0.4592,0.84,0.8027,0.8567,0.7551,0.28,0.7165,0.8109,0.6417,0.2,0.5427,0.7564,0.4231,0.72,0.7024,0.7135,0.6917,0.28,0.8027,0.8567,0.7551,0.28,0.8027,0.8567,0.7551,0.28
2251894 KANA-BOON - Gradation feat. Kitazawa Yuuho (TV Size) [Oni],412,10,0.6436,0.7913,0.5424,0.84,0.8292,0.8131,0.846,0.28,0.7386,0.7646,0.7143,0.2,0.6004,0.7549,0.4984,0.72,0.7057,0.7306,0.6825,0.24,0.8292,0.8131,0.846,0.28,0.8292,0.8131,0.846,0.28
2257344 MilkyWay - Anataboshi (TV Size) [Futsuu],250,10,0.4862,0.636,0.3936,0.84,0.7293,0.9,0.6131,0.48,0.6853,0.832,0.5826,0.44,0.4459,0.668,0.3347,0.76,0.6677,0.876,0.5394,0.4,0.7293,0.9,0.6131,0.48,0.7293,0.9,0.6131,0.48
2257344 MilkyWay - Anataboshi (TV Size) [Inner Oni],624,10,0.6321,0.6154,0.6497,0.64,0.7688,0.7196,0.8254,0.28,0.7133,0.6619,0.7734,0.28,0.5962,0.6106,0.5826,0.52,0.7295,0.75,0.7102,0.24,0.7688,0.7196,0.8254,0.28,0.7688,0.7196,0.8254,0.28
2257344 MilkyWay - Anataboshi (TV Size) [Kantan],139,10,0.361,0.705,0.2426,0.84,0.5558,0.9137,0.3994,0.56,0.4879,0.8705,0.3389,0.44,0.3658,0.6763,0.2507,0.8,0.4987,0.705,0.3858,0.56,0.5558,0.9137,0.3994,0.56,0.5558,0.9137,0.3994,0.56
2257344 MilkyWay - Anataboshi (TV Size) [Muzukashii],393,10,0.5571,0.5649,0.5495,0.84,0.7929,0.799,0.787,0.44,0.7602,0.8066,0.7188,0.36,0.5045,0.5725,0.4509,0.76,0.733,0.8346,0.6534,0.32,0.7929,0.799,0.787,0.44,0.7929,0.799,0.787,0.44
2257344 MilkyWay - Anataboshi (TV Size) [Oni],501,10,0.5998,0.6208,0.5802,0.76,0.79,0.7924,0.7877,0.32,0.7452,0.7006,0.7959,0.36,0.5506,0.6347,0.4862,0.52,0.7349,0.7884,0.6882,0.28,0.79,0.7924,0.7877,0.32,0.79,0.7924,0.7877,0.32
2259579 Creepy Nuts - Otonoke (TV Size) [Oni],460,10,0.7136,0.7717,0.6636,0.68,0.8054,0.9043,0.726,0.2,0.6836,0.7609,0.6206,0.24,0.6847,0.8543,0.5712,0.24,0.7653,0.8717,0.682,0.16,0.8054,0.9043,0.726,0.2,0.8054,0.9043,0.726,0.2
2259579 Creepy Nuts - Otonoke (TV Size) [Tachi & Ryxliee's Kantan],144,10,0.4621,0.4444,0.4812,0.92,0.4886,0.5972,0.4135,0.56,0.4371,0.6389,0.3321,0.52,0.3955,0.4861,0.3333,0.8,0.4571,0.7778,0.3237,0.32,0.4886,0.5972,0.4135,0.56,0.4886,0.5972,0.4135,0.56
2259579 Creepy Nuts - Otonoke (TV Size) [Tachi's Futsuu],276,10,0.6281,0.6884,0.5775,0.8,0.6316,0.8478,0.5032,0.28,0.5357,0.8152,0.3989,0.24,0.543,0.721,0.4354,0.6,0.581,0.9094,0.4269,0.16,0.6316,0.8478,0.5032,0.28,0.6316,0.8478,0.5032,0.28
2259579 Creepy Nuts - Otonoke (TV Size) [hz404's Muzukashii],368,10,0.6438,0.7391,0.5702,0.72,0.7563,0.856,0.6774,0.28,0.6636,0.7908,0.5717,0.28,0.5961,0.7962,0.4764,0.44,0.7232,0.788,0.6682,0.24,0.7563,0.856,0.6774,0.28,0.7563,0.856,0.6774,0.28
2259998 Rita - Jet Loser [Inner Oni],2445,10,0.7491,0.8025,0.7025,0.84,0.7326,0.7018,0.7661,0.36,0.6519,0.6937,0.6149,0.32,0.7365,0.7689,0.7068,0.8,0.6875,0.6965,0.6788,0.32,0.7326,0.7018,0.7661,0.36,0.7326,0.7018,0.7661,0.36
2263749 mollow mollow - My Bread was Burnt to a Crisp [Futsuu],80,10,0.5174,0.8375,0.3743,0.92,0.4475,0.6125,0.3525,0.52,0.4135,0.6875,0.2957,0.32,0.4545,0.625,0.3571,0.88,0.4118,0.875,0.2692,0.32,0.4475,0.6125,0.3525,0.52,0.4475,0.6125,0.3525,0.52
2263749 mollow mollow - My Bread was Burnt to a Crisp [Muzukashii],120,10,0.5753,0.7167,0.4804,0.92,0.5433,0.7583,0.4233,0.4,0.4986,0.725,0.3799,0.28,0.5367,0.7,0.4352,0.84,0.5053,0.8,0.3692,0.32,0.5433,0.7583,0.4233,0.4,0.5433,0.7583,0.4233,0.4
2263749 mollow mollow - My Bread was Burnt to a Crisp [Oni],152,10,0.6297,0.8224,0.5102,0.88,0.6056,0.8487,0.4708,0.32,0.5459,0.6842,0.4541,0.28,0.5714,0.7632,0.4567,0.76,0.5534,0.75,0.4385,0.32,0.6056,0.8487,0.4708,0.32,0.6056,0.8487,0.4708,0.32
2263749 mollow mollow - My Bread was Burnt to a Crisp [This Song Is About Tragic Bread],201,10,0.6868,0.9055,0.5532,0.8,0.6745,0.8557,0.5566,0.28,0.5856,0.791,0.4649,0.2,0.6391,0.8458,0.5136,0.56,0.5687,0.8756,0.4211,0.2,0.6745,0.8557,0.5566,0.28,0.6745,0.8557,0.5566,0.28
2263749 mollow mollow - My Bread was Burnt to a Crisp [xornado's Kantan],47,10,0.3968,0.5319,0.3165,0.96,0.3494,0.617,0.2437,0.56,0.3004,0.7447,0.1882,0.32,0.3206,0.4468,0.25,0.92,0.3057,0.5106,0.2182,0.56,0.3494,0.617,0.2437,0.56,0.3494,0.617,0.2437,0.56
2264168 Street - Hestia (BilliumMoto Remix) [Myslee],2264,10,0.7896,0.837,0.7472,0.72,0.8133,0.8511,0.7786,0.2,0.682,0.773,0.6102,0.16,0.7807,0.8295,0.7373,0.64,0.7688,0.7915,0.7473,0.16,0.8133,0.8511,0.7786,0.2,0.8133,0.8511,0.7786,0.2
2264417 Hanatan - Omoide Kakera [Eternity],2090,10,0.7919,0.834,0.7539,0.84,0.7607,0.7885,0.7347,0.28,0.7299,0.7947,0.6749,0.2,0.781,0.8268,0.74,0.64,0.7,0.7766,0.6372,0.24,0.7607,0.7885,0.7347,0.28,0.7607,0.7885,0.7347,0.28
2264417 Hanatan - Omoide Kakera [Futsuu],969,10,0.6329,0.7544,0.5451,0.92,0.7304,0.7967,0.6742,0.44,0.7012,0.7884,0.6314,0.32,0.5911,0.8772,0.4457,0.8,0.6724,0.6502,0.6961,0.44,0.7304,0.7967,0.6742,0.44,0.7304,0.7967,0.6742,0.44
2264417 Hanatan - Omoide Kakera [Kantan],498,10,0.4453,0.4699,0.4231,0.96,0.553,0.6867,0.4628,0.56,0.5166,0.7169,0.4038,0.4,0.3748,0.8012,0.2446,0.84,0.545,0.6446,0.4721,0.52,0.553,0.6867,0.4628,0.56,0.553,0.6867,0.4628,0.56
2264417 Hanatan - Omoide Kakera [Lucho's Oni],1786,10,0.7628,0.8751,0.676,0.84,0.7686,0.785,0.753,0.32,0.7345,0.7458,0.7235,0.24,0.7577,0.8589,0.6779,0.72,0.7081,0.72,0.6966,0.28,0.7686,0.785,0.753,0.32,0.7686,0.785,0.753,0.32
2264417 Hanatan - Omoide Kakera [Muzukashii],1260,10,0.688,0.8802,0.5647,0.88,0.7407,0.7627,0.7199,0.4,0.7186,0.7794,0.6667,0.28,0.6694,0.8413,0.5558,0.8,0.6811,0.7357,0.6341,0.32,0.7407,0.7627,0.7199,0.4,0.7407,0.7627,0.7199,0.4
"2265016 25-ji, Nightcord de. x KAITO - BAKENOHANA [Futsuu]",366,10,0.7,0.7268,0.6751,0.84,0.6769,0.9071,0.5398,0.28,0.5725,0.8197,0.4399,0.16,0.674,0.7486,0.613,0.8,0.6441,0.8825,0.5071,0.2,0.6769,0.9071,0.5398,0.28,0.6769,0.9071,0.5398,0.28
"2265016 25-ji, Nightcord de. x KAITO - BAKENOHANA [Kantan]",206,10,0.5492,0.5146,0.5889,0.92,0.4894,0.7816,0.3562,0.4,0.3941,0.8495,0.2566,0.16,0.5232,0.6019,0.4627,0.88,0.4684,0.8107,0.3294,0.28,0.4894,0.7816,0.3562,0.4,0.4894,0.7816,0.3562,0.4
"2265016 25-ji, Nightcord de. x KAITO - BAKENOHANA [Muzukashii]",494,10,0.7288,0.7915,0.6753,0.76,0.761,0.8543,0.6862,0.28,0.6622,0.8907,0.5269,0.12,0.7218,0.9271,0.591,0.52,0.7312,0.9555,0.5922,0.12,0.761,0.8543,0.6862,0.28,0.761,0.8543,0.6862,0.28
"2265016 25-ji, Nightcord de. x KAITO - BAKENOHANA [Oni]",630,10,0.7554,0.8603,0.6733,0.52,0.7956,0.8651,0.7365,0.2,0.7113,0.827,0.624,0.12,0.7651,0.9254,0.6521,0.0,0.7765,0.8794,0.6951,0.12,0.7956,0.8651,0.7365,0.2,0.7956,0.8651,0.7365,0.2
"2265016 25-ji, Nightcord de. x KAITO - BAKENOHANA [Ura Oni]",710,10,0.7894,0.8423,0.7429,0.52,0.8193,0.8746,0.7705,0.16,0.7159,0.7789,0.6623,0.12,0.8005,0.9042,0.7181,0.0,0.7963,0.8451,0.7528,0.12,0.8193,0.8746,0.7705,0.16,0.8193,0.8746,0.7705,0.16
"2265016 25-ji, Nightcord de. x KAITO - BAKENOHANA [Where Does the Path of Thorns Lead To?]",813,10,0.7911,0.7872,0.795,0.52,0.7894,0.786,0.7928,0.16,0.6814,0.7774,0.6065,0.08,0.8014,0.8413,0.7651,0.0,0.7627,0.7552,0.7704,0.12,0.7894,0.786,0.7928,0.16,0.7894,0.786,0.7928,0.16
2267211 Ecco2k - Don't Ask [Kantan],222,10,0.25,0.3423,0.1969,0.8,0.6102,0.8604,0.4728,0.56,0.5099,0.6937,0.4031,0.56,0.219,0.3739,0.1549,0.64,0.5433,0.8198,0.4062,0.52,0.6102,0.8604,0.4728,0.56,0.6102,0.8604,0.4728,0.56
2267211 Ecco2k - Don't Ask [Quick Slip],425,10,0.3456,0.4188,0.2942,0.72,0.8249,0.8871,0.771,0.48,0.6417,0.7459,0.5631,0.44,0.3292,0.5012,0.2451,0.24,0.7438,0.8094,0.688,0.48,0.8249,0.8871,0.771,0.48,0.8249,0.8871,0.771,0.48
2271967 Plum - Tempest [Flood],1189,10,0.867,0.9731,0.7818,0.0,0.8902,0.9378,0.8473,0.2,0.7553,0.8621,0.6721,0.16,0.8406,0.8604,0.8217,0.28,0.8306,0.8394,0.8221,0.2,0.8902,0.9378,0.8473,0.2,0.8902,0.9378,0.8473,0.2
2271967 Plum - Tempest [Futsuu],431,10,0.59,0.7494,0.4864,0.88,0.6878,0.7285,0.6515,0.48,0.5646,0.7912,0.4389,0.28,0.5687,0.6821,0.4876,0.84,0.6361,0.7889,0.5329,0.32,0.6878,0.7285,0.6515,0.48,0.6878,0.7285,0.6515,0.48
2271967 Plum - Tempest [Inner Oni],955,10,0.777,0.9906,0.6392,0.0,0.8405,0.9466,0.7559,0.24,0.704,0.9141,0.5725,0.16,0.7578,0.8618,0.6763,0.36,0.793,0.9005,0.7084,0.2,0.8405,0.9466,0.7559,0.24,0.8405,0.9466,0.7559,0.24
2271967 Plum - Tempest [Muzukashii],560,10,0.6552,0.7161,0.6039,0.88,0.7013,0.8429,0.6005,0.36,0.5879,0.7018,0.5058,0.28,0.627,0.725,0.5524,0.8,0.6511,0.6964,0.6113,0.32,0.7013,0.8429,0.6005,0.36,0.7013,0.8429,0.6005,0.36
2271967 Plum - Tempest [Oni],784,10,0.689,0.9949,0.527,0.0,0.7673,0.9043,0.6664,0.28,0.667,0.8342,0.5556,0.2,0.6789,0.8482,0.566,0.44,0.7442,0.8406,0.6677,0.24,0.7673,0.9043,0.6664,0.28,0.7673,0.9043,0.6664,0.28
2281018 Hei Shou De Yu Tou - o i i a i o o o o o i a i [chrombnado's kantan],86,10,0.6787,0.8721,0.5556,0.96,0.4784,0.7093,0.3609,0.64,0.357,0.7907,0.2305,0.36,0.7032,0.8953,0.5789,0.96,0.4909,0.6279,0.403,0.52,0.4784,0.7093,0.3609,0.64,0.4784,0.7093,0.3609,0.64
2281018 Hei Shou De Yu Tou - o i i a i o o o o o i a i [cychlo's muzukashii],243,10,0.6837,0.6626,0.7061,0.88,0.7078,0.8724,0.5955,0.36,0.6335,0.8395,0.5087,0.24,0.6548,0.7572,0.5768,0.76,0.7067,0.8724,0.5938,0.2,0.7078,0.8724,0.5955,0.36,0.7078,0.8724,0.5955,0.36
2281018 Hei Shou De Yu Tou - o i i a i o o o o o i a i [glassive's ura oni],440,10,0.8584,0.9227,0.8024,0.36,0.868,0.9568,0.7943,0.12,0.7931,0.9409,0.6854,0.08,0.8423,0.8864,0.8025,0.48,0.8734,0.9091,0.8403,0.08,0.868,0.9568,0.7943,0.12,0.868,0.9568,0.7943,0.12
2281018 Hei Shou De Yu Tou - o i i a i o o o o o i a i [molybdenum's oni],329,10,0.7563,0.8723,0.6674,0.72,0.7796,0.8116,0.75,0.36,0.7085,0.8754,0.595,0.16,0.7351,0.9027,0.62,0.52,0.7925,0.9696,0.6702,0.08,0.7796,0.8116,0.75,0.36,0.7796,0.8116,0.75,0.36
2281018 Hei Shou De Yu Tou - o i i a i o o o o o i a i [ono's inner oni],371,10,0.804,0.8679,0.7488,0.72,0.8097,0.9003,0.7357,0.2,0.7439,0.8571,0.657,0.16,0.7859,0.9003,0.6973,0.52,0.8235,0.8868,0.7687,0.12,0.8097,0.9003,0.7357,0.2,0.8097,0.9003,0.7357,0.2
2281018 Hei Shou De Yu Tou - o i i a i o o o o o i a i [sn's futsuu],164,10,0.7826,0.7134,0.8667,0.96,0.6314,0.9085,0.4838,0.44,0.5274,0.9085,0.3716,0.24,0.7946,0.7195,0.8872,0.96,0.6389,0.8902,0.4983,0.28,0.6314,0.9085,0.4838,0.44,0.6314,0.9085,0.4838,0.44
2283380 tachibanaka - Subsidence [Futsuu],243,10,0.7206,0.7325,0.7092,0.92,0.6725,0.7942,0.5831,0.64,0.4885,0.6543,0.3897,0.64,0.6705,0.716,0.6304,0.88,0.6036,0.6831,0.5407,0.64,0.6725,0.7942,0.5831,0.64,0.6725,0.7942,0.5831,0.64
2283380 tachibanaka - Subsidence [Kantan],119,10,0.619,0.6555,0.5865,0.96,0.5417,0.5462,0.5372,1.0,0.3882,0.5546,0.2986,0.8,0.4775,0.4454,0.5146,0.96,0.4758,0.5378,0.4267,0.92,0.5417,0.5462,0.5372,1.0,0.5417,0.5462,0.5372,1.0
2283380 tachibanaka - Subsidence [Muzukashii],316,10,0.7648,0.8386,0.7029,0.88,0.7388,0.7563,0.7221,0.64,0.5359,0.6139,0.4755,0.64,0.749,0.8544,0.6667,0.84,0.6475,0.712,0.5937,0.56,0.7388,0.7563,0.7221,0.64,0.7388,0.7563,0.7221,0.64
2283380 tachibanaka - Subsidence [Solace],385,10,0.7612,0.7532,0.7692,0.88,0.6918,0.6909,0.6927,0.56,0.4994,0.5143,0.4853,0.64,0.7443,0.7636,0.7259,0.84,0.6046,0.6494,0.5656,0.52,0.6918,0.6909,0.6927,0.56,0.6918,0.6909,0.6927,0.56
2284326 Actiol feat. Yashiro Yuki - skibidi skibidi hawk 2 uh hawk [Starlight's Mogging Muzukashii],110,10,0.5048,0.4818,0.53,0.72,0.8203,0.8091,0.8318,0.48,0.7373,0.7273,0.7477,0.52,0.422,0.6636,0.3093,0.12,0.7965,0.8182,0.7759,0.4,0.8203,0.8091,0.8318,0.48,0.8203,0.8091,0.8318,0.48
2284326 Actiol feat. Yashiro Yuki - skibidi skibidi hawk 2 uh hawk [Vulkin's Still Futsuu],84,10,0.5109,0.5595,0.47,0.72,0.7059,0.7143,0.6977,0.56,0.6977,0.7143,0.6818,0.6,0.3833,0.5476,0.2949,0.52,0.7052,0.7262,0.6854,0.48,0.7059,0.7143,0.6977,0.56,0.7059,0.7143,0.6977,0.56
2284326 Actiol feat. Yashiro Yuki - skibidi skibidi hawk 2 uh hawk [gecho's Kan Tuah],39,10,0.2446,0.4359,0.17,0.72,0.5263,0.7692,0.4,0.64,0.4724,0.7692,0.3409,0.6,0.1767,0.5641,0.1048,0.32,0.5556,0.641,0.4902,0.72,0.5263,0.7692,0.4,0.64,0.5263,0.7692,0.4,0.64
2286099 turbo - Faris ga Kakkakka [Ono's Taiko Futsuu],191,10,0.4523,0.4712,0.4348,0.8,0.7445,0.8848,0.6426,0.4,0.7031,0.7749,0.6435,0.32,0.3789,0.5654,0.285,0.4,0.7253,0.8848,0.6145,0.32,0.7445,0.8848,0.6426,0.4,0.7445,0.8848,0.6426,0.4
2286099 turbo - Faris ga Kakkakka [Ono's Taiko Kantan],108,10,0.3636,0.6852,0.2475,0.72,0.5842,0.787,0.4645,0.52,0.5668,0.8056,0.4372,0.36,0.2896,0.5926,0.1916,0.6,0.5509,0.6759,0.465,0.48,0.5842,0.787,0.4645,0.52,0.5842,0.787,0.4645,0.52
2286099 turbo - Faris ga Kakkakka [Ono's Taiko Muzukashii],229,10,0.4886,0.5633,0.4314,0.72,0.7666,0.8821,0.6779,0.32,0.7097,0.8166,0.6275,0.24,0.398,0.5284,0.3193,0.4,0.7302,0.8035,0.6691,0.32,0.7666,0.8821,0.6779,0.32,0.7666,0.8821,0.6779,0.32
2286273 Sasuke Haraguchi feat. Choten-chan - Cubibibibism [Fin's Futsusususuu],652,10,0.6769,0.8144,0.5791,0.84,0.7322,0.862,0.6365,0.4,0.6194,0.8436,0.4893,0.24,0.5935,0.7837,0.4776,0.8,0.71,0.7791,0.6521,0.36,0.7322,0.862,0.6365,0.4,0.7322,0.862,0.6365,0.4
2286273 Sasuke Haraguchi feat. Choten-chan - Cubibibibism [Fin's Kantantantantan],371,10,0.5102,0.779,0.3793,0.88,0.5406,0.8706,0.392,0.44,0.4501,0.6631,0.3407,0.36,0.428,0.7251,0.3036,0.84,0.5421,0.7817,0.4149,0.4,0.5406,0.8706,0.392,0.44,0.5406,0.8706,0.392,0.44
2286273 Sasuke Haraguchi feat. Choten-chan - Cubibibibism [Muzukakakakashii],916,10,0.7287,0.8035,0.6667,0.8,0.7872,0.8341,0.7454,0.32,0.6893,0.833,0.5878,0.2,0.6844,0.8439,0.5756,0.72,0.7696,0.8133,0.7304,0.24,0.7872,0.8341,0.7454,0.32,0.7872,0.8341,0.7454,0.32
2286273 Sasuke Haraguchi feat. Choten-chan - Cubibibibism [Onininini],1139,10,0.749,0.7375,0.7609,0.8,0.792,0.8121,0.7728,0.24,0.7017,0.7507,0.6587,0.2,0.7147,0.7788,0.6605,0.72,0.7686,0.8121,0.7295,0.16,0.792,0.8121,0.7728,0.24,0.792,0.8121,0.7728,0.24
2286273 Sasuke Haraguchi feat. Choten-chan - Cubibibibism [Oververververdose],1358,10,0.7816,0.8513,0.7225,0.52,0.7977,0.7504,0.8513,0.24,0.7005,0.7364,0.668,0.16,0.7417,0.8056,0.6872,0.6,0.7689,0.8034,0.7372,0.12,0.7977,0.7504,0.8513,0.24,0.7977,0.7504,0.8513,0.24
"2286959 Norman J. Grossfeld, Russell Velazquez - Gotta Go Fast (TV Size) [FUTSUU]",268,10,0.6654,0.6679,0.663,0.92,0.8342,0.8545,0.8149,0.4,0.7715,0.8694,0.6935,0.28,0.6056,0.8507,0.4701,0.76,0.7891,0.8097,0.7695,0.36,0.8342,0.8545,0.8149,0.4,0.8342,0.8545,0.8149,0.4
"2286959 Norman J. Grossfeld, Russell Velazquez - Gotta Go Fast (TV Size) [INNER ONI]",526,10,0.7292,0.7015,0.7593,0.8,0.714,0.7548,0.6775,0.2,0.6801,0.7357,0.6324,0.16,0.6807,0.6768,0.6846,0.0,0.6791,0.6939,0.6648,0.2,0.714,0.7548,0.6775,0.2,0.714,0.7548,0.6775,0.2
"2286959 Norman J. Grossfeld, Russell Velazquez - Gotta Go Fast (TV Size) [KANTAN]",146,10,0.5144,0.7329,0.3963,0.92,0.6667,0.9247,0.5212,0.44,0.6307,0.8014,0.52,0.4,0.4157,0.7603,0.2861,0.84,0.6588,0.7603,0.5812,0.52,0.6667,0.9247,0.5212,0.44,0.6667,0.9247,0.5212,0.44
"2286959 Norman J. Grossfeld, Russell Velazquez - Gotta Go Fast (TV Size) [MUZUKASHII]",364,10,0.7027,0.7857,0.6356,0.84,0.8023,0.7802,0.8256,0.32,0.7556,0.7857,0.7277,0.24,0.6582,0.783,0.5677,0.72,0.7397,0.7418,0.7377,0.28,0.8023,0.7802,0.8256,0.32,0.8023,0.7802,0.8256,0.32
"2286959 Norman J. Grossfeld, Russell Velazquez - Gotta Go Fast (TV Size) [ONI]",448,10,0.7173,0.7478,0.6893,0.8,0.7542,0.7054,0.8103,0.28,0.7182,0.6741,0.7684,0.24,0.6674,0.7076,0.6315,0.72,0.7015,0.6897,0.7136,0.24,0.7542,0.7054,0.8103,0.28,0.7542,0.7054,0.8103,0.28
"2286959 Norman J. Grossfeld, Russell Velazquez - Gotta Go Fast (TV Size) [SHOKYUU]",77,10,0.3228,0.7273,0.2074,0.92,0.4717,0.6494,0.3704,0.64,0.4344,0.6883,0.3174,0.48,0.2323,0.7013,0.1392,0.84,0.467,0.6883,0.3533,0.6,0.4717,0.6494,0.3704,0.64,0.4717,0.6494,0.3704,0.64
"2286959 Norman J. Grossfeld, Russell Velazquez - Gotta Go Fast (TV Size) [SPEED OF SOUND]",568,10,0.723,0.6708,0.784,0.8,0.7054,0.7165,0.6945,0.2,0.6712,0.6972,0.6471,0.16,0.6838,0.6549,0.7154,0.0,0.6907,0.8433,0.5849,0.16,0.7054,0.7165,0.6945,0.2,0.7054,0.7165,0.6945,0.2
2292569 Camellia feat. Nanahira - Kizuitara Shunkashuutou [Everlasting],2783,10,0.7947,0.7704,0.8205,0.48,0.7801,0.7312,0.8361,0.2,0.7024,0.7905,0.632,0.12,0.7742,0.7409,0.8105,0.56,0.7486,0.7355,0.7621,0.16,0.7801,0.7312,0.8361,0.2,0.7801,0.7312,0.8361,0.2
2292569 Camellia feat. Nanahira - Kizuitara Shunkashuutou [Linkff's Muzukashii],1620,10,0.7452,0.8574,0.6589,0.8,0.7788,0.7574,0.8014,0.32,0.6991,0.7401,0.6624,0.24,0.698,0.8605,0.5872,0.68,0.7472,0.7025,0.798,0.28,0.7788,0.7574,0.8014,0.32,0.7788,0.7574,0.8014,0.32
2292569 Camellia feat. Nanahira - Kizuitara Shunkashuutou [SN's Oni],2095,10,0.8068,0.8601,0.7597,0.72,0.8052,0.789,0.822,0.24,0.7195,0.8081,0.6484,0.16,0.7662,0.8172,0.7211,0.68,0.7581,0.747,0.7694,0.2,0.8052,0.789,0.822,0.24,0.8052,0.789,0.822,0.24
2293341 Hanako Nana - Born To Run [1 Star],159,10,0.3005,0.5283,0.21,0.92,0.3651,0.6981,0.2472,0.48,0.2758,0.7987,0.1667,0.28,0.265,0.7799,0.1596,0.84,0.3333,0.478,0.2559,0.56,0.3651,0.6981,0.2472,0.48,0.3651,0.6981,0.2472,0.48
2293341 Hanako Nana - Born To Run [2 Stars],277,10,0.4313,0.5271,0.365,0.92,0.5606,0.8267,0.4241,0.44,0.4408,0.8267,0.3005,0.28,0.3871,0.7365,0.2625,0.84,0.4827,0.7545,0.3548,0.4,0.5606,0.8267,0.4241,0.44,0.5606,0.8267,0.4241,0.44
2293341 Hanako Nana - Born To Run [3 Stars],434,10,0.5005,0.6406,0.4106,0.88,0.6879,0.7719,0.6204,0.44,0.5786,0.7972,0.4541,0.28,0.4828,0.8571,0.336,0.72,0.608,0.7166,0.528,0.4,0.6879,0.7719,0.6204,0.44,0.6879,0.7719,0.6204,0.44
2293341 Hanako Nana - Born To Run [4 Stars],555,10,0.5669,0.7441,0.4579,0.84,0.7102,0.764,0.6635,0.4,0.615,0.7297,0.5315,0.28,0.5644,0.845,0.4237,0.72,0.6189,0.6378,0.601,0.4,0.7102,0.764,0.6635,0.4,0.7102,0.764,0.6635,0.4
2293341 Hanako Nana - Born To Run [5 Stars],616,10,0.6232,0.7679,0.5244,0.84,0.7392,0.8328,0.6645,0.36,0.6381,0.8231,0.5211,0.24,0.621,0.8685,0.4833,0.72,0.6183,0.664,0.5785,0.36,0.7392,0.8328,0.6645,0.36,0.7392,0.8328,0.6645,0.36
"2295568 DVRST, Leah Julia - Until The Stars Collide [Breathe]",861,10,0.8266,0.8165,0.8369,0.6,0.8549,0.8386,0.872,0.24,0.7161,0.7735,0.6667,0.24,0.8039,0.8188,0.7895,0.48,0.83,0.8165,0.8439,0.2,0.8549,0.8386,0.872,0.24,0.8549,0.8386,0.872,0.24
"2295568 DVRST, Leah Julia - Until The Stars Collide [Futsuu]",468,10,0.6835,0.6667,0.7011,0.76,0.7814,0.844,0.7274,0.4,0.691,0.7692,0.6272,0.4,0.6237,0.5684,0.6909,0.76,0.7448,0.8419,0.6678,0.32,0.7814,0.844,0.7274,0.4,0.7814,0.844,0.7274,0.4
"2295568 DVRST, Leah Julia - Until The Stars Collide [Inner Oni]",778,10,0.8096,0.8419,0.7798,0.6,0.8568,0.8843,0.8309,0.24,0.7172,0.7416,0.6943,0.28,0.779,0.7995,0.7595,0.52,0.8318,0.8612,0.8043,0.2,0.8568,0.8843,0.8309,0.24,0.8568,0.8843,0.8309,0.24
"2295568 DVRST, Leah Julia - Until The Stars Collide [Kantan]",230,10,0.5745,0.5783,0.5708,0.88,0.564,0.613,0.5222,0.68,0.4907,0.6913,0.3804,0.52,0.5605,0.5739,0.5477,0.8,0.5584,0.6652,0.4811,0.56,0.564,0.613,0.5222,0.68,0.564,0.613,0.5222,0.68
"2295568 DVRST, Leah Julia - Until The Stars Collide [Muzukashii]",585,10,0.7294,0.7624,0.6991,0.68,0.7915,0.8632,0.7308,0.32,0.6999,0.7316,0.6708,0.36,0.7023,0.8427,0.602,0.52,0.7693,0.8752,0.6863,0.24,0.7915,0.8632,0.7308,0.32,0.7915,0.8632,0.7308,0.32
"2295568 DVRST, Leah Julia - Until The Stars Collide [Oni]",684,10,0.7808,0.8699,0.7083,0.6,0.8307,0.9181,0.7585,0.24,0.7089,0.7851,0.6462,0.28,0.7452,0.8187,0.6838,0.52,0.8082,0.8962,0.7359,0.2,0.8307,0.9181,0.7585,0.24,0.8307,0.9181,0.7585,0.24
2303472 tosho_aTe - Kitto Kore wa Warui Yume [Inner Oni],1620,10,0.8196,0.8975,0.7541,0.16,0.8235,0.8364,0.8109,0.12,0.745,0.7457,0.7443,0.16,0.8214,0.887,0.7648,0.0,0.7658,0.7772,0.7548,0.08,0.8235,0.8364,0.8109,0.12,0.8235,0.8364,0.8109,0.12
2303472 tosho_aTe - Kitto Kore wa Warui Yume [Oni],1370,10,0.7647,0.9204,0.654,0.16,0.8108,0.8321,0.7906,0.16,0.7337,0.8015,0.6765,0.16,0.7608,0.9022,0.6578,0.0,0.7597,0.8423,0.6918,0.08,0.8108,0.8321,0.7906,0.16,0.8108,0.8321,0.7906,0.16
2305160 Roselia - Proud of oneself (Game Ver.) [Futsuu],277,10,0.5889,0.6101,0.569,0.92,0.7136,0.769,0.6656,0.44,0.4761,0.5921,0.3981,0.36,0.5463,0.6173,0.49,0.88,0.6699,0.7473,0.607,0.36,0.7136,0.769,0.6656,0.44,0.7136,0.769,0.6656,0.44
2305160 Roselia - Proud of oneself (Game Ver.) [Inner Oni],547,10,0.7136,0.8245,0.629,0.72,0.75,0.7843,0.7186,0.28,0.5267,0.7313,0.4115,0.2,0.7261,0.8263,0.6476,0.64,0.7033,0.7367,0.6728,0.24,0.75,0.7843,0.7186,0.28,0.75,0.7843,0.7186,0.28
2305160 Roselia - Proud of oneself (Game Ver.) [Kantan],170,10,0.5096,0.7,0.4007,0.92,0.5918,0.8529,0.4531,0.44,0.4021,0.4588,0.3578,0.52,0.4869,0.5471,0.4387,0.92,0.5596,0.6765,0.4772,0.48,0.5918,0.8529,0.4531,0.44,0.5918,0.8529,0.4531,0.44
2305160 Roselia - Proud of oneself (Game Ver.) [Muzukashii],386,10,0.6192,0.7772,0.5146,0.84,0.7522,0.7824,0.7242,0.36,0.5148,0.6088,0.4459,0.32,0.6209,0.8083,0.504,0.76,0.6964,0.7694,0.636,0.28,0.7522,0.7824,0.7242,0.36,0.7522,0.7824,0.7242,0.36
2305160 Roselia - Proud of oneself (Game Ver.) [Oni],480,10,0.6867,0.8562,0.5732,0.72,0.7521,0.7583,0.7459,0.32,0.5248,0.7937,0.392,0.2,0.6879,0.7875,0.6107,0.76,0.7033,0.6937,0.7131,0.28,0.7521,0.7583,0.7459,0.32,0.7521,0.7583,0.7459,0.32
2305457 JANK - General Tso What [08's futsuu],361,10,0.705,0.8144,0.6216,0.72,0.7968,0.8255,0.77,0.28,0.6487,0.7008,0.6038,0.24,0.6933,0.8421,0.5891,0.44,0.7934,0.8033,0.7838,0.24,0.7968,0.8255,0.77,0.28,0.7968,0.8255,0.77,0.28
2305457 JANK - General Tso What [doulph's oni],507,10,0.7837,0.7574,0.8118,0.72,0.816,0.8264,0.8058,0.2,0.6364,0.7041,0.5805,0.16,0.7586,0.7653,0.7519,0.44,0.7709,0.7633,0.7787,0.16,0.816,0.8264,0.8058,0.2,0.816,0.8264,0.8058,0.2
2305457 JANK - General Tso What [horiiizon's muzukashii],436,10,0.7569,0.789,0.7273,0.72,0.8117,0.8899,0.7462,0.2,0.6526,0.6399,0.6659,0.24,0.7458,0.8142,0.688,0.44,0.7837,0.7729,0.7948,0.2,0.8117,0.8899,0.7462,0.2,0.8117,0.8899,0.7462,0.2
2305457 JANK - General Tso What [inner oni],642,10,0.7729,0.7477,0.8,0.56,0.8095,0.7944,0.8252,0.16,0.6205,0.6075,0.6341,0.16,0.7565,0.6822,0.8488,0.44,0.7638,0.7757,0.7523,0.12,0.8095,0.7944,0.8252,0.16,0.8095,0.7944,0.8252,0.16
2305457 JANK - General Tso What [kantan],182,10,0.4819,0.6209,0.3937,0.84,0.6031,0.7473,0.5056,0.44,0.4918,0.4945,0.4891,0.56,0.4858,0.8956,0.3333,0.52,0.6089,0.7527,0.5112,0.36,0.6031,0.7473,0.5056,0.44,0.6031,0.7473,0.5056,0.44
2305457 JANK - General Tso What [n64's shokyuu],111,10,0.3304,0.5135,0.2436,0.88,0.4316,0.7387,0.3048,0.44,0.3593,0.4775,0.288,0.56,0.3266,0.8018,0.2051,0.6,0.4433,0.7568,0.3134,0.36,0.4316,0.7387,0.3048,0.44,0.4316,0.7387,0.3048,0.44
2306271 exnoiz - Re-sume [Con-tinue],1512,10,0.8646,0.8512,0.8785,0.64,0.8271,0.8671,0.7907,0.2,0.7283,0.912,0.6062,0.12,0.8478,0.8214,0.8759,0.6,0.7883,0.7844,0.7923,0.2,0.8271,0.8671,0.7907,0.2,0.8271,0.8671,0.7907,0.2
2306271 exnoiz - Re-sume [Futsuu],668,10,0.6462,0.7081,0.5942,0.92,0.6607,0.7754,0.5756,0.36,0.5526,0.735,0.4427,0.28,0.6538,0.8099,0.5481,0.84,0.6488,0.744,0.5752,0.32,0.6607,0.7754,0.5756,0.36,0.6607,0.7754,0.5756,0.36
2306271 exnoiz - Re-sume [Inner Oni],1318,10,0.8552,0.9029,0.8123,0.64,0.8132,0.9181,0.7298,0.2,0.7054,0.8665,0.5948,0.16,0.8472,0.8794,0.8173,0.6,0.7829,0.8361,0.7361,0.2,0.8132,0.9181,0.7298,0.2,0.8132,0.9181,0.7298,0.2
2306271 exnoiz - Re-sume [Kantan],326,10,0.467,0.8037,0.3291,0.92,0.4531,0.5859,0.3694,0.52,0.354,0.6227,0.2473,0.36,0.4527,0.8006,0.3156,0.88,0.4403,0.6564,0.3313,0.4,0.4531,0.5859,0.3694,0.52,0.4531,0.5859,0.3694,0.52
2306271 exnoiz - Re-sume [Muzukashii],813,10,0.6898,0.845,0.5827,0.84,0.7035,0.8696,0.5906,0.28,0.5885,0.7688,0.4767,0.24,0.6936,0.8229,0.5995,0.8,0.6951,0.7823,0.6254,0.28,0.7035,0.8696,0.5906,0.28,0.7035,0.8696,0.5906,0.28
2306271 exnoiz - Re-sume [Oni],1107,10,0.8026,0.8943,0.7279,0.76,0.7846,0.8916,0.7005,0.24,0.668,0.9133,0.5266,0.16,0.7979,0.8898,0.7232,0.68,0.7654,0.7958,0.7372,0.24,0.7846,0.8916,0.7005,0.24,0.7846,0.8916,0.7005,0.24
2306512 Clive Richardson - Gay Activity [Futsuu],271,10,0.3579,0.6089,0.2535,0.0,0.6123,0.9151,0.4601,0.24,0.4404,0.8118,0.3022,0.28,0.3321,0.5092,0.2464,0.0,0.5315,0.7786,0.4034,0.24,0.6123,0.9151,0.4601,0.24,0.6123,0.9151,0.4601,0.24
2306512 Clive Richardson - Gay Activity [Happy Go Lively],508,10,0.5643,0.6437,0.5023,0.0,0.7603,0.7835,0.7384,0.24,0.6036,0.7343,0.5124,0.28,0.53,0.5571,0.5054,0.0,0.6595,0.7283,0.6026,0.2,0.7603,0.7835,0.7384,0.24,0.7603,0.7835,0.7384,0.24
2306512 Clive Richardson - Gay Activity [Kantan],152,10,0.2157,0.5329,0.1352,0.16,0.3994,0.9079,0.256,0.24,0.2926,0.4408,0.219,0.6,0.2051,0.4803,0.1304,0.0,0.3582,0.6645,0.2451,0.32,0.3994,0.9079,0.256,0.24,0.3994,0.9079,0.256,0.24
2306512 Clive Richardson - Gay Activity [Muzukashii],366,10,0.4661,0.6475,0.3641,0.0,0.7028,0.8689,0.59,0.24,0.532,0.7951,0.3997,0.28,0.4168,0.5273,0.3446,0.0,0.6052,0.735,0.5143,0.24,0.7028,0.8689,0.59,0.24,0.7028,0.8689,0.59,0.24
2306655 RD-Sounds feat. Meramipop - Shoot the shrine maiden! [Inner Oni],1780,10,0.7582,0.7371,0.7805,0.8,0.7162,0.7197,0.7129,0.32,0.6018,0.7399,0.5071,0.2,0.7354,0.7596,0.7127,0.72,0.6595,0.7371,0.5966,0.24,0.7162,0.7197,0.7129,0.32,0.7162,0.7197,0.7129,0.32
2308748 KSUKE - Contradiction (feat. Tyler Carter) (TV Size) [FUTSUU],199,10,0.5841,0.7588,0.4748,0.92,0.5771,0.799,0.4517,0.48,0.466,0.7739,0.3333,0.4,0.5153,0.6784,0.4154,0.88,0.5584,0.6482,0.4905,0.52,0.5771,0.799,0.4517,0.48,0.5771,0.799,0.4517,0.48
2308748 KSUKE - Contradiction (feat. Tyler Carter) (TV Size) [I'LL BE YOUR CONTRADICTION],649,10,0.7582,0.8213,0.7041,0.8,0.6861,0.8151,0.5924,0.28,0.6291,0.8166,0.5116,0.24,0.7606,0.8398,0.6952,0.72,0.6215,0.7072,0.5543,0.28,0.6861,0.8151,0.5924,0.28,0.6861,0.8151,0.5924,0.28
2308748 KSUKE - Contradiction (feat. Tyler Carter) (TV Size) [KANTAN],114,10,0.412,0.7807,0.2799,0.92,0.3776,0.4737,0.314,0.68,0.3022,0.4825,0.22,0.56,0.3554,0.6842,0.24,0.88,0.3767,0.6228,0.27,0.52,0.3776,0.4737,0.314,0.68,0.3776,0.4737,0.314,0.68
2308748 KSUKE - Contradiction (feat. Tyler Carter) (TV Size) [MUZUKASHII],264,10,0.6151,0.678,0.5629,0.92,0.6234,0.7273,0.5455,0.48,0.5207,0.7159,0.4091,0.4,0.5427,0.7576,0.4228,0.84,0.5806,0.5795,0.5817,0.52,0.6234,0.7273,0.5455,0.48,0.6234,0.7273,0.5455,0.48
2308748 KSUKE - Contradiction (feat. Tyler Carter) (TV Size) [ONI],357,10,0.662,0.8011,0.5641,0.88,0.6573,0.6527,0.6619,0.48,0.569,0.6527,0.5043,0.4,0.6096,0.7087,0.5349,0.84,0.6144,0.6583,0.576,0.4,0.6573,0.6527,0.6619,0.48,0.6573,0.6527,0.6619,0.48
2308748 KSUKE - Contradiction (feat. Tyler Carter) (TV Size) [URA ONI],475,10,0.7067,0.7305,0.6844,0.88,0.6504,0.7284,0.5874,0.36,0.5705,0.7789,0.4501,0.28,0.6806,0.8568,0.5645,0.76,0.6058,0.6989,0.5346,0.32,0.6504,0.7284,0.5874,0.36,0.6504,0.7284,0.5874,0.36
2311470 FLOW - GO!!! (TV Size) [Futsuu],424,10,0.6917,0.8703,0.5739,0.76,0.7769,0.7759,0.7778,0.36,0.7137,0.7759,0.6606,0.24,0.6271,0.809,0.5119,0.56,0.7294,0.7311,0.7277,0.32,0.7769,0.7759,0.7778,0.36,0.7769,0.7759,0.7778,0.36
2311470 FLOW - GO!!! (TV Size) [Muzukashii],522,10,0.7262,0.8103,0.6579,0.76,0.7689,0.7874,0.7514,0.28,0.7031,0.7644,0.6509,0.2,0.6762,0.772,0.6015,0.56,0.6962,0.6322,0.7746,0.32,0.7689,0.7874,0.7514,0.28,0.7689,0.7874,0.7514,0.28
2311470 FLOW - GO!!! (TV Size) [Oni],612,10,0.7421,0.7712,0.7152,0.72,0.7455,0.7059,0.7898,0.28,0.6971,0.6977,0.6966,0.2,0.7008,0.75,0.6576,0.44,0.6895,0.6748,0.7048,0.24,0.7455,0.7059,0.7898,0.28,0.7455,0.7059,0.7898,0.28
2311470 FLOW - GO!!! (TV Size) [Ura Oni],723,10,0.7444,0.7289,0.7605,0.64,0.7283,0.7469,0.7105,0.2,0.6829,0.8326,0.5788,0.12,0.715,0.7026,0.7278,0.44,0.687,0.686,0.6879,0.2,0.7283,0.7469,0.7105,0.2,0.7283,0.7469,0.7105,0.2
2311470 FLOW - GO!!! (TV Size) [hz404's Kantan],253,10,0.5299,0.6838,0.4325,0.88,0.6509,0.8696,0.5201,0.36,0.5885,0.8735,0.4438,0.24,0.4483,0.7708,0.316,0.72,0.6274,0.8419,0.5,0.32,0.6509,0.8696,0.5201,0.36,0.6509,0.8696,0.5201,0.36
"2314361 Daisuke Matsuoka, Asuka Ito - Food Mart [Futsuu]",83,10,0.7647,0.9398,0.6446,0.64,0.6555,0.9398,0.5032,0.32,0.6818,0.9036,0.5474,0.56,0.7379,0.9157,0.6179,0.44,0.6414,0.9157,0.4935,0.16,0.6555,0.9398,0.5032,0.32,0.6555,0.9398,0.5032,0.32
"2314361 Daisuke Matsuoka, Asuka Ito - Food Mart [Kantan]",45,10,0.5417,0.5778,0.5098,0.8,0.3742,0.6444,0.2636,0.56,0.4386,0.5556,0.3623,0.84,0.4762,0.5556,0.4167,0.56,0.3723,0.7778,0.2448,0.2,0.3742,0.6444,0.2636,0.56,0.3742,0.6444,0.2636,0.56
"2314361 Daisuke Matsuoka, Asuka Ito - Food Mart [Muzukashii]",124,10,0.7888,0.7984,0.7795,0.6,0.7031,0.8306,0.6095,0.24,0.6689,0.7984,0.5756,0.44,0.7875,0.9113,0.6933,0.24,0.6971,0.8629,0.5847,0.08,0.7031,0.8306,0.6095,0.24,0.7031,0.8306,0.6095,0.24
"2314361 Daisuke Matsuoka, Asuka Ito - Food Mart [Oni]",140,10,0.7932,0.8357,0.7548,0.48,0.7184,0.7929,0.6568,0.24,0.6795,0.7571,0.6163,0.44,0.7921,0.8571,0.7362,0.24,0.7121,0.8214,0.6284,0.08,0.7184,0.7929,0.6568,0.24,0.7184,0.7929,0.6568,0.24
2316597 lapix - Our Love [Ectomic's Inner Oni],837,10,0.7296,0.7706,0.6928,0.84,0.7512,0.7754,0.7284,0.32,0.6824,0.7969,0.5966,0.2,0.7173,0.7109,0.7238,0.84,0.6943,0.81,0.6075,0.24,0.7512,0.7754,0.7284,0.32,0.7512,0.7754,0.7284,0.32
2316597 lapix - Our Love [Futsuu],407,10,0.6095,0.7248,0.5258,0.92,0.5855,0.8034,0.4606,0.4,0.5199,0.8649,0.3717,0.24,0.5435,0.8206,0.4063,0.84,0.5214,0.7641,0.3957,0.32,0.5855,0.8034,0.4606,0.4,0.5855,0.8034,0.4606,0.4
2316597 lapix - Our Love [Muzukashii],517,10,0.6531,0.6809,0.6275,0.92,0.6449,0.8781,0.5095,0.32,0.5833,0.8259,0.4509,0.24,0.6184,0.8008,0.5036,0.84,0.5812,0.8201,0.4501,0.28,0.6449,0.8781,0.5095,0.32,0.6449,0.8781,0.5095,0.32
2316597 lapix - Our Love [Oni],724,10,0.6948,0.7265,0.6658,0.88,0.7406,0.826,0.6712,0.32,0.6738,0.7776,0.5945,0.24,0.6882,0.7348,0.6472,0.84,0.6747,0.7762,0.5966,0.28,0.7406,0.826,0.6712,0.32,0.7406,0.826,0.6712,0.32
2316597 lapix - Our Love [Ura Oni],926,10,0.7254,0.7786,0.6789,0.8,0.7386,0.7765,0.7042,0.28,0.6761,0.7462,0.6181,0.2,0.7187,0.7711,0.673,0.76,0.6915,0.7624,0.6326,0.24,0.7386,0.7765,0.7042,0.28,0.7386,0.7765,0.7042,0.28
2320537 OnLoong - Reactant [bmc oni],636,10,0.6943,0.7107,0.6787,0.64,0.704,0.7516,0.662,0.2,0.6326,0.7201,0.564,0.12,0.6827,0.7154,0.6528,0.52,0.6549,0.7264,0.5961,0.16,0.704,0.7516,0.662,0.2,0.704,0.7516,0.662,0.2
2320537 OnLoong - Reactant [futsuu],324,10,0.5354,0.8179,0.3979,0.64,0.6911,0.8426,0.5858,0.32,0.6024,0.7901,0.4867,0.2,0.5328,0.7531,0.4122,0.68,0.6309,0.7623,0.5381,0.28,0.6911,0.8426,0.5858,0.32,0.6911,0.8426,0.5858,0.32
2320537 OnLoong - Reactant [kantan],174,10,0.3397,0.6092,0.2356,0.8,0.5009,0.8391,0.357,0.36,0.4314,0.8678,0.2871,0.2,0.3316,0.7299,0.2145,0.68,0.4564,0.6322,0.3571,0.4,0.5009,0.8391,0.357,0.36,0.5009,0.8391,0.357,0.36
2320537 OnLoong - Reactant [muzukashii],407,10,0.6188,0.8157,0.4985,0.64,0.7323,0.8403,0.649,0.28,0.6538,0.7494,0.5798,0.2,0.6154,0.8059,0.4977,0.6,0.6702,0.7715,0.5925,0.24,0.7323,0.8403,0.649,0.28,0.7323,0.8403,0.649,0.28
2320537 OnLoong - Reactant [oni],507,10,0.6581,0.7613,0.5796,0.64,0.7253,0.7396,0.7116,0.28,0.6592,0.7554,0.5847,0.16,0.6415,0.7377,0.5675,0.6,0.6661,0.7495,0.5994,0.2,0.7253,0.7396,0.7116,0.28,0.7253,0.7396,0.7116,0.28
2324167 NICO Touches the Walls - Niwaka Ame ni mo Makezu (TV Size) [Futsuu],336,10,0.688,0.7054,0.6714,0.88,0.7848,0.8899,0.7019,0.28,0.6826,0.8512,0.5697,0.16,0.5916,0.7113,0.5064,0.84,0.7354,0.8274,0.6619,0.24,0.7848,0.8899,0.7019,0.28,0.7848,0.8899,0.7019,0.28
2324167 NICO Touches the Walls - Niwaka Ame ni mo Makezu (TV Size) [Kantan],167,10,0.5204,0.6108,0.4533,0.92,0.5664,0.7784,0.4452,0.4,0.4829,0.6766,0.3754,0.24,0.4484,0.6766,0.3353,0.88,0.5346,0.8323,0.3938,0.28,0.5664,0.7784,0.4452,0.4,0.5664,0.7784,0.4452,0.4
2324167 NICO Touches the Walls - Niwaka Ame ni mo Makezu (TV Size) [Memories],514,10,0.7102,0.7198,0.7008,0.84,0.7703,0.7471,0.795,0.24,0.6804,0.7704,0.6092,0.12,0.6938,0.8619,0.5806,0.64,0.7134,0.7023,0.7249,0.2,0.7703,0.7471,0.795,0.24,0.7703,0.7471,0.795,0.24
2324167 NICO Touches the Walls - Niwaka Ame ni mo Makezu (TV Size) [Ryxliee's Muzukashii],407,10,0.7316,0.683,0.7875,0.88,0.8283,0.8477,0.8099,0.28,0.7217,0.8059,0.6534,0.16,0.6416,0.6929,0.5975,0.84,0.758,0.8428,0.6888,0.2,0.8283,0.8477,0.8099,0.28,0.8283,0.8477,0.8099,0.28
2324428 rejection - Signal (feat. Such) (osu! edit) [Futsuu],371,10,0.5938,0.7547,0.4895,0.92,0.6467,0.8733,0.5135,0.44,0.5587,0.8275,0.4217,0.32,0.5802,0.8437,0.4421,0.88,0.6341,0.8221,0.5161,0.36,0.6467,0.8733,0.5135,0.44,0.6467,0.8733,0.5135,0.44
2324428 rejection - Signal (feat. Such) (osu! edit) [Kantan],204,10,0.4444,0.5784,0.3609,0.96,0.4824,0.6373,0.3881,0.64,0.3863,0.799,0.2547,0.36,0.3755,0.9314,0.2351,0.84,0.4975,0.7304,0.3772,0.48,0.4824,0.6373,0.3881,0.64,0.4824,0.6373,0.3881,0.64
2324428 rejection - Signal (feat. Such) (osu! edit) [Linkff's Oni],724,10,0.7719,0.8812,0.6868,0.8,0.8202,0.8412,0.8003,0.36,0.7498,0.855,0.6677,0.24,0.7669,0.9337,0.6506,0.76,0.8052,0.8564,0.7598,0.24,0.8202,0.8412,0.8003,0.36,0.8202,0.8412,0.8003,0.36
2324428 rejection - Signal (feat. Such) (osu! edit) [Muzukashii],564,10,0.7047,0.7996,0.6299,0.88,0.7653,0.8989,0.6662,0.36,0.6881,0.9096,0.5534,0.24,0.6837,0.8316,0.5804,0.84,0.7594,0.8759,0.6703,0.28,0.7653,0.8989,0.6662,0.36,0.7653,0.8989,0.6662,0.36
2324428 rejection - Signal (feat. Such) (osu! edit) [Signal Oni],990,10,0.8178,0.8545,0.7841,0.76,0.8659,0.8545,0.8776,0.24,0.7978,0.8232,0.774,0.2,0.8497,0.8707,0.8296,0.76,0.8296,0.799,0.8626,0.2,0.8659,0.8545,0.8776,0.24,0.8659,0.8545,0.8776,0.24
2325272 Akiri - the song of 2024 [futsuu],108,10,0.6534,0.7593,0.5734,0.88,0.5414,0.6667,0.4557,0.76,0.4027,0.8333,0.2655,0.36,0.5801,0.6204,0.5447,0.92,0.5306,0.7222,0.4194,0.68,0.5414,0.6667,0.4557,0.76,0.5414,0.6667,0.4557,0.76
2325272 Akiri - the song of 2024 [inner oni],261,10,0.7256,0.7548,0.6986,0.72,0.7604,0.8084,0.7177,0.44,0.6399,0.7625,0.5512,0.32,0.7713,0.7816,0.7612,0.76,0.7113,0.7739,0.658,0.4,0.7604,0.8084,0.7177,0.44,0.7604,0.8084,0.7177,0.44
2325272 Akiri - the song of 2024 [kantan],60,10,0.5342,0.7167,0.4257,0.92,0.4516,0.4667,0.4375,0.96,0.2707,0.9,0.1593,0.36,0.3624,0.45,0.3034,0.96,0.5039,0.5333,0.4776,0.96,0.4516,0.4667,0.4375,0.96,0.4516,0.4667,0.4375,0.96
2325272 Akiri - the song of 2024 [muzukashii],152,10,0.6501,0.7763,0.5592,0.8,0.6578,0.8158,0.5511,0.64,0.5336,0.8618,0.3864,0.36,0.6272,0.6974,0.5699,0.84,0.6366,0.7434,0.5567,0.64,0.6578,0.8158,0.5511,0.64,0.6578,0.8158,0.5511,0.64
2325272 Akiri - the song of 2024 [oni],211,10,0.6622,0.6967,0.6309,0.76,0.7168,0.8578,0.6156,0.44,0.6084,0.8246,0.482,0.32,0.7265,0.8246,0.6493,0.76,0.6795,0.8341,0.5733,0.4,0.7168,0.8578,0.6156,0.44,0.7168,0.8578,0.6156,0.44
2326479 MYTH & ROID - Paradisus-Paradoxum (TV Size) [Futsuu],303,10,0.6354,0.7591,0.5463,0.88,0.6994,0.7756,0.6369,0.4,0.4767,0.7591,0.3474,0.24,0.5598,0.8185,0.4254,0.76,0.6254,0.7162,0.555,0.36,0.6994,0.7756,0.6369,0.4,0.6994,0.7756,0.6369,0.4
2326479 MYTH & ROID - Paradisus-Paradoxum (TV Size) [Kantan],155,10,0.4331,0.5742,0.3477,0.92,0.5312,0.7419,0.4137,0.48,0.3351,0.6258,0.2288,0.32,0.3398,0.5613,0.2437,0.84,0.5071,0.6903,0.4007,0.44,0.5312,0.7419,0.4137,0.48,0.5312,0.7419,0.4137,0.48
2326479 MYTH & ROID - Paradisus-Paradoxum (TV Size) [Muzukashii],386,10,0.6468,0.6762,0.62,0.88,0.6977,0.7383,0.6613,0.36,0.4943,0.671,0.3912,0.24,0.6192,0.7772,0.5146,0.76,0.6375,0.6995,0.5857,0.32,0.6977,0.7383,0.6613,0.36,0.6977,0.7383,0.6613,0.36
2326479 MYTH & ROID - Paradisus-Paradoxum (TV Size) [Oni],497,10,0.6924,0.7928,0.6147,0.76,0.6667,0.674,0.6594,0.32,0.4974,0.7746,0.3663,0.16,0.6832,0.8048,0.5935,0.68,0.6145,0.664,0.5719,0.28,0.6667,0.674,0.6594,0.32,0.6667,0.674,0.6594,0.32
2326479 MYTH & ROID - Paradisus-Paradoxum (TV Size) [Re:Birth],603,10,0.7347,0.7579,0.7129,0.76,0.6775,0.6915,0.664,0.28,0.5284,0.7247,0.4158,0.16,0.7267,0.7695,0.6884,0.68,0.6136,0.6003,0.6274,0.28,0.6775,0.6915,0.664,0.28,0.6775,0.6915,0.664,0.28
"2326484 pp map, Kanzaki - Oshio Houkoku [Farewell]",307,10,0.8006,0.8241,0.7785,0.68,0.8,0.7948,0.8053,0.24,0.6377,0.7655,0.5465,0.2,0.7649,0.7948,0.7372,0.6,0.7565,0.7134,0.8051,0.24,0.8,0.7948,0.8053,0.24,0.8,0.7948,0.8053,0.24
"2326484 pp map, Kanzaki - Oshio Houkoku [Futsuu]",122,10,0.5146,0.7951,0.3804,0.8,0.6,0.7623,0.4947,0.44,0.4493,0.7623,0.3185,0.32,0.4604,0.7623,0.3298,0.68,0.6312,0.8279,0.5101,0.36,0.6,0.7623,0.4947,0.44,0.6,0.7623,0.4947,0.44
"2326484 pp map, Kanzaki - Oshio Houkoku [K8107's Oni]",221,10,0.6923,0.8552,0.5815,0.68,0.7432,0.8054,0.6899,0.32,0.5996,0.7421,0.5031,0.28,0.672,0.7647,0.5993,0.68,0.7262,0.81,0.6581,0.24,0.7432,0.8054,0.6899,0.32,0.7432,0.8054,0.6899,0.32
"2326484 pp map, Kanzaki - Oshio Houkoku [Kantan]",74,10,0.3587,0.7973,0.2314,0.8,0.4628,0.7568,0.3333,0.48,0.3279,0.8108,0.2055,0.32,0.3259,0.8919,0.1994,0.6,0.4632,0.8514,0.3182,0.36,0.4628,0.7568,0.3333,0.48,0.4628,0.7568,0.3333,0.48
"2326484 pp map, Kanzaki - Oshio Houkoku [Muzukashii]",183,10,0.6024,0.8361,0.4708,0.68,0.6893,0.8306,0.5891,0.32,0.5642,0.7322,0.4589,0.32,0.6031,0.847,0.4683,0.6,0.6881,0.7596,0.629,0.32,0.6893,0.8306,0.5891,0.32,0.6893,0.8306,0.5891,0.32
"2326484 pp map, Kanzaki - Oshio Houkoku [Reno's Inner Oni]",296,10,0.7883,0.8615,0.7265,0.44,0.8147,0.8243,0.8053,0.24,0.6501,0.7973,0.5488,0.2,0.7445,0.7973,0.6982,0.56,0.7711,0.7399,0.8051,0.24,0.8147,0.8243,0.8053,0.24,0.8147,0.8243,0.8053,0.24
2329536 Yu Serizawa - JUNGLE FIRE feat. MOTSU (TV Size) [Futsuu],261,10,0.4559,0.5441,0.3923,0.92,0.7293,0.8621,0.632,0.44,0.6427,0.7893,0.5421,0.32,0.4679,0.6552,0.3638,0.88,0.6745,0.7701,0.6,0.4,0.7293,0.8621,0.632,0.44,0.7293,0.8621,0.632,0.44
2329536 Yu Serizawa - JUNGLE FIRE feat. MOTSU (TV Size) [Inner Oni],604,10,0.7079,0.8146,0.626,0.64,0.7819,0.7715,0.7925,0.28,0.7024,0.7368,0.6712,0.2,0.7289,0.8278,0.651,0.64,0.7362,0.7533,0.7199,0.24,0.7819,0.7715,0.7925,0.28,0.7819,0.7715,0.7925,0.28
2329536 Yu Serizawa - JUNGLE FIRE feat. MOTSU (TV Size) [Kantan],120,10,0.3344,0.425,0.2757,0.96,0.485,0.8083,0.3464,0.52,0.4207,0.6083,0.3216,0.44,0.2582,0.425,0.1855,0.92,0.449,0.7333,0.3235,0.48,0.485,0.8083,0.3464,0.52,0.485,0.8083,0.3464,0.52
2329536 Yu Serizawa - JUNGLE FIRE feat. MOTSU (TV Size) [Muzukashii],366,10,0.5347,0.8415,0.3919,0.64,0.7682,0.806,0.7338,0.4,0.6862,0.7678,0.6203,0.28,0.5696,0.8497,0.4284,0.76,0.7113,0.7842,0.6508,0.32,0.7682,0.806,0.7338,0.4,0.7682,0.806,0.7338,0.4
2329536 Yu Serizawa - JUNGLE FIRE feat. MOTSU (TV Size) [Oni],498,10,0.6496,0.8414,0.529,0.6,0.7956,0.8052,0.7863,0.32,0.7132,0.8313,0.6244,0.2,0.6872,0.8735,0.5664,0.64,0.7365,0.755,0.7189,0.28,0.7956,0.8052,0.7863,0.32,0.7956,0.8052,0.7863,0.32
"2330063 25-ji, Nightcord de. x Megurine Luka - Cat Loving (revemayuzumi Remix) [Dangdut Oni]",997,10,0.8155,0.8576,0.7773,0.16,0.8313,0.8154,0.8478,0.2,0.7582,0.7753,0.7418,0.2,0.7983,0.8415,0.7593,0.28,0.7998,0.8014,0.7982,0.16,0.8313,0.8154,0.8478,0.2,0.8313,0.8154,0.8478,0.2
"2330063 25-ji, Nightcord de. x Megurine Luka - Cat Loving (revemayuzumi Remix) [Kantan]",271,10,0.4669,0.8598,0.3205,0.8,0.4537,0.9483,0.2981,0.36,0.3962,0.9151,0.2528,0.24,0.4415,0.7454,0.3137,0.76,0.4242,0.8782,0.2797,0.28,0.4537,0.9483,0.2981,0.36,0.4537,0.9483,0.2981,0.36
"2330063 25-ji, Nightcord de. x Megurine Luka - Cat Loving (revemayuzumi Remix) [Maneh's Oni]",858,10,0.8084,0.7821,0.8367,0.72,0.8361,0.8741,0.8013,0.24,0.7613,0.7844,0.7396,0.28,0.7886,0.8065,0.7715,0.56,0.8026,0.8695,0.7453,0.16,0.8361,0.8741,0.8013,0.24,0.8361,0.8741,0.8013,0.24
"2330063 25-ji, Nightcord de. x Megurine Luka - Cat Loving (revemayuzumi Remix) [Ron's Muzukashii]",665,10,0.781,0.8421,0.7282,0.76,0.8212,0.9429,0.7274,0.36,0.753,0.8917,0.6516,0.28,0.7527,0.8331,0.6865,0.64,0.7916,0.8511,0.7399,0.36,0.8212,0.9429,0.7274,0.36,0.8212,0.9429,0.7274,0.36
"2330063 25-ji, Nightcord de. x Megurine Luka - Cat Loving (revemayuzumi Remix) [Volta's Futsuu]",526,10,0.7012,0.8631,0.5904,0.76,0.7305,0.9639,0.5882,0.36,0.6727,0.8479,0.5575,0.36,0.665,0.7757,0.582,0.72,0.7007,0.8878,0.5787,0.32,0.7305,0.9639,0.5882,0.36,0.7305,0.9639,0.5882,0.36
2331364 bobywea - Messi [Kantan],161,10,0.4815,0.7267,0.36,0.92,0.4892,0.7702,0.3584,0.48,0.3931,0.7081,0.2721,0.36,0.4539,0.8261,0.3129,0.84,0.4698,0.8199,0.3292,0.36,0.4892,0.7702,0.3584,0.48,0.4892,0.7702,0.3584,0.48
2331364 bobywea - Messi [Kogasa's Futsuu],305,10,0.7048,0.7279,0.6831,0.92,0.6954,0.9246,0.5573,0.32,0.5718,0.7967,0.4459,0.28,0.6986,0.8361,0.6,0.84,0.6799,0.7869,0.5985,0.36,0.6954,0.9246,0.5573,0.32,0.6954,0.9246,0.5573,0.32
2331364 bobywea - Messi [Mid's Muzukashii],409,10,0.7342,0.7531,0.7163,0.88,0.7344,0.8655,0.6378,0.28,0.5933,0.6919,0.5193,0.28,0.7362,0.7506,0.7224,0.84,0.7234,0.8313,0.6403,0.24,0.7344,0.8655,0.6378,0.28,0.7344,0.8655,0.6378,0.28
2331364 bobywea - Messi [VAMO' MESSI],704,10,0.7734,0.7855,0.7617,0.68,0.7761,0.8196,0.7369,0.16,0.637,0.7628,0.5468,0.12,0.7793,0.7472,0.8142,0.68,0.7653,0.7528,0.7783,0.16,0.7761,0.8196,0.7369,0.16,0.7761,0.8196,0.7369,0.16
2331364 bobywea - Messi [Waribashi's Oni],504,10,0.7646,0.7897,0.7412,0.84,0.7856,0.8254,0.7495,0.28,0.6253,0.7004,0.5648,0.24,0.7908,0.7837,0.798,0.8,0.7808,0.8552,0.7183,0.2,0.7856,0.8254,0.7495,0.28,0.7856,0.8254,0.7495,0.28
2331923 PipiP feat. Kaai Yuki & KAFU - kitty kitty cat [>^w^<],181,10,0.7441,0.8674,0.6515,0.48,0.7026,0.8287,0.6098,0.16,0.614,0.7293,0.5301,0.2,0.7273,0.884,0.6178,0.28,0.6192,0.8177,0.4983,0.08,0.7026,0.8287,0.6098,0.16,0.7026,0.8287,0.6098,0.16
2331923 PipiP feat. Kaai Yuki & KAFU - kitty kitty cat [kantan],51,10,0.4733,0.6078,0.3875,0.88,0.4125,0.6471,0.3028,0.36,0.3636,0.5098,0.2826,0.52,0.5067,0.7451,0.3838,0.76,0.4029,0.549,0.3182,0.28,0.4125,0.6471,0.3028,0.36,0.4125,0.6471,0.3028,0.36
2331923 PipiP feat. Kaai Yuki & KAFU - kitty kitty cat [muzukashii],108,10,0.5846,0.7037,0.5,0.76,0.5741,0.8426,0.4354,0.2,0.4818,0.7963,0.3454,0.2,0.559,0.5926,0.5289,0.72,0.4982,0.6481,0.4046,0.16,0.5741,0.8426,0.4354,0.2,0.5741,0.8426,0.4354,0.2
2331923 PipiP feat. Kaai Yuki & KAFU - kitty kitty cat [futsuu],73,10,0.5752,0.6027,0.55,0.88,0.5,0.7671,0.3709,0.28,0.3881,0.5342,0.3047,0.4,0.5698,0.6712,0.4949,0.76,0.439,0.7397,0.3121,0.16,0.5,0.7671,0.3709,0.28,0.5,0.7671,0.3709,0.28
2331923 PipiP feat. Kaai Yuki & KAFU - kitty kitty cat [omni's lite oni],134,10,0.6829,0.8358,0.5773,0.64,0.6431,0.7463,0.565,0.24,0.5537,0.7313,0.4455,0.24,0.6621,0.7239,0.6101,0.64,0.5733,0.6567,0.5087,0.16,0.6431,0.7463,0.565,0.24,0.6431,0.7463,0.565,0.24
2335183 Taya iz Hentaya - Grustnoye kino (BRZ Hardstyle Frenchcore Remix) [Broadsword's Kantan],191,10,0.4713,0.623,0.379,0.96,0.4645,0.7696,0.3326,0.52,0.3369,0.7487,0.2173,0.36,0.4703,0.5393,0.417,0.96,0.4567,0.7173,0.335,0.52,0.4645,0.7696,0.3326,0.52,0.4645,0.7696,0.3326,0.52
2335183 Taya iz Hentaya - Grustnoye kino (BRZ Hardstyle Frenchcore Remix) [Inner Oni],865,10,0.8272,0.8439,0.8111,0.8,0.7312,0.7642,0.701,0.28,0.5848,0.6936,0.5055,0.24,0.8305,0.8046,0.8582,0.84,0.7118,0.748,0.6789,0.28,0.7312,0.7642,0.701,0.28,0.7312,0.7642,0.701,0.28
2335183 Taya iz Hentaya - Grustnoye kino (BRZ Hardstyle Frenchcore Remix) [Oni],713,10,0.8047,0.7686,0.8444,0.92,0.7593,0.7854,0.7349,0.36,0.6032,0.8036,0.4827,0.24,0.8081,0.8121,0.8042,0.88,0.7351,0.798,0.6814,0.32,0.7593,0.7854,0.7349,0.36,0.7593,0.7854,0.7349,0.36
2335183 Taya iz Hentaya - Grustnoye kino (BRZ Hardstyle Frenchcore Remix) [Zhuosh's Muzukashii],488,10,0.7511,0.875,0.6579,0.92,0.7506,0.916,0.6358,0.4,0.5774,0.8791,0.4299,0.28,0.7618,0.7766,0.7475,0.92,0.7064,0.875,0.5922,0.36,0.7506,0.916,0.6358,0.4,0.7506,0.916,0.6358,0.4
2335183 Taya iz Hentaya - Grustnoye kino (BRZ Hardstyle Frenchcore Remix) [reealy_'s Futsuu],362,10,0.6568,0.9171,0.5116,0.92,0.6777,0.8508,0.5631,0.48,0.5148,0.8425,0.3706,0.32,0.6766,0.8122,0.5799,0.92,0.6455,0.8702,0.513,0.4,0.6777,0.8508,0.5631,0.48,0.6777,0.8508,0.5631,0.48
2336324 Akiri - Symphony Of The Beginning [Forgotten Symphony],48,10,0.2838,0.4375,0.21,0.84,0.6923,0.75,0.6429,1.0,0.4274,0.5208,0.3623,1.04,0.2628,0.375,0.2022,0.64,0.6735,0.6875,0.66,1.08,0.6923,0.75,0.6429,1.0,0.6923,0.75,0.6429,1.0
2339596 Satou Hiromi - Hikari [Denpa Oni],1413,10,0.5955,0.644,0.5539,0.68,0.7781,0.8599,0.7105,0.28,0.5383,0.6341,0.4676,0.24,0.574,0.6398,0.5204,0.64,0.6855,0.7884,0.6064,0.24,0.7781,0.8599,0.7105,0.28,0.7781,0.8599,0.7105,0.28
2339644 luvlxckdown - wont interfere [absence],318,10,0.6655,0.5818,0.7773,0.84,0.7022,0.7673,0.6472,0.32,0.5274,0.6509,0.4433,0.24,0.5833,0.8365,0.4478,0.6,0.5994,0.6635,0.5466,0.24,0.7022,0.7673,0.6472,0.32,0.7022,0.7673,0.6472,0.32
2339644 luvlxckdown - wont interfere [futsuu],209,10,0.5011,0.5359,0.4706,0.84,0.6041,0.8469,0.4695,0.32,0.432,0.6986,0.3126,0.24,0.4229,0.8995,0.2765,0.52,0.4941,0.7033,0.3808,0.24,0.6041,0.8469,0.4695,0.32,0.6041,0.8469,0.4695,0.32
2339644 luvlxckdown - wont interfere [kantan],101,10,0.3304,0.5545,0.2353,0.84,0.4211,0.7129,0.2988,0.44,0.3002,0.6139,0.1987,0.32,0.2895,0.5446,0.1971,0.72,0.3828,0.5743,0.2871,0.36,0.4211,0.7129,0.2988,0.44,0.4211,0.7129,0.2988,0.44
2339644 luvlxckdown - wont interfere [muzukashii],251,10,0.5562,0.5418,0.5714,0.84,0.6433,0.8048,0.5358,0.32,0.4767,0.5896,0.4,0.28,0.4941,0.9163,0.3382,0.52,0.5451,0.5418,0.5484,0.32,0.6433,0.8048,0.5358,0.32,0.6433,0.8048,0.5358,0.32
2339644 luvlxckdown - wont interfere [oni],281,10,0.5934,0.548,0.6471,0.84,0.6687,0.7829,0.5836,0.32,0.5038,0.5836,0.4432,0.28,0.5349,0.9146,0.3779,0.52,0.5651,0.5872,0.5446,0.28,0.6687,0.7829,0.5836,0.32,0.6687,0.7829,0.5836,0.32
2341715 chelmico - Easy Breezy [Muzukashii],901,10,0.7746,0.8047,0.7467,0.8,0.7612,0.8047,0.7221,0.4,0.6771,0.7703,0.604,0.28,0.7306,0.7525,0.7099,0.68,0.7481,0.8191,0.6884,0.28,0.7612,0.8047,0.7221,0.4,0.7612,0.8047,0.7221,0.4
2341715 chelmico - Easy Breezy [Oni],1119,10,0.8349,0.8338,0.836,0.76,0.8088,0.8695,0.756,0.28,0.7247,0.7891,0.67,0.24,0.7921,0.7694,0.8161,0.64,0.7886,0.8132,0.7653,0.24,0.8088,0.8695,0.756,0.28,0.8088,0.8695,0.756,0.28
2341715 chelmico - Easy Breezy [Yasuho's Futsuu],632,10,0.6732,0.7563,0.6066,0.84,0.6564,0.7073,0.6123,0.52,0.5714,0.7405,0.4652,0.32,0.6377,0.8006,0.5298,0.68,0.6285,0.7896,0.522,0.32,0.6564,0.7073,0.6123,0.52,0.6564,0.7073,0.6123,0.52
2341715 chelmico - Easy Breezy [Yasuho's Kantan],363,10,0.5204,0.6667,0.4268,0.88,0.43,0.6474,0.3219,0.52,0.355,0.6694,0.2416,0.32,0.4649,0.5289,0.4147,0.84,0.4124,0.7493,0.2845,0.32,0.43,0.6474,0.3219,0.52,0.43,0.6474,0.3219,0.52
2346962 sola - Yoru o Koeru (Game Ver.) [Futsuu],250,10,0.4083,0.672,0.2932,0.44,0.5815,0.592,0.5714,0.56,0.5219,0.548,0.4982,0.72,0.4379,0.684,0.322,0.2,0.54,0.5,0.5869,0.6,0.5815,0.592,0.5714,0.56,0.5815,0.592,0.5714,0.56
2346962 sola - Yoru o Koeru (Game Ver.) [Kantan],182,10,0.3179,0.6593,0.2094,0.44,0.5931,0.6648,0.5354,0.6,0.514,0.5549,0.4787,0.8,0.3777,0.3352,0.4326,0.84,0.5519,0.5989,0.5117,0.6,0.5931,0.6648,0.5354,0.6,0.5931,0.6648,0.5354,0.6
2346962 sola - Yoru o Koeru (Game Ver.) [Lullaby],322,10,0.4827,0.6708,0.377,0.44,0.5781,0.6491,0.5212,0.44,0.4979,0.5528,0.4529,0.6,0.5135,0.6801,0.4124,0.2,0.5153,0.5497,0.4849,0.44,0.5781,0.6491,0.5212,0.44,0.5781,0.6491,0.5212,0.44
2350855 Umeboshi Chazuke - Wakare no Namida wa Mata Au Hi made [Futsuu],702,10,0.5874,0.6724,0.5215,0.92,0.74,0.8818,0.6375,0.28,0.5647,0.9017,0.411,0.12,0.4477,0.859,0.3027,0.2,0.6722,0.8105,0.5742,0.28,0.74,0.8818,0.6375,0.28,0.74,0.8818,0.6375,0.28
2350855 Umeboshi Chazuke - Wakare no Namida wa Mata Au Hi made [Hell Oni],1476,10,0.7106,0.7371,0.686,0.8,0.7707,0.7981,0.7451,0.2,0.6359,0.8408,0.5113,0.08,0.6949,0.8164,0.6049,0.2,0.693,0.6592,0.7305,0.24,0.7707,0.7981,0.7451,0.2,0.7707,0.7981,0.7451,0.2
2350855 Umeboshi Chazuke - Wakare no Namida wa Mata Au Hi made [Inner Oni],1330,10,0.6936,0.7105,0.6774,0.88,0.7647,0.8368,0.704,0.2,0.6186,0.8737,0.4788,0.08,0.6671,0.8331,0.5562,0.2,0.6905,0.691,0.6899,0.24,0.7647,0.8368,0.704,0.2,0.7647,0.8368,0.704,0.2
2350855 Umeboshi Chazuke - Wakare no Namida wa Mata Au Hi made [Kantan],396,10,0.5486,0.5556,0.5419,0.96,0.5857,0.8889,0.4367,0.32,0.4332,0.798,0.2973,0.16,0.3317,0.4167,0.2755,0.96,0.523,0.7753,0.3946,0.32,0.5857,0.8889,0.4367,0.32,0.5857,0.8889,0.4367,0.32
2350855 Umeboshi Chazuke - Wakare no Namida wa Mata Au Hi made [Muzukashii],954,10,0.6477,0.631,0.6652,0.92,0.7905,0.8941,0.7085,0.24,0.6335,0.8281,0.513,0.12,0.5533,0.8543,0.4091,0.2,0.7075,0.7212,0.6942,0.28,0.7905,0.8941,0.7085,0.24,0.7905,0.8941,0.7085,0.24
2350855 Umeboshi Chazuke - Wakare no Namida wa Mata Au Hi made [Oni],1158,10,0.662,0.7297,0.6057,0.88,0.7798,0.7953,0.765,0.24,0.6256,0.7288,0.5481,0.12,0.6222,0.8463,0.492,0.2,0.6932,0.7453,0.6479,0.24,0.7798,0.7953,0.765,0.24,0.7798,0.7953,0.765,0.24
2350855 Umeboshi Chazuke - Wakare no Namida wa Mata Au Hi made [See You Again],1692,10,0.7168,0.7405,0.6946,0.32,0.7675,0.7423,0.7944,0.2,0.6506,0.792,0.5521,0.08,0.7166,0.7801,0.6627,0.2,0.7083,0.7376,0.6812,0.2,0.7675,0.7423,0.7944,0.2,0.7675,0.7423,0.7944,0.2
2351106 Quarkee - HYPER PSY2K [Futsuu],661,10,0.6273,0.7398,0.5445,0.92,0.5659,0.8578,0.4222,0.36,0.4568,0.472,0.4426,0.52,0.6373,0.7867,0.5355,0.88,0.532,0.7549,0.4107,0.24,0.5659,0.8578,0.4222,0.36,0.5659,0.8578,0.4222,0.36
2351106 Quarkee - HYPER PSY2K [Inner Oni],1673,10,0.8228,0.9175,0.7459,0.72,0.7728,0.8183,0.7321,0.24,0.6567,0.8099,0.5522,0.2,0.8066,0.9235,0.7159,0.56,0.7535,0.8625,0.669,0.12,0.7728,0.8183,0.7321,0.24,0.7728,0.8183,0.7321,0.24
2351106 Quarkee - HYPER PSY2K [Kantan],386,10,0.4875,0.6321,0.3967,0.96,0.4071,0.3886,0.4274,0.72,0.3396,0.3756,0.3098,0.64,0.4746,0.8342,0.3316,0.88,0.3752,0.3135,0.4672,0.64,0.4071,0.3886,0.4274,0.72,0.4071,0.3886,0.4274,0.72
2351106 Quarkee - HYPER PSY2K [Muzukashii],954,10,0.6771,0.6572,0.6982,0.92,0.6443,0.7757,0.551,0.36,0.5234,0.7725,0.3958,0.28,0.6836,0.6897,0.6777,0.88,0.6241,0.7893,0.5161,0.2,0.6443,0.7757,0.551,0.36,0.6443,0.7757,0.551,0.36
2351106 Quarkee - HYPER PSY2K [Oni],1274,10,0.7391,0.8619,0.647,0.8,0.7287,0.7928,0.6742,0.32,0.6072,0.8203,0.482,0.24,0.7289,0.7967,0.6717,0.8,0.715,0.7669,0.6696,0.2,0.7287,0.7928,0.6742,0.32,0.7287,0.7928,0.6742,0.32
2351106 Quarkee - HYPER PSY2K [Speedy Streammap Overdose],1964,10,0.8586,0.917,0.8073,0.64,0.8206,0.8513,0.792,0.2,0.7015,0.8483,0.598,0.16,0.8375,0.891,0.7901,0.48,0.8017,0.8411,0.7659,0.12,0.8206,0.8513,0.792,0.2,0.8206,0.8513,0.792,0.2
2351120 d0tc0mmie feat. Kasane Teto - Strobe Light (Cut Ver.) [Futsuu],291,10,0.6732,0.8247,0.5687,0.68,0.7433,0.9553,0.6083,0.4,0.5653,0.9519,0.402,0.2,0.5243,0.7973,0.3906,0.56,0.7074,0.8557,0.6029,0.36,0.7433,0.9553,0.6083,0.4,0.7433,0.9553,0.6083,0.4
2351120 d0tc0mmie feat. Kasane Teto - Strobe Light (Cut Ver.) [Kantan],151,10,0.4852,0.8146,0.3455,0.72,0.5441,0.9404,0.3827,0.52,0.3982,0.8675,0.2584,0.32,0.3315,0.6093,0.2277,0.68,0.5252,0.8278,0.3846,0.48,0.5441,0.9404,0.3827,0.52,0.5441,0.9404,0.3827,0.52
2351120 d0tc0mmie feat. Kasane Teto - Strobe Light (Cut Ver.) [Muzukashii],445,10,0.7067,0.8202,0.6207,0.56,0.8106,0.8562,0.7697,0.36,0.6867,0.7685,0.6207,0.28,0.6526,0.7618,0.5707,0.56,0.7616,0.8652,0.6802,0.24,0.8106,0.8562,0.7697,0.36,0.8106,0.8562,0.7697,0.36
2351120 d0tc0mmie feat. Kasane Teto - Strobe Light (Cut Ver.) [Radiance],591,10,0.7617,0.7597,0.7636,0.56,0.793,0.8003,0.7857,0.28,0.7125,0.7716,0.6618,0.2,0.7274,0.7293,0.7256,0.56,0.7586,0.819,0.7066,0.16,0.793,0.8003,0.7857,0.28,0.793,0.8003,0.7857,0.28
2353646 Six13 - PSVR. [Ayyri's Muzukashii],663,10,0.7068,0.7526,0.6662,0.8,0.7581,0.7964,0.7233,0.24,0.6243,0.7195,0.5514,0.16,0.6204,0.7949,0.5087,0.68,0.6979,0.7753,0.6346,0.16,0.7581,0.7964,0.7233,0.24,0.7581,0.7964,0.7233,0.24
2353646 Six13 - PSVR. [Futsuu],453,10,0.6458,0.7726,0.5547,0.84,0.7388,0.9647,0.5986,0.24,0.6014,0.7726,0.4923,0.2,0.5008,0.7263,0.3821,0.76,0.6898,0.8322,0.5891,0.24,0.7388,0.9647,0.5986,0.24,0.7388,0.9647,0.5986,0.24
2353646 Six13 - PSVR. [Inner Oni],1001,10,0.7516,0.7453,0.7581,0.6,0.7108,0.6763,0.7489,0.16,0.5951,0.6144,0.5769,0.12,0.7201,0.7722,0.6745,0.56,0.6708,0.6454,0.6984,0.12,0.7108,0.6763,0.7489,0.16,0.7108,0.6763,0.7489,0.16
2353646 Six13 - PSVR. [Kantan],253,10,0.5201,0.6126,0.4519,0.92,0.5428,0.8775,0.3929,0.36,0.425,0.7115,0.303,0.24,0.3517,0.668,0.2387,0.8,0.5092,0.8221,0.3688,0.28,0.5428,0.8775,0.3929,0.36,0.5428,0.8775,0.3929,0.36
2353646 Six13 - PSVR. [Oni],841,10,0.7257,0.78,0.6784,0.64,0.7205,0.7051,0.7366,0.2,0.5988,0.679,0.5356,0.12,0.6795,0.7788,0.6026,0.64,0.6874,0.7218,0.6562,0.12,0.7205,0.7051,0.7366,0.2,0.7205,0.7051,0.7366,0.2
2358760 yanaginagi - SugaRiddle (TV Size) [Futsuu],230,10,0.6281,0.8261,0.5067,0.76,0.6928,0.8826,0.5702,0.28,0.5167,0.7043,0.4081,0.2,0.5747,0.7609,0.4617,0.72,0.6572,0.8087,0.5536,0.24,0.6928,0.8826,0.5702,0.28,0.6928,0.8826,0.5702,0.28
2358760 yanaginagi - SugaRiddle (TV Size) [Kantan],132,10,0.473,0.697,0.358,0.84,0.5575,0.9545,0.3937,0.32,0.4121,0.8258,0.2746,0.2,0.4176,0.7197,0.2941,0.76,0.5299,0.9394,0.369,0.24,0.5575,0.9545,0.3937,0.32,0.5575,0.9545,0.3937,0.32
2358760 yanaginagi - SugaRiddle (TV Size) [Muzukashii],332,10,0.715,0.8163,0.6362,0.72,0.7878,0.8554,0.7301,0.24,0.6095,0.75,0.5134,0.16,0.6667,0.7982,0.5724,0.64,0.7523,0.8645,0.6659,0.16,0.7878,0.8554,0.7301,0.24,0.7878,0.8554,0.7301,0.24
2358760 yanaginagi - SugaRiddle (TV Size) [Oni],403,10,0.7466,0.8809,0.6478,0.52,0.8038,0.8437,0.7675,0.2,0.6441,0.7097,0.5897,0.16,0.6953,0.804,0.6125,0.56,0.7626,0.7891,0.7378,0.16,0.8038,0.8437,0.7675,0.2,0.8038,0.8437,0.7675,0.2
2358760 yanaginagi - SugaRiddle (TV Size) [Vindictive Solution],458,10,0.7555,0.8297,0.6934,0.52,0.815,0.8515,0.7816,0.16,0.6744,0.6943,0.6557,0.16,0.7233,0.8362,0.6373,0.36,0.7469,0.7249,0.7703,0.16,0.815,0.8515,0.7816,0.16,0.815,0.8515,0.7816,0.16
2364934 beatMARIO - Cirno's Perfect Math Academy [Baka Baka!!!!],1439,10,0.7437,0.7491,0.7384,0.8,0.7048,0.7109,0.6988,0.28,0.6133,0.7616,0.5133,0.16,0.7254,0.7325,0.7185,0.76,0.629,0.6657,0.5961,0.24,0.7048,0.7109,0.6988,0.28,0.7048,0.7109,0.6988,0.28
2364934 beatMARIO - Cirno's Perfect Math Academy [Genjuro's Inner Baka],1267,10,0.7553,0.7687,0.7424,0.84,0.6979,0.7522,0.651,0.28,0.6015,0.7167,0.5183,0.2,0.7381,0.7964,0.6878,0.76,0.6256,0.7096,0.5594,0.24,0.6979,0.7522,0.651,0.28,0.6979,0.7522,0.651,0.28
2364934 beatMARIO - Cirno's Perfect Math Academy [Muzukashii],841,10,0.6687,0.7693,0.5914,0.88,0.7343,0.8216,0.6638,0.4,0.6226,0.8502,0.4911,0.24,0.6413,0.7515,0.5593,0.84,0.6604,0.7919,0.5663,0.32,0.7343,0.8216,0.6638,0.4,0.7343,0.8216,0.6638,0.4
2364934 beatMARIO - Cirno's Perfect Math Academy [Zhuosh's Oni],1065,10,0.7085,0.7906,0.6418,0.84,0.7253,0.8094,0.657,0.32,0.6291,0.7446,0.5446,0.24,0.6983,0.7878,0.6271,0.8,0.6566,0.7549,0.5809,0.28,0.7253,0.8094,0.657,0.32,0.7253,0.8094,0.657,0.32
2366375 t+pazolite - NEKOCHANG [Futsuu],96,10,0.7429,0.8125,0.6842,0.88,0.7288,0.8958,0.6143,0.48,0.6246,0.9271,0.4709,0.32,0.6773,0.8854,0.5484,0.8,0.7018,0.8333,0.6061,0.36,0.7288,0.8958,0.6143,0.48,0.7288,0.8958,0.6143,0.48
2366375 t+pazolite - NEKOCHANG [Hell Oni],278,10,0.7528,0.723,0.7852,0.6,0.789,0.7734,0.8052,0.2,0.7264,0.7734,0.6847,0.16,0.7327,0.6655,0.815,0.64,0.7783,0.8273,0.7348,0.12,0.789,0.7734,0.8052,0.2,0.789,0.7734,0.8052,0.2
2366375 t+pazolite - NEKOCHANG [Inner Oni],240,10,0.7505,0.7333,0.7686,0.68,0.7932,0.775,0.8122,0.24,0.7265,0.7583,0.6973,0.2,0.7537,0.7333,0.7753,0.64,0.7583,0.7125,0.8104,0.2,0.7932,0.775,0.8122,0.24,0.7932,0.775,0.8122,0.24
2366375 t+pazolite - NEKOCHANG [Kantan],54,10,0.5397,0.6296,0.4722,0.92,0.6281,0.7037,0.5672,0.72,0.5263,0.5556,0.5,0.68,0.4593,0.8889,0.3097,0.8,0.6357,0.7593,0.5467,0.52,0.6281,0.7037,0.5672,0.72,0.6281,0.7037,0.5672,0.72
2366375 t+pazolite - NEKOCHANG [Muzukashii],148,10,0.7492,0.7973,0.7066,0.8,0.7911,0.8446,0.744,0.4,0.7207,0.8716,0.6143,0.28,0.7645,0.8446,0.6983,0.76,0.7443,0.777,0.7143,0.28,0.7911,0.8446,0.744,0.4,0.7911,0.8446,0.744,0.4
2366375 t+pazolite - NEKOCHANG [Oni],192,10,0.7595,0.7812,0.7389,0.72,0.8056,0.7552,0.8631,0.4,0.7512,0.7865,0.719,0.28,0.7684,0.7604,0.7766,0.72,0.7606,0.7448,0.7772,0.24,0.8056,0.7552,0.8631,0.4,0.8056,0.7552,0.8631,0.4
2371982 DJ Fresh - Gold Dust (Cut Ver.) [Futsuu],297,10,0.5135,0.8013,0.3778,0.8,0.7145,0.8215,0.6321,0.32,0.5831,0.6734,0.5141,0.28,0.4644,0.7576,0.3348,0.76,0.6555,0.7273,0.5967,0.32,0.7145,0.8215,0.6321,0.32,0.7145,0.8215,0.6321,0.32
2371982 DJ Fresh - Gold Dust (Cut Ver.) [Inner Oni],604,10,0.6742,0.6887,0.6603,0.8,0.7265,0.6772,0.7835,0.24,0.5706,0.6689,0.4975,0.16,0.6731,0.745,0.6139,0.68,0.6768,0.6987,0.6563,0.2,0.7265,0.6772,0.7835,0.24,0.7265,0.6772,0.7835,0.24
2371982 DJ Fresh - Gold Dust (Cut Ver.) [Kantan],152,10,0.3181,0.4803,0.2378,0.92,0.539,0.7961,0.4074,0.4,0.462,0.5592,0.3935,0.4,0.2791,0.7566,0.1711,0.76,0.5013,0.6382,0.4128,0.44,0.539,0.7961,0.4074,0.4,0.539,0.7961,0.4074,0.4
2371982 DJ Fresh - Gold Dust (Cut Ver.) [Miau's Muzukashii],388,10,0.5697,0.7474,0.4603,0.8,0.7519,0.75,0.7539,0.32,0.6056,0.6907,0.5392,0.24,0.5264,0.7191,0.4152,0.76,0.6986,0.732,0.6682,0.28,0.7519,0.75,0.7539,0.32,0.7519,0.75,0.7539,0.32
2371982 DJ Fresh - Gold Dust (Cut Ver.) [Oni],514,10,0.6346,0.7062,0.5762,0.8,0.7432,0.749,0.7375,0.24,0.584,0.6459,0.5329,0.2,0.6175,0.749,0.5252,0.68,0.6798,0.6732,0.6865,0.24,0.7432,0.749,0.7375,0.24,0.7432,0.749,0.7375,0.24
2371982 DJ Fresh - Gold Dust (Cut Ver.) [Red Dust],664,10,0.6955,0.6777,0.7143,0.8,0.713,0.7184,0.7077,0.2,0.5686,0.7651,0.4524,0.12,0.7101,0.747,0.6767,0.68,0.6841,0.7892,0.6037,0.16,0.713,0.7184,0.7077,0.2,0.713,0.7184,0.7077,0.2
2374592 LamazeP - PoPiPo (PV Ver.) [Cry's Oni],544,10,0.7187,0.829,0.6343,0.88,0.7635,0.8695,0.6806,0.28,0.694,0.9504,0.5465,0.12,0.6254,0.8364,0.4995,0.12,0.7109,0.807,0.6353,0.2,0.7635,0.8695,0.6806,0.28,0.7635,0.8695,0.6806,0.28
2374592 LamazeP - PoPiPo (PV Ver.) [Futsuu],259,10,0.5175,0.7143,0.4057,0.92,0.5115,0.9421,0.3511,0.28,0.4166,0.9691,0.2653,0.12,0.3597,0.8069,0.2315,0.32,0.4716,0.8649,0.3242,0.2,0.5115,0.9421,0.3511,0.28,0.5115,0.9421,0.3511,0.28
2374592 LamazeP - PoPiPo (PV Ver.) [Kantan],142,10,0.3475,0.3732,0.3252,0.96,0.3082,0.9085,0.1856,0.28,0.2463,0.9437,0.1416,0.12,0.1908,0.6972,0.1105,0.4,0.2642,0.9507,0.1534,0.16,0.3082,0.9085,0.1856,0.28,0.3082,0.9085,0.1856,0.28
2374592 LamazeP - PoPiPo (PV Ver.) [Peaceful's Muzukashii],403,10,0.638,0.6799,0.6009,0.92,0.6685,0.9107,0.5281,0.28,0.5752,0.9628,0.4101,0.12,0.4839,0.7841,0.3499,0.32,0.6568,0.7717,0.5717,0.24,0.6685,0.9107,0.5281,0.28,0.6685,0.9107,0.5281,0.28
2374592 LamazeP - PoPiPo (PV Ver.) [Vegetable Oni],723,10,0.8485,0.9723,0.7527,0.08,0.8718,0.9267,0.8231,0.24,0.8113,0.9364,0.7156,0.12,0.7381,0.834,0.6619,0.12,0.7998,0.8866,0.7284,0.16,0.8718,0.9267,0.8231,0.24,0.8718,0.9267,0.8231,0.24
2376671 PRASTIK DANCEFLOOR - Cansei de S NIK [Futsuu],313,10,0.6704,0.7732,0.5917,0.92,0.7056,0.9073,0.5772,0.36,0.588,0.8275,0.456,0.2,0.6404,0.8562,0.5115,0.84,0.6605,0.9073,0.5192,0.24,0.7056,0.9073,0.5772,0.36,0.7056,0.9073,0.5772,0.36
2376671 PRASTIK DANCEFLOOR - Cansei de S NIK [Inner Oni],842,10,0.7945,0.8242,0.7669,0.56,0.8247,0.8017,0.8491,0.2,0.742,0.8029,0.6898,0.12,0.7869,0.7981,0.776,0.36,0.8015,0.7767,0.8278,0.16,0.8247,0.8017,0.8491,0.2,0.8247,0.8017,0.8491,0.2
2376671 PRASTIK DANCEFLOOR - Cansei de S NIK [Kantan],161,10,0.4772,0.8447,0.3325,0.92,0.4686,0.9503,0.311,0.36,0.3676,0.8323,0.2359,0.2,0.4117,0.8758,0.2691,0.84,0.4272,0.8571,0.2845,0.28,0.4686,0.9503,0.311,0.36,0.4686,0.9503,0.311,0.36
2376671 PRASTIK DANCEFLOOR - Cansei de S NIK [Muzukashii],463,10,0.6998,0.7603,0.6483,0.88,0.7992,0.8639,0.7435,0.32,0.6693,0.7451,0.6074,0.2,0.7092,0.7559,0.6679,0.84,0.7731,0.905,0.6747,0.2,0.7992,0.8639,0.7435,0.32,0.7992,0.8639,0.7435,0.32
2376671 PRASTIK DANCEFLOOR - Cansei de S NIK [Oni],589,10,0.76,0.7929,0.7297,0.84,0.8348,0.8319,0.8376,0.28,0.7077,0.7997,0.6348,0.16,0.7365,0.7402,0.7328,0.8,0.8165,0.8387,0.7955,0.2,0.8348,0.8319,0.8376,0.28,0.8348,0.8319,0.8376,0.28
2381051 Aoi - King Atlantis [Eternal Secret // Falling into the Deep Sea],2888,10,0.8404,0.8418,0.8391,0.8,0.8022,0.8199,0.7851,0.24,0.747,0.9159,0.6307,0.12,0.8332,0.8314,0.8351,0.72,0.748,0.7697,0.7274,0.2,0.8022,0.8199,0.7851,0.24,0.8022,0.8199,0.7851,0.24
2381051 Aoi - King Atlantis [Irone's Oni // The Lost Empire],1705,10,0.7345,0.9191,0.6116,0.88,0.6967,0.7889,0.6238,0.32,0.6222,0.8047,0.5072,0.2,0.7124,0.9226,0.5802,0.8,0.6473,0.7795,0.5535,0.24,0.6967,0.7889,0.6238,0.32,0.6967,0.7889,0.6238,0.32
2381051 Aoi - King Atlantis [Muzukashii // The Whispered Chronicle],1405,10,0.6372,0.8149,0.5231,0.92,0.6493,0.8228,0.5362,0.32,0.5757,0.842,0.4373,0.2,0.6156,0.9018,0.4674,0.8,0.6094,0.7246,0.5258,0.28,0.6493,0.8228,0.5362,0.32,0.6493,0.8228,0.5362,0.32
2381051 Aoi - King Atlantis [hz404's Inner Oni // The Forgotten Kingdom],2010,10,0.7629,0.8677,0.6807,0.88,0.7283,0.8264,0.6511,0.28,0.6578,0.8826,0.5242,0.16,0.7532,0.8846,0.6558,0.8,0.6837,0.7502,0.6281,0.24,0.7283,0.8264,0.6511,0.28,0.7283,0.8264,0.6511,0.28
2384140 iCO - Ao ni You [Disparity],1141,10,0.6002,0.7011,0.5246,0.72,0.7054,0.766,0.6537,0.24,0.5606,0.6529,0.4911,0.16,0.601,0.6792,0.5389,0.68,0.6422,0.6985,0.5943,0.2,0.7054,0.766,0.6537,0.24,0.7054,0.766,0.6537,0.24
2384140 iCO - Ao ni You [Futsuu],510,10,0.4609,0.451,0.4713,0.92,0.7311,0.8235,0.6573,0.4,0.4976,0.798,0.3615,0.2,0.378,0.5667,0.2836,0.84,0.6619,0.8216,0.5542,0.32,0.7311,0.8235,0.6573,0.4,0.7311,0.8235,0.6573,0.4
2384140 iCO - Ao ni You [Kantan],281,10,0.3407,0.4662,0.2684,0.92,0.5587,0.9146,0.4022,0.4,0.3526,0.7473,0.2308,0.24,0.2528,0.484,0.1711,0.88,0.5062,0.6512,0.414,0.48,0.5587,0.9146,0.4022,0.4,0.5587,0.9146,0.4022,0.4
2384140 iCO - Ao ni You [Muzukashii],705,10,0.4876,0.6142,0.4043,0.84,0.7378,0.7603,0.7166,0.36,0.5374,0.6979,0.4369,0.2,0.4536,0.6894,0.338,0.68,0.6738,0.7631,0.6031,0.28,0.7378,0.7603,0.7166,0.36,0.7378,0.7603,0.7166,0.36
2384140 iCO - Ao ni You [Oni],893,10,0.5406,0.6517,0.4619,0.8,0.7311,0.7245,0.7377,0.32,0.566,0.7637,0.4496,0.16,0.5251,0.6853,0.4256,0.68,0.6623,0.729,0.6067,0.24,0.7311,0.7245,0.7377,0.32,0.7311,0.7245,0.7377,0.32
2395324 Omerta - Charade (feat. Vincente Void & Hash Gordon) [done pretending to be like any of you],2555,10,0.8024,0.8544,0.7564,0.6,0.7863,0.8431,0.7367,0.2,0.7174,0.8207,0.6372,0.12,0.7967,0.8239,0.7713,0.6,0.731,0.8114,0.6651,0.16,0.7863,0.8431,0.7367,0.2,0.7863,0.8431,0.7367,0.2
2398124 Kanade (CV_ Yuko Natsuyoshi) - It Begins With Love (Game Ver.) [Futsuu],297,10,0.4748,0.6195,0.3849,0.84,0.75,0.8384,0.6785,0.48,0.4486,0.5589,0.3747,0.44,0.3951,0.596,0.2955,0.4,0.6628,0.7643,0.5851,0.48,0.75,0.8384,0.6785,0.48,0.75,0.8384,0.6785,0.48
2398124 Kanade (CV_ Yuko Natsuyoshi) - It Begins With Love (Game Ver.) [Harmony],445,10,0.6046,0.627,0.5837,0.84,0.7632,0.7461,0.7812,0.44,0.4394,0.5663,0.359,0.36,0.5197,0.6225,0.4461,0.36,0.6667,0.7416,0.6055,0.4,0.7632,0.7461,0.7812,0.44,0.7632,0.7461,0.7812,0.44
2398124 Kanade (CV_ Yuko Natsuyoshi) - It Begins With Love (Game Ver.) [Kantan],160,10,0.3358,0.5563,0.2405,0.88,0.5147,0.7125,0.4028,0.56,0.2876,0.4125,0.2207,0.52,0.2723,0.5437,0.1816,0.72,0.427,0.7312,0.3015,0.48,0.5147,0.7125,0.4028,0.56,0.5147,0.7125,0.4028,0.56
2398124 Kanade (CV_ Yuko Natsuyoshi) - It Begins With Love (Game Ver.) [Muzukashii],377,10,0.5333,0.6048,0.477,0.84,0.7756,0.8249,0.7318,0.44,0.4659,0.5066,0.4312,0.44,0.479,0.634,0.3849,0.36,0.685,0.695,0.6753,0.48,0.7756,0.8249,0.7318,0.44,0.7756,0.8249,0.7318,0.44
2398664 beignet - MOMO SYRUP (Intro Ver.) [Futsuu],456,10,0.6713,0.7368,0.6165,0.92,0.6644,0.8421,0.5486,0.4,0.5396,0.8224,0.4015,0.24,0.5274,0.6754,0.4326,0.88,0.6548,0.8487,0.5331,0.28,0.6644,0.8421,0.5486,0.4,0.6644,0.8421,0.5486,0.4
2398664 beignet - MOMO SYRUP (Intro Ver.) [Jaltzu's Oni],962,10,0.7496,0.8898,0.6475,0.64,0.8443,0.8992,0.7958,0.24,0.7294,0.8586,0.6339,0.16,0.7178,0.7193,0.7164,0.84,0.8099,0.817,0.8029,0.2,0.8443,0.8992,0.7958,0.24,0.8443,0.8992,0.7958,0.24
2398664 beignet - MOMO SYRUP (Intro Ver.) [Kantan],272,10,0.5092,0.7647,0.3817,0.92,0.4769,0.7022,0.3611,0.48,0.3801,0.6471,0.2691,0.32,0.3882,0.7022,0.2683,0.88,0.4614,0.7132,0.3409,0.36,0.4769,0.7022,0.3611,0.48,0.4769,0.7022,0.3611,0.48
2398664 beignet - MOMO SYRUP (Intro Ver.) [Muzukashii],697,10,0.6756,0.6499,0.7034,0.88,0.7672,0.8723,0.6847,0.32,0.6538,0.8508,0.5309,0.2,0.6182,0.7374,0.5321,0.84,0.7373,0.8135,0.6742,0.24,0.7672,0.8723,0.6847,0.32,0.7672,0.8723,0.6847,0.32
2398664 beignet - MOMO SYRUP (Intro Ver.) [Ura Oni],1069,10,0.7991,0.8765,0.7343,0.68,0.8657,0.9345,0.8063,0.2,0.7263,0.9196,0.6001,0.12,0.7813,0.7437,0.823,0.84,0.8228,0.8644,0.785,0.16,0.8657,0.9345,0.8063,0.2,0.8657,0.9345,0.8063,0.2
2400574 solfa feat. Ceui - primal (game ver.) [futsuu],362,10,0.6108,0.7044,0.5391,0.88,0.6959,0.8757,0.5774,0.24,0.5282,0.6851,0.4298,0.16,0.5456,0.7099,0.4431,0.84,0.6446,0.8066,0.5368,0.2,0.6959,0.8757,0.5774,0.24,0.6959,0.8757,0.5774,0.24
2400574 solfa feat. Ceui - primal (game ver.) [kantan],187,10,0.4909,0.6471,0.3954,0.92,0.5451,0.7914,0.4157,0.36,0.4115,0.6898,0.2932,0.2,0.3911,0.8021,0.2586,0.84,0.4982,0.7433,0.3747,0.28,0.5451,0.7914,0.4157,0.36,0.5451,0.7914,0.4157,0.36
2400574 solfa feat. Ceui - primal (game ver.) [muzukashii],460,10,0.686,0.6957,0.6765,0.88,0.7433,0.8152,0.6831,0.24,0.559,0.7826,0.4348,0.12,0.6243,0.7478,0.5358,0.8,0.6992,0.763,0.6452,0.2,0.7433,0.8152,0.6831,0.24,0.7433,0.8152,0.6831,0.24
2400574 solfa feat. Ceui - primal (game ver.) [oni],594,10,0.733,0.7441,0.7222,0.84,0.7449,0.7694,0.722,0.2,0.5696,0.6818,0.4891,0.12,0.7083,0.8502,0.607,0.64,0.6933,0.7609,0.6366,0.16,0.7449,0.7694,0.722,0.2,0.7449,0.7694,0.722,0.2
2400574 solfa feat. Ceui - primal (game ver.) [shiny blossom],702,10,0.7578,0.7778,0.7388,0.76,0.7305,0.7934,0.6768,0.16,0.5516,0.6011,0.5097,0.12,0.7497,0.8105,0.6973,0.68,0.6841,0.688,0.6803,0.16,0.7305,0.7934,0.6768,0.16,0.7305,0.7934,0.6768,0.16
2402500 Hiro Shinosawa (CV_ Reina Kawamura) - Contrast [A-40's Divergence],1638,10,0.7236,0.7369,0.7108,0.16,0.78,0.7241,0.8453,0.16,0.6625,0.6789,0.6469,0.12,0.6853,0.6734,0.6977,0.0,0.733,0.6996,0.7696,0.12,0.78,0.7241,0.8453,0.16,0.78,0.7241,0.8453,0.16
2402500 Hiro Shinosawa (CV_ Reina Kawamura) - Contrast [Convergence],1622,10,0.7146,0.738,0.6927,0.0,0.7743,0.8261,0.7287,0.12,0.6543,0.6739,0.6358,0.12,0.6769,0.6683,0.6856,0.0,0.7213,0.6917,0.7535,0.12,0.7743,0.8261,0.7287,0.12,0.7743,0.8261,0.7287,0.12
2402500 Hiro Shinosawa (CV_ Reina Kawamura) - Contrast [MTNT's Futsuu],753,10,0.5235,0.7902,0.3914,0.44,0.7031,0.7689,0.6477,0.32,0.5753,0.8167,0.444,0.16,0.4996,0.753,0.3738,0.08,0.6827,0.8127,0.5885,0.2,0.7031,0.7689,0.6477,0.32,0.7031,0.7689,0.6477,0.32
2402500 Hiro Shinosawa (CV_ Reina Kawamura) - Contrast [Oni],1355,10,0.6957,0.7838,0.6254,0.16,0.8013,0.8155,0.7876,0.16,0.663,0.752,0.5928,0.12,0.6594,0.7144,0.6123,0.0,0.7496,0.7867,0.7159,0.12,0.8013,0.8155,0.7876,0.16,0.8013,0.8155,0.7876,0.16
2402500 Hiro Shinosawa (CV_ Reina Kawamura) - Contrast [uone's Muzukashii],1060,10,0.6482,0.8368,0.5289,0.24,0.8029,0.8491,0.7614,0.2,0.656,0.7566,0.5791,0.16,0.6179,0.7698,0.5161,0.0,0.761,0.7538,0.7683,0.2,0.8029,0.8491,0.7614,0.2,0.8029,0.8491,0.7614,0.2
2404353 Conton Candy - Snow Drop (TV Size) [Kantan],175,10,0.3866,0.5943,0.2865,0.88,0.5567,0.7714,0.4355,0.4,0.4767,0.7314,0.3536,0.24,0.2841,0.7086,0.1777,0.52,0.5024,0.5886,0.4383,0.44,0.5567,0.7714,0.4355,0.4,0.5567,0.7714,0.4355,0.4
2404353 Conton Candy - Snow Drop (TV Size) [Muzukashii],368,10,0.6101,0.606,0.6143,0.88,0.781,0.8043,0.759,0.32,0.6724,0.7418,0.6149,0.2,0.5141,0.7174,0.4006,0.6,0.6905,0.7337,0.6522,0.28,0.781,0.8043,0.759,0.32,0.781,0.8043,0.759,0.32
2404353 Conton Candy - Snow Drop (TV Size) [Noah's Futsuu],304,10,0.5487,0.602,0.5041,0.88,0.7329,0.7401,0.7258,0.4,0.639,0.7862,0.5383,0.2,0.4379,0.7138,0.3159,0.56,0.6585,0.7105,0.6136,0.32,0.7329,0.7401,0.7258,0.4,0.7329,0.7401,0.7258,0.4
2404353 Conton Candy - Snow Drop (TV Size) [Oni],491,10,0.6849,0.7902,0.6044,0.72,0.7521,0.7291,0.7766,0.28,0.6635,0.7108,0.6221,0.16,0.607,0.7108,0.5296,0.6,0.674,0.6864,0.6621,0.24,0.7521,0.7291,0.7766,0.28,0.7521,0.7291,0.7766,0.28
2404353 Conton Candy - Snow Drop (TV Size) [Puberty],591,10,0.7213,0.7665,0.6812,0.68,0.7496,0.714,0.7888,0.24,0.6597,0.643,0.6774,0.16,0.6682,0.7225,0.6215,0.56,0.6725,0.7157,0.6342,0.2,0.7496,0.714,0.7888,0.24,0.7496,0.714,0.7888,0.24
2404829 Tokai Teio (CV_ Machico) - Teio Teio Teiteio (Extended Edit) [Alice's Oni],173,10,0.7349,0.7052,0.7673,0.6,0.8201,0.8035,0.8373,0.24,0.7669,0.7225,0.817,0.28,0.7414,0.6879,0.8041,0.64,0.7808,0.7514,0.8125,0.16,0.8201,0.8035,0.8373,0.24,0.8201,0.8035,0.8373,0.24
2404829 Tokai Teio (CV_ Machico) - Teio Teio Teiteio (Extended Edit) [Amasugi's Muzukashii],134,10,0.7148,0.7388,0.6923,0.72,0.8244,0.8582,0.7931,0.32,0.7658,0.7687,0.763,0.32,0.7092,0.7463,0.6757,0.64,0.7891,0.8657,0.725,0.16,0.8244,0.8582,0.7931,0.32,0.8244,0.8582,0.7931,0.32
2404829 Tokai Teio (CV_ Machico) - Teio Teio Teiteio (Extended Edit) [Mayano's Kantan],42,10,0.5316,0.5,0.5676,0.92,0.5517,0.7619,0.4324,0.52,0.54,0.6429,0.4655,0.72,0.5152,0.4048,0.7083,0.96,0.595,0.8571,0.4557,0.36,0.5517,0.7619,0.4324,0.52,0.5517,0.7619,0.4324,0.52
2404829 Tokai Teio (CV_ Machico) - Teio Teio Teiteio (Extended Edit) [Tono Hanna's Futsuu],86,10,0.5806,0.5233,0.6522,0.88,0.7273,0.9767,0.5793,0.32,0.66,0.7674,0.5789,0.4,0.6012,0.5698,0.6364,0.84,0.6748,0.9651,0.5188,0.16,0.7273,0.9767,0.5793,0.32,0.7273,0.9767,0.5793,0.32
2407599 AKIAOI - Tian Mi Qi Dai (TV Size) [Fapu's Futsuu],197,10,0.627,0.6954,0.5708,0.6,0.7364,0.8223,0.6667,0.4,0.646,0.6345,0.6579,0.64,0.5562,0.7157,0.4548,0.36,0.6843,0.7868,0.6055,0.36,0.7364,0.8223,0.6667,0.4,0.7364,0.8223,0.6667,0.4
2407599 AKIAOI - Tian Mi Qi Dai (TV Size) [Muzukashii],268,10,0.6929,0.6567,0.7333,0.6,0.8063,0.7687,0.8477,0.4,0.6786,0.709,0.6507,0.48,0.5986,0.6455,0.5581,0.36,0.7331,0.8097,0.6698,0.28,0.8063,0.7687,0.8477,0.4,0.8063,0.7687,0.8477,0.4
2407808 Meychan - Panda Hero [2199's Muzukashii],1041,10,0.6731,0.7695,0.5982,0.84,0.7579,0.8511,0.6831,0.28,0.6726,0.7656,0.5997,0.2,0.6551,0.8511,0.5325,0.68,0.7219,0.7992,0.6582,0.24,0.7579,0.8511,0.6831,0.28,0.7579,0.8511,0.6831,0.28
2407808 Meychan - Panda Hero [Futsuu],797,10,0.6426,0.7139,0.5842,0.88,0.7333,0.8193,0.6636,0.36,0.643,0.7616,0.5564,0.24,0.5828,0.6976,0.5005,0.84,0.7014,0.8193,0.6131,0.28,0.7333,0.8193,0.6636,0.36,0.7333,0.8193,0.6636,0.36
2407808 Meychan - Panda Hero [Nostril's Kantan],413,10,0.473,0.7942,0.3368,0.88,0.5312,0.753,0.4103,0.44,0.4434,0.7119,0.322,0.28,0.4068,0.7506,0.279,0.84,0.495,0.7215,0.3767,0.36,0.5312,0.753,0.4103,0.44,0.5312,0.753,0.4103,0.44
2407808 Meychan - Panda Hero [Oni],1422,10,0.7579,0.8411,0.6897,0.76,0.8063,0.8312,0.7828,0.24,0.7261,0.7904,0.6714,0.16,0.7509,0.853,0.6705,0.52,0.7549,0.7862,0.726,0.2,0.8063,0.8312,0.7828,0.24,0.8063,0.8312,0.7828,0.24
2407808 Meychan - Panda Hero [Savior],1706,10,0.8035,0.8869,0.7345,0.08,0.8178,0.7708,0.8709,0.24,0.7472,0.8593,0.661,0.12,0.7853,0.8288,0.7462,0.24,0.7654,0.8359,0.7059,0.16,0.8178,0.7708,0.8709,0.24,0.8178,0.7708,0.8709,0.24
2408373 Masa - Kubinashi Enbukyou [†],1409,10,0.6614,0.7438,0.5955,0.88,0.8219,0.8879,0.7651,0.36,0.7634,0.8722,0.6786,0.24,0.6029,0.7736,0.4939,0.72,0.6889,0.748,0.6384,0.36,0.8219,0.8879,0.7651,0.36,0.8219,0.8879,0.7651,0.36
2409829 Ayako Ikeda - Prism (TV Size) [Futsuu],114,10,0.4507,0.4211,0.4848,0.92,0.5768,0.807,0.4488,0.44,0.4356,0.8158,0.2971,0.28,0.441,0.7544,0.3116,0.52,0.51,0.7807,0.3787,0.28,0.5768,0.807,0.4488,0.44,0.5768,0.807,0.4488,0.44
2409829 Ayako Ikeda - Prism (TV Size) [Kantan],62,10,0.2733,0.3548,0.2222,0.92,0.3302,0.8548,0.2046,0.36,0.2738,0.371,0.217,0.76,0.2485,0.6774,0.1522,0.52,0.2924,0.8065,0.1786,0.24,0.3302,0.8548,0.2046,0.36,0.3302,0.8548,0.2046,0.36
2409829 Ayako Ikeda - Prism (TV Size) [Muzukashii],166,10,0.561,0.6928,0.4713,0.76,0.6307,0.7048,0.5707,0.44,0.5029,0.7952,0.3677,0.24,0.5747,0.7651,0.4601,0.52,0.6009,0.8072,0.4786,0.24,0.6307,0.7048,0.5707,0.44,0.6307,0.7048,0.5707,0.44
2409829 Ayako Ikeda - Prism (TV Size) [Oni],222,10,0.6294,0.8378,0.5041,0.48,0.6362,0.6892,0.5907,0.36,0.5336,0.6982,0.4318,0.24,0.6186,0.7928,0.5072,0.28,0.6135,0.6937,0.55,0.24,0.6362,0.6892,0.5907,0.36,0.6362,0.6892,0.5907,0.36
2413813 Aitsuki Nakuru - Ai no Zanshi [Falsehood],777,10,0.6134,0.722,0.5333,0.8,0.6475,0.7375,0.577,0.28,0.3733,0.7555,0.2479,0.12,0.5912,0.6718,0.5278,0.72,0.5926,0.7272,0.5,0.2,0.6475,0.7375,0.577,0.28,0.6475,0.7375,0.577,0.28
2413813 Aitsuki Nakuru - Ai no Zanshi [Muzukashii],537,10,0.5417,0.7318,0.43,0.84,0.6237,0.7933,0.5139,0.32,0.3308,0.6927,0.2173,0.16,0.5175,0.7002,0.4105,0.76,0.5569,0.743,0.4453,0.24,0.6237,0.7933,0.5139,0.32,0.6237,0.7933,0.5139,0.32
2413813 Aitsuki Nakuru - Ai no Zanshi [Oni],638,10,0.5747,0.6991,0.488,0.84,0.6599,0.7586,0.5838,0.32,0.3626,0.6677,0.2488,0.16,0.5457,0.6646,0.4629,0.76,0.5932,0.7132,0.5078,0.24,0.6599,0.7586,0.5838,0.32,0.6599,0.7586,0.5838,0.32
2414030 Hasu no Sora Jogakuin School Idol Club - On your mark (104th Ver.) (Game Ver.) [Futsuu],422,10,0.6113,0.7678,0.5078,0.88,0.7028,0.8152,0.6176,0.32,0.6266,0.7536,0.5363,0.2,0.5415,0.6256,0.4774,0.88,0.688,0.8152,0.5952,0.24,0.7028,0.8152,0.6176,0.32,0.7028,0.8152,0.6176,0.32
2414030 Hasu no Sora Jogakuin School Idol Club - On your mark (104th Ver.) (Game Ver.) [Kantan],220,10,0.4835,0.5,0.4681,0.96,0.5144,0.6909,0.4097,0.44,0.4267,0.6818,0.3106,0.24,0.3797,0.5273,0.2967,0.92,0.481,0.6045,0.3994,0.4,0.5144,0.6909,0.4097,0.44,0.5144,0.6909,0.4097,0.44
2414030 Hasu no Sora Jogakuin School Idol Club - On your mark (104th Ver.) (Game Ver.) [Muzukashii],590,10,0.684,0.7119,0.6583,0.88,0.7751,0.8644,0.7025,0.24,0.6928,0.778,0.6245,0.16,0.6353,0.8458,0.5087,0.72,0.751,0.8102,0.6999,0.2,0.7751,0.8644,0.7025,0.24,0.7751,0.8644,0.7025,0.24
2414030 Hasu no Sora Jogakuin School Idol Club - On your mark (104th Ver.) (Game Ver.) [Oni],761,10,0.755,0.8647,0.6701,0.76,0.8233,0.8633,0.7868,0.2,0.7253,0.8187,0.651,0.12,0.7117,0.8371,0.619,0.68,0.7747,0.7976,0.7531,0.16,0.8233,0.8633,0.7868,0.2,0.8233,0.8633,0.7868,0.2
"2414030 Hasu no Sora Jogakuin School Idol Club - On your mark (104th Ver.) (Game Ver.) [Ready, Set, Go!]",961,10,0.7928,0.8283,0.7603,0.72,0.8058,0.8075,0.8041,0.16,0.7091,0.7076,0.7106,0.12,0.7648,0.7919,0.7396,0.68,0.7589,0.7846,0.7349,0.12,0.8058,0.8075,0.8041,0.16,0.8058,0.8075,0.8041,0.16
2419373 Yoisaki Kanade (CV_ Kusunoki Tomori) - Hitorinbo Envy (Game Ver.) [Futsuu],190,10,0.7206,0.7737,0.6743,0.88,0.7124,0.8737,0.6014,0.24,0.6154,0.8632,0.4781,0.12,0.7031,0.7789,0.6407,0.84,0.7059,0.8526,0.6022,0.16,0.7124,0.8737,0.6014,0.24,0.7124,0.8737,0.6014,0.24
2419373 Yoisaki Kanade (CV_ Kusunoki Tomori) - Hitorinbo Envy (Game Ver.) [Hide and Seek],334,10,0.7849,0.9012,0.6952,0.68,0.8169,0.8084,0.8257,0.16,0.7208,0.7305,0.7114,0.12,0.7607,0.8802,0.6697,0.6,0.7744,0.8323,0.724,0.08,0.8169,0.8084,0.8257,0.16,0.8169,0.8084,0.8257,0.16
2419373 Yoisaki Kanade (CV_ Kusunoki Tomori) - Hitorinbo Envy (Game Ver.) [Ignas' Kantan],107,10,0.56,0.8505,0.4174,0.88,0.5014,0.8318,0.3589,0.28,0.4267,0.8972,0.2799,0.12,0.5704,0.757,0.4576,0.88,0.4947,0.8692,0.3457,0.16,0.5014,0.8318,0.3589,0.28,0.5014,0.8318,0.3589,0.28
2419373 Yoisaki Kanade (CV_ Kusunoki Tomori) - Hitorinbo Envy (Game Ver.) [Muzukashii],255,10,0.7608,0.8667,0.6779,0.8,0.7766,0.8863,0.6911,0.16,0.6823,0.8,0.5948,0.12,0.7457,0.851,0.6636,0.76,0.7519,0.7725,0.7323,0.16,0.7766,0.8863,0.6911,0.16,0.7766,0.8863,0.6911,0.16
2419836 kensuke ushio - lit [<3],57,10,0.0678,0.0351,1.0,0.0,0.9333,0.9825,0.8889,0.48,0.8065,0.8772,0.7463,0.84,0.0,0.0,0.0,0.0,0.8244,0.9474,0.7297,0.4,0.9333,0.9825,0.8889,0.48,0.9333,0.9825,0.8889,0.48
2423043 Hayakore Tatsumi - Thousandth Sky (END of SUMMER Mix) [Fleeting Summer],2803,10,0.8244,0.8766,0.778,0.84,0.7414,0.7685,0.7161,0.28,0.6567,0.7321,0.5955,0.2,0.8097,0.9237,0.7208,0.8,0.705,0.7881,0.6377,0.2,0.7414,0.7685,0.7161,0.28,0.7414,0.7685,0.7161,0.28
2424613 mafumafu feat. IA - Yuugure Semi Nikki [Kin's Taiko Oni],1193,10,0.7436,0.8215,0.6791,0.88,0.7507,0.7737,0.7291,0.32,0.5733,0.8231,0.4398,0.12,0.6957,0.798,0.6166,0.56,0.6971,0.7427,0.6568,0.28,0.7507,0.7737,0.7291,0.32,0.7507,0.7737,0.7291,0.32
2424613 mafumafu feat. IA - Yuugure Semi Nikki [Taiko Futsuu],645,10,0.626,0.8124,0.5092,0.92,0.6932,0.9178,0.5569,0.4,0.4838,0.938,0.326,0.16,0.5476,0.7442,0.4332,0.88,0.6208,0.7907,0.511,0.36,0.6932,0.9178,0.5569,0.4,0.6932,0.9178,0.5569,0.4
2424613 mafumafu feat. IA - Yuugure Semi Nikki [Taiko Kantan],340,10,0.4804,0.5765,0.4118,0.96,0.4805,0.8324,0.3377,0.48,0.3074,0.8206,0.1892,0.2,0.4189,0.6529,0.3083,0.92,0.4054,0.7118,0.2834,0.4,0.4805,0.8324,0.3377,0.48,0.4805,0.8324,0.3377,0.48
2424613 mafumafu feat. IA - Yuugure Semi Nikki [Taiko Muzukashii],944,10,0.7258,0.7585,0.6958,0.92,0.7648,0.8506,0.6946,0.36,0.5679,0.8422,0.4283,0.16,0.6375,0.84,0.5136,0.56,0.6986,0.8485,0.5938,0.28,0.7648,0.8506,0.6946,0.36,0.7648,0.8506,0.6946,0.36
2424613 mafumafu feat. IA - Yuugure Semi Nikki [Taiko Ura Oni],1517,10,0.8314,0.8972,0.7746,0.64,0.7664,0.797,0.7381,0.24,0.6198,0.8998,0.4726,0.08,0.7684,0.7752,0.7617,0.56,0.7106,0.8385,0.6166,0.2,0.7664,0.797,0.7381,0.24,0.7664,0.797,0.7381,0.24
2426226 CQ - Emil [Garden's Muzukashii],1025,10,0.6027,0.9044,0.452,0.88,0.6147,0.6849,0.5576,0.44,0.5513,0.7073,0.4517,0.32,0.6001,0.8615,0.4604,0.76,0.5125,0.562,0.471,0.44,0.6147,0.6849,0.5576,0.44,0.6147,0.6849,0.5576,0.44
2426226 CQ - Emil [Ideal's Oni],1341,10,0.6769,0.8561,0.5597,0.88,0.6807,0.7703,0.6098,0.4,0.6232,0.6846,0.572,0.32,0.6708,0.8151,0.5699,0.76,0.5824,0.6547,0.5245,0.4,0.6807,0.7703,0.6098,0.4,0.6807,0.7703,0.6098,0.4
2426226 CQ - Emil [Ideal],1538,10,0.7189,0.8973,0.5997,0.84,0.7073,0.7432,0.6747,0.4,0.6522,0.8134,0.5444,0.28,0.708,0.8205,0.6226,0.72,0.6098,0.7653,0.5069,0.36,0.7073,0.7432,0.6747,0.4,0.7073,0.7432,0.6747,0.4
2426226 CQ - Emil [fllecc's Futsuu],790,10,0.5111,0.919,0.354,0.88,0.5677,0.6342,0.5138,0.48,0.5067,0.6266,0.4253,0.36,0.5015,0.8595,0.354,0.76,0.4793,0.519,0.4452,0.48,0.5677,0.6342,0.5138,0.48,0.5677,0.6342,0.5138,0.48
2429761 AKB48 - Namida Surprise! [Omedetou!],1188,10,0.6705,0.7862,0.5845,0.88,0.8366,0.8577,0.8165,0.32,0.7678,0.8628,0.6916,0.24,0.5497,0.7189,0.445,0.76,0.7756,0.7988,0.7538,0.28,0.8366,0.8577,0.8165,0.32,0.8366,0.8577,0.8165,0.32
2430290 Kano - Songs Compilation [I Could Sing Because of You],2775,10,0.6986,0.7625,0.6445,0.72,0.7296,0.7142,0.7457,0.28,0.5879,0.6941,0.5099,0.16,0.6337,0.7153,0.5688,0.56,0.6636,0.711,0.6222,0.24,0.7296,0.7142,0.7457,0.28,0.7296,0.7142,0.7457,0.28
"2432483 Hello, Happy World! x Shirakami Fubuki - Bon Appetit _3 S [Futsuu]",251,10,0.5911,0.7689,0.4801,0.88,0.654,0.757,0.5758,0.4,0.5424,0.8287,0.4031,0.2,0.5333,0.6853,0.4365,0.88,0.6546,0.7928,0.5574,0.28,0.654,0.757,0.5758,0.4,0.654,0.757,0.5758,0.4
"2432483 Hello, Happy World! x Shirakami Fubuki - Bon Appetit _3 S [Gsun's Inner Oni]",590,10,0.7971,0.839,0.7592,0.76,0.8122,0.8356,0.7901,0.2,0.7073,0.7373,0.6797,0.16,0.7488,0.8237,0.6864,0.72,0.7851,0.7864,0.7838,0.16,0.8122,0.8356,0.7901,0.2,0.8122,0.8356,0.7901,0.2
"2432483 Hello, Happy World! x Shirakami Fubuki - Bon Appetit _3 S [Kantan]",142,10,0.4597,0.4014,0.5377,0.96,0.4751,0.7394,0.35,0.44,0.3769,0.8732,0.2403,0.2,0.3939,0.3662,0.4262,0.96,0.4811,0.7183,0.3617,0.36,0.4751,0.7394,0.35,0.44,0.4751,0.7394,0.35,0.44
"2432483 Hello, Happy World! x Shirakami Fubuki - Bon Appetit _3 S [Muzukashii]",347,10,0.6638,0.8934,0.5281,0.8,0.7558,0.8963,0.6534,0.28,0.6327,0.7867,0.5291,0.2,0.6221,0.7781,0.5182,0.84,0.74,0.8242,0.6714,0.24,0.7558,0.8963,0.6534,0.28,0.7558,0.8963,0.6534,0.28
"2432483 Hello, Happy World! x Shirakami Fubuki - Bon Appetit _3 S [Oni]",479,10,0.743,0.8267,0.6746,0.8,0.8042,0.8017,0.8067,0.28,0.6899,0.8058,0.6031,0.16,0.6925,0.858,0.5805,0.72,0.7789,0.7871,0.771,0.2,0.8042,0.8017,0.8067,0.28,0.8042,0.8017,0.8067,0.28
2433135 Juztan - #WE _3 YURI [ENDLESS YURI TIME],3929,10,0.8504,0.8241,0.8785,0.8,0.8241,0.8083,0.8404,0.24,0.7656,0.7643,0.7669,0.24,0.8399,0.8567,0.8238,0.8,0.8039,0.7854,0.8232,0.24,0.8241,0.8083,0.8404,0.24,0.8241,0.8083,0.8404,0.24
2433778 LizNoir - GIRI-GIRI borderless world (Game Ver.) [Futsuu],333,10,0.686,0.7808,0.6118,0.92,0.7252,0.8438,0.6357,0.36,0.6312,0.8559,0.5,0.24,0.655,0.7297,0.5941,0.92,0.6539,0.7718,0.5673,0.32,0.7252,0.8438,0.6357,0.36,0.7252,0.8438,0.6357,0.36
2433778 LizNoir - GIRI-GIRI borderless world (Game Ver.) [Kantan],164,10,0.5587,0.6098,0.5155,0.96,0.5325,0.7988,0.3994,0.44,0.4255,0.6098,0.3268,0.36,0.5367,0.5793,0.5,0.96,0.4774,0.7073,0.3602,0.4,0.5325,0.7988,0.3994,0.44,0.5325,0.7988,0.3994,0.44
2433778 LizNoir - GIRI-GIRI borderless world (Game Ver.) [Muzukashii],425,10,0.7176,0.7176,0.7176,0.92,0.7404,0.8188,0.6757,0.32,0.6533,0.7647,0.5702,0.24,0.693,0.68,0.7066,0.92,0.6578,0.76,0.5799,0.28,0.7404,0.8188,0.6757,0.32,0.7404,0.8188,0.6757,0.32
2433778 LizNoir - GIRI-GIRI borderless world (Game Ver.) [Oni],542,10,0.7477,0.8118,0.6929,0.88,0.7407,0.7934,0.6947,0.28,0.6577,0.7675,0.5754,0.2,0.7445,0.8118,0.6875,0.88,0.6619,0.7749,0.5777,0.24,0.7407,0.7934,0.6947,0.28,0.7407,0.7934,0.6947,0.28
2433778 LizNoir - GIRI-GIRI borderless world (Game Ver.) [True Promise],645,10,0.776,0.8217,0.7351,0.84,0.7326,0.7178,0.748,0.28,0.6579,0.6977,0.6224,0.2,0.7787,0.8403,0.7256,0.84,0.6706,0.7132,0.6327,0.24,0.7326,0.7178,0.748,0.28,0.7326,0.7178,0.748,0.28
2434003 Iwami Takashi - Noraneko no Shinryaku [Futsuu],915,10,0.6385,0.7519,0.5548,0.88,0.6958,0.7486,0.6499,0.48,0.6527,0.7825,0.5598,0.32,0.5892,0.8142,0.4616,0.76,0.5918,0.7628,0.4834,0.36,0.6958,0.7486,0.6499,0.48,0.6958,0.7486,0.6499,0.48
2434003 Iwami Takashi - Noraneko no Shinryaku [Inner Oni],2057,10,0.7807,0.7467,0.8179,0.76,0.7674,0.7632,0.7715,0.28,0.7372,0.772,0.7055,0.2,0.742,0.6928,0.7988,0.68,0.7076,0.7219,0.6939,0.28,0.7674,0.7632,0.7715,0.28,0.7674,0.7632,0.7715,0.28
2434003 Iwami Takashi - Noraneko no Shinryaku [Kantan],523,10,0.4765,0.8031,0.3387,0.88,0.5656,0.8528,0.4231,0.48,0.5144,0.7839,0.3828,0.36,0.4174,0.8528,0.2763,0.76,0.4689,0.6922,0.3546,0.44,0.5656,0.8528,0.4231,0.48,0.5656,0.8528,0.4231,0.48
2434003 Iwami Takashi - Noraneko no Shinryaku [Muzukashii],1212,10,0.7106,0.8193,0.6273,0.84,0.7387,0.8317,0.6645,0.36,0.6951,0.8672,0.58,0.24,0.6669,0.8086,0.5675,0.72,0.6431,0.7046,0.5914,0.36,0.7387,0.8317,0.6645,0.36,0.7387,0.8317,0.6645,0.36
2434003 Iwami Takashi - Noraneko no Shinryaku [Oni],1636,10,0.7826,0.8405,0.7322,0.76,0.7907,0.8221,0.7616,0.32,0.7593,0.8001,0.7224,0.24,0.7415,0.7751,0.7108,0.68,0.6978,0.717,0.6796,0.32,0.7907,0.8221,0.7616,0.32,0.7907,0.8221,0.7616,0.32
2441717 reset - escape (Short Ver.) [kantan],114,10,0.3321,0.7807,0.2109,0.84,0.3918,0.6667,0.2774,0.6,0.2736,0.6491,0.1733,0.36,0.2894,0.6842,0.1835,0.84,0.375,0.7632,0.2486,0.48,0.3918,0.6667,0.2774,0.6,0.3918,0.6667,0.2774,0.6
2441717 reset - escape (Short Ver.) [[-E S I A-]'s futsuu],201,10,0.4642,0.6119,0.3739,0.88,0.534,0.8209,0.3957,0.48,0.3764,0.6517,0.2646,0.32,0.4547,0.5871,0.3711,0.88,0.5082,0.6965,0.4,0.48,0.534,0.8209,0.3957,0.48,0.534,0.8209,0.3957,0.48
2441717 reset - escape (Short Ver.) [fabri's oni],403,10,0.7218,0.8561,0.6239,0.76,0.6932,0.7568,0.6394,0.44,0.5255,0.7295,0.4106,0.24,0.7129,0.8933,0.5931,0.68,0.6757,0.8065,0.5814,0.32,0.6932,0.7568,0.6394,0.44,0.6932,0.7568,0.6394,0.44
2441717 reset - escape (Short Ver.) [help],511,10,0.7916,0.8806,0.7188,0.68,0.7407,0.8356,0.6651,0.32,0.5644,0.7808,0.4419,0.2,0.8015,0.8571,0.7526,0.72,0.7197,0.8063,0.6498,0.28,0.7407,0.8356,0.6651,0.32,0.7407,0.8356,0.6651,0.32
2441717 reset - escape (Short Ver.) [vulkin's muzukashii],302,10,0.603,0.7947,0.4858,0.8,0.6264,0.8079,0.5115,0.44,0.4701,0.702,0.3533,0.28,0.5801,0.8212,0.4485,0.76,0.6042,0.7583,0.5022,0.4,0.6264,0.8079,0.5115,0.44,0.6264,0.8079,0.5115,0.44
2444077 Camellia feat. Nanahira - Shakunetsu Candle Master Tomoshii [2199's Oni],1276,10,0.7539,0.8221,0.6961,0.88,0.7144,0.79,0.652,0.4,0.5937,0.7328,0.4989,0.28,0.7152,0.8284,0.6292,0.84,0.6757,0.7249,0.6327,0.36,0.7144,0.79,0.652,0.4,0.7144,0.79,0.652,0.4
2444077 Camellia feat. Nanahira - Shakunetsu Candle Master Tomoshii [Futsuu],727,10,0.6414,0.7799,0.5447,0.92,0.6432,0.7923,0.5414,0.52,0.5095,0.8116,0.3713,0.32,0.5603,0.7992,0.4313,0.88,0.6295,0.7854,0.5253,0.44,0.6432,0.7923,0.5414,0.52,0.6432,0.7923,0.5414,0.52
2444077 Camellia feat. Nanahira - Shakunetsu Candle Master Tomoshii [Inner Oni],1664,10,0.7461,0.7109,0.785,0.88,0.6955,0.7097,0.6819,0.36,0.5898,0.6839,0.5185,0.24,0.7333,0.7368,0.7298,0.84,0.6646,0.7181,0.6185,0.28,0.6955,0.7097,0.6819,0.36,0.6955,0.7097,0.6819,0.36
2444077 Camellia feat. Nanahira - Shakunetsu Candle Master Tomoshii [Kantan],416,10,0.4708,0.8245,0.3295,0.92,0.4792,0.7909,0.3438,0.56,0.3627,0.7668,0.2375,0.36,0.3936,0.8341,0.2576,0.88,0.4806,0.7139,0.3622,0.52,0.4792,0.7909,0.3438,0.56,0.4792,0.7909,0.3438,0.56
2444077 Camellia feat. Nanahira - Shakunetsu Candle Master Tomoshii [Muzukashii],1059,10,0.6906,0.8366,0.5879,0.88,0.6933,0.8527,0.5841,0.4,0.5694,0.7885,0.4456,0.28,0.6564,0.8489,0.5351,0.84,0.668,0.7951,0.5759,0.36,0.6933,0.8527,0.5841,0.4,0.6933,0.8527,0.5841,0.4
2453815 DragonForce - WAR! [FIGHT!],2885,10,0.8968,0.8995,0.8942,0.76,0.8601,0.8738,0.8468,0.32,0.7093,0.8624,0.6024,0.2,0.9162,0.9147,0.9176,0.76,0.794,0.86,0.7375,0.28,0.8601,0.8738,0.8468,0.32,0.8601,0.8738,0.8468,0.32
2457570 Yoshida Yasei feat. Chick. - The Ruin in the Woods [Futsuu],580,10,0.7528,0.8845,0.6552,0.88,0.7621,0.9362,0.6426,0.28,0.7257,0.9259,0.5967,0.16,0.7091,0.8931,0.588,0.84,0.7608,0.9293,0.644,0.2,0.7621,0.9362,0.6426,0.28,0.7621,0.9362,0.6426,0.28
2457570 Yoshida Yasei feat. Chick. - The Ruin in the Woods [Kantan],314,10,0.5032,0.879,0.3525,0.88,0.4926,0.9586,0.3315,0.24,0.4613,0.8917,0.3111,0.16,0.4618,0.9522,0.3048,0.8,0.4935,0.9045,0.3393,0.2,0.4926,0.9586,0.3315,0.24,0.4926,0.9586,0.3315,0.24
2457570 Yoshida Yasei feat. Chick. - The Ruin in the Woods [Muzukashii],783,10,0.818,0.8927,0.7549,0.84,0.822,0.8876,0.7654,0.24,0.7855,0.8442,0.7344,0.16,0.8031,0.94,0.701,0.76,0.8148,0.8429,0.7885,0.2,0.822,0.8876,0.7654,0.24,0.822,0.8876,0.7654,0.24
2457570 Yoshida Yasei feat. Chick. - The Ruin in the Woods [Remnants],1218,10,0.831,0.7709,0.9012,0.72,0.802,0.7348,0.8826,0.16,0.7692,0.7044,0.847,0.12,0.8333,0.7898,0.8818,0.72,0.7919,0.7356,0.8574,0.12,0.802,0.7348,0.8826,0.16,0.802,0.7348,0.8826,0.16
2457570 Yoshida Yasei feat. Chick. - The Ruin in the Woods [Ryxliee's Oni],940,10,0.865,0.8585,0.8715,0.84,0.842,0.8277,0.8568,0.24,0.8059,0.8372,0.7769,0.12,0.8452,0.8947,0.801,0.76,0.829,0.8223,0.8357,0.16,0.842,0.8277,0.8568,0.24,0.842,0.8277,0.8568,0.24
2462038 Niffty (CV_ Kimiko Glenn) - Clean It Up! (TV Size) [HeLLFly's Muzukashii],274,10,0.6307,0.7883,0.5255,0.64,0.7382,0.854,0.65,0.28,0.5696,0.792,0.4447,0.2,0.6265,0.7774,0.5246,0.68,0.712,0.8029,0.6395,0.24,0.7382,0.854,0.65,0.28,0.7382,0.854,0.65,0.28
2462038 Niffty (CV_ Kimiko Glenn) - Clean It Up! (TV Size) [Inner Oni],400,10,0.6586,0.6775,0.6407,0.48,0.6947,0.66,0.7333,0.28,0.5595,0.735,0.4516,0.12,0.6778,0.7075,0.6506,0.56,0.659,0.72,0.6076,0.16,0.6947,0.66,0.7333,0.28,0.6947,0.66,0.7333,0.28
2462038 Niffty (CV_ Kimiko Glenn) - Clean It Up! (TV Size) [Skey's Futsuu],176,10,0.529,0.7784,0.4006,0.8,0.6507,0.7727,0.562,0.44,0.4915,0.8239,0.3502,0.24,0.5339,0.7614,0.411,0.8,0.6348,0.7557,0.5473,0.36,0.6507,0.7727,0.562,0.44,0.6507,0.7727,0.562,0.44
2462038 Niffty (CV_ Kimiko Glenn) - Clean It Up! (TV Size) [Tachi's Oni],341,10,0.6676,0.6686,0.6667,0.8,0.7304,0.7507,0.7111,0.28,0.5718,0.695,0.4857,0.2,0.6612,0.7126,0.6168,0.72,0.7007,0.7038,0.6977,0.24,0.7304,0.7507,0.7111,0.28,0.7304,0.7507,0.7111,0.28
2462038 Niffty (CV_ Kimiko Glenn) - Clean It Up! (TV Size) [Yuemiao's Kantan],99,10,0.4194,0.5253,0.349,0.92,0.4604,0.6465,0.3575,0.56,0.3382,0.697,0.2233,0.32,0.3973,0.596,0.298,0.88,0.4472,0.7273,0.3229,0.4,0.4604,0.6465,0.3575,0.56,0.4604,0.6465,0.3575,0.56
2467966 Erio o Kamattechan - Os-Uchuujin (Asterisk Makina Remix) [Inner Oni],2129,10,0.7875,0.7581,0.8193,0.76,0.7579,0.7816,0.7356,0.2,0.6897,0.6717,0.7086,0.16,0.7548,0.7727,0.7377,0.72,0.7165,0.713,0.7201,0.2,0.7579,0.7816,0.7356,0.2,0.7579,0.7816,0.7356,0.2
2473104 rejection - Aimai Attitude (feat. Nakamura Sanso) [Attitude],1882,10,0.7715,0.8092,0.7372,0.84,0.8174,0.7896,0.8472,0.32,0.7724,0.779,0.7659,0.24,0.7559,0.8597,0.6744,0.08,0.7819,0.7609,0.804,0.28,0.8174,0.7896,0.8472,0.32,0.8174,0.7896,0.8472,0.32
2473890 BiBi - PSYCHIC FIRE (GAME VER.) [EASY],189,10,0.5114,0.6508,0.4212,0.92,0.5535,0.7937,0.4249,0.52,0.4688,0.7143,0.3488,0.44,0.4739,0.746,0.3473,0.88,0.5444,0.7778,0.4188,0.48,0.5535,0.7937,0.4249,0.52,0.5535,0.7937,0.4249,0.52
2473890 BiBi - PSYCHIC FIRE (GAME VER.) [HARD],486,10,0.726,0.8642,0.6259,0.84,0.8224,0.8765,0.7745,0.36,0.7516,0.8251,0.6902,0.32,0.7043,0.7695,0.6493,0.84,0.7624,0.7757,0.7495,0.36,0.8224,0.8765,0.7745,0.36,0.8224,0.8765,0.7745,0.36
2473890 BiBi - PSYCHIC FIRE (GAME VER.) [MASTER],703,10,0.7882,0.8393,0.7431,0.8,0.8131,0.8108,0.8155,0.28,0.7325,0.7127,0.7534,0.28,0.765,0.8151,0.7208,0.76,0.7262,0.6999,0.7546,0.28,0.8131,0.8108,0.8155,0.28,0.8131,0.8108,0.8155,0.28
2473890 BiBi - PSYCHIC FIRE (GAME VER.) [NORMAL],354,10,0.6445,0.7684,0.5551,0.88,0.7721,0.8757,0.6904,0.44,0.6854,0.8277,0.5848,0.36,0.6129,0.8051,0.4948,0.84,0.7175,0.7571,0.6819,0.44,0.7721,0.8757,0.6904,0.44,0.7721,0.8757,0.6904,0.44
2473890 BiBi - PSYCHIC FIRE (GAME VER.) [miyagishima's EXPERT],582,10,0.7454,0.8024,0.696,0.84,0.8163,0.7938,0.84,0.36,0.7463,0.7457,0.747,0.32,0.7285,0.8024,0.6671,0.8,0.7336,0.6838,0.7913,0.36,0.8163,0.7938,0.84,0.36,0.8163,0.7938,0.84,0.36
2481897 ILLIT - NOT CUTE ANYMORE (Sped Up Ver.) [FUTSUU],268,10,0.763,0.9552,0.6352,0.72,0.7704,0.9328,0.6562,0.44,0.7216,0.9478,0.5826,0.24,0.7067,0.9664,0.557,0.48,0.762,0.944,0.6389,0.32,0.7704,0.9328,0.6562,0.44,0.7704,0.9328,0.6562,0.44
2481897 ILLIT - NOT CUTE ANYMORE (Sped Up Ver.) [KANTAN],127,10,0.4831,0.4488,0.5229,0.96,0.4816,0.9291,0.3251,0.48,0.4453,0.8976,0.2961,0.32,0.4538,0.4252,0.4865,0.96,0.4778,0.8898,0.3266,0.44,0.4816,0.9291,0.3251,0.48,0.4816,0.9291,0.3251,0.48
2481897 ILLIT - NOT CUTE ANYMORE (Sped Up Ver.) [MUZUKASHII],351,10,0.8011,0.8604,0.7494,0.72,0.8,0.8889,0.7273,0.32,0.7598,0.8519,0.6858,0.24,0.7549,0.8775,0.6624,0.48,0.7937,0.8604,0.7366,0.28,0.8,0.8889,0.7273,0.32,0.8,0.8889,0.7273,0.32
2481897 ILLIT - NOT CUTE ANYMORE (Sped Up Ver.) [ONI],451,10,0.8033,0.7605,0.8511,0.72,0.7892,0.7761,0.8028,0.28,0.7463,0.7339,0.7592,0.24,0.7707,0.7827,0.7591,0.48,0.7735,0.7494,0.7991,0.24,0.7892,0.7761,0.8028,0.28,0.7892,0.7761,0.8028,0.28
2482916 DJ Raisei - Sekai kara ____ ga Kieru Toki [Oni],1915,10,0.756,0.7629,0.7492,0.76,0.7687,0.7013,0.8505,0.28,0.6226,0.6836,0.5716,0.24,0.7328,0.7582,0.709,0.68,0.7541,0.7389,0.7699,0.2,0.7687,0.7013,0.8505,0.28,0.7687,0.7013,0.8505,0.28
2487217 xi - XaleidoscopiX [Despair],2524,10,0.8202,0.8027,0.8386,0.88,0.7832,0.8031,0.7643,0.32,0.7413,0.7868,0.7008,0.28,0.8002,0.7995,0.8008,0.88,0.7284,0.7413,0.716,0.32,0.7832,0.8031,0.7643,0.32,0.7832,0.8031,0.7643,0.32
2490957 HATSUBOSHI GAKUEN - Happy Millefeuille (Game Ver.) [Chocolate from Hiro],545,10,0.7766,0.8422,0.7206,0.6,0.779,0.8018,0.7574,0.16,0.7047,0.6917,0.7181,0.12,0.7571,0.8349,0.6925,0.48,0.7299,0.6991,0.7635,0.16,0.779,0.8018,0.7574,0.16,0.779,0.8018,0.7574,0.16
2490957 HATSUBOSHI GAKUEN - Happy Millefeuille (Game Ver.) [Chocolate from Rinami],510,10,0.7637,0.849,0.6939,0.64,0.7774,0.7706,0.7844,0.2,0.7072,0.7176,0.6971,0.12,0.7455,0.8529,0.6621,0.48,0.7354,0.7275,0.7435,0.16,0.7774,0.7706,0.7844,0.2,0.7774,0.7706,0.7844,0.2
2490957 HATSUBOSHI GAKUEN - Happy Millefeuille (Game Ver.) [Chocolate from Sena],549,10,0.7993,0.8634,0.7441,0.6,0.8114,0.776,0.8503,0.2,0.7356,0.7195,0.7524,0.12,0.7861,0.8634,0.7215,0.48,0.771,0.7359,0.8096,0.16,0.8114,0.776,0.8503,0.2,0.8114,0.776,0.8503,0.2
2490957 HATSUBOSHI GAKUEN - Happy Millefeuille (Game Ver.) [Futsuu],241,10,0.6212,0.7552,0.5275,0.88,0.7319,0.8382,0.6495,0.36,0.6282,0.8589,0.4952,0.16,0.6,0.6971,0.5266,0.88,0.6809,0.7925,0.5969,0.28,0.7319,0.8382,0.6495,0.36,0.7319,0.8382,0.6495,0.36
2490957 HATSUBOSHI GAKUEN - Happy Millefeuille (Game Ver.) [Muzukashii],322,10,0.6658,0.7919,0.5743,0.84,0.7855,0.8758,0.7121,0.28,0.6919,0.9099,0.5581,0.12,0.622,0.7919,0.512,0.8,0.7314,0.8416,0.6468,0.2,0.7855,0.8758,0.7121,0.28,0.7855,0.8758,0.7121,0.28
2490957 HATSUBOSHI GAKUEN - Happy Millefeuille (Game Ver.) [Oni],412,10,0.7375,0.9272,0.6122,0.64,0.83,0.8592,0.8027,0.24,0.7471,0.8495,0.6667,0.12,0.7026,0.8859,0.5821,0.6,0.7728,0.8544,0.7054,0.16,0.83,0.8592,0.8027,0.24,0.83,0.8592,0.8027,0.24
2491986 t+pazolite - Gumbarlzo! [Go for it!],2884,10,0.7801,0.7899,0.7706,0.76,0.7283,0.7334,0.7233,0.28,0.6356,0.654,0.6182,0.24,0.7819,0.8166,0.75,0.68,0.7013,0.7309,0.6739,0.24,0.7283,0.7334,0.7233,0.28,0.7283,0.7334,0.7233,0.28
2494837 Harucha - Prism [Promise],972,10,0.76,0.8179,0.7098,0.64,0.8138,0.8344,0.7943,0.28,0.6312,0.6718,0.5953,0.24,0.7533,0.8436,0.6805,0.44,0.754,0.7459,0.7624,0.28,0.8138,0.8344,0.7943,0.28,0.8138,0.8344,0.7943,0.28
2497821 Temari Tsukimura (CV_ Nao Ojika) - Ittai itsukara [This is me],1549,10,0.7559,0.8386,0.688,0.68,0.7443,0.8186,0.6825,0.24,0.6058,0.6998,0.534,0.16,0.7076,0.7476,0.6717,0.64,0.6794,0.7011,0.659,0.24,0.7443,0.8186,0.6825,0.24,0.7443,0.8186,0.6825,0.24
2501801 JOYLESS - PRESS START [FUTSUU],257,10,0.468,0.7549,0.3392,0.8,0.6865,0.7626,0.6242,0.44,0.4419,0.7549,0.3124,0.24,0.4181,0.6654,0.3048,0.68,0.5743,0.6615,0.5075,0.4,0.6865,0.7626,0.6242,0.44,0.6865,0.7626,0.6242,0.44
2501801 JOYLESS - PRESS START [INNER ONI],542,10,0.6804,0.6993,0.6626,0.8,0.7129,0.8339,0.6226,0.28,0.5173,0.7841,0.386,0.16,0.6328,0.6439,0.6221,0.68,0.6174,0.7399,0.5297,0.28,0.7129,0.8339,0.6226,0.28,0.7129,0.8339,0.6226,0.28
2501801 JOYLESS - PRESS START [KANTAN],144,10,0.2989,0.7431,0.1871,0.8,0.5591,0.7222,0.4561,0.52,0.334,0.6042,0.2308,0.32,0.261,0.6389,0.164,0.68,0.5101,0.5278,0.4935,0.56,0.5591,0.7222,0.4561,0.52,0.5591,0.7222,0.4561,0.52
2501801 JOYLESS - PRESS START [MUZUKASHII],361,10,0.5766,0.7452,0.4703,0.8,0.7304,0.7618,0.7015,0.4,0.4929,0.6704,0.3897,0.24,0.5141,0.6565,0.4225,0.68,0.6291,0.6953,0.5744,0.36,0.7304,0.7618,0.7015,0.4,0.7304,0.7618,0.7015,0.4
2501801 JOYLESS - PRESS START [ONI],441,10,0.616,0.7075,0.5455,0.8,0.6862,0.7982,0.6017,0.32,0.48,0.6939,0.3669,0.2,0.5531,0.644,0.4846,0.64,0.5951,0.6848,0.5261,0.32,0.6862,0.7982,0.6017,0.32,0.6862,0.7982,0.6017,0.32
720771 fripSide - fortuna on the Sixteenth night (Game Ver.) [Futsuu],268,10,0.4936,0.6455,0.3995,0.88,0.6655,0.7201,0.6186,0.56,0.5701,0.6754,0.4932,0.36,0.438,0.5336,0.3714,0.88,0.6413,0.7537,0.558,0.48,0.6655,0.7201,0.6186,0.56,0.6655,0.7201,0.6186,0.56
720771 fripSide - fortuna on the Sixteenth night (Game Ver.) [Inner Oni],667,10,0.7323,0.8141,0.6654,0.6,0.7857,0.7916,0.7799,0.28,0.6749,0.7391,0.6209,0.2,0.7056,0.7886,0.6383,0.44,0.7432,0.7376,0.7489,0.28,0.7857,0.7916,0.7799,0.28,0.7857,0.7916,0.7799,0.28
720771 fripSide - fortuna on the Sixteenth night (Game Ver.) [Kantan],176,10,0.4328,0.5398,0.3612,0.92,0.6998,0.8409,0.5992,0.64,0.5714,0.7841,0.4495,0.4,0.3209,0.5114,0.2338,0.88,0.619,0.7386,0.5328,0.6,0.6998,0.8409,0.5992,0.64,0.6998,0.8409,0.5992,0.64
720771 fripSide - fortuna on the Sixteenth night (Game Ver.) [Muzukashii],407,10,0.6167,0.6364,0.5982,0.88,0.766,0.8968,0.6685,0.36,0.6426,0.7445,0.5653,0.28,0.5587,0.801,0.4289,0.72,0.7377,0.9017,0.6241,0.32,0.766,0.8968,0.6685,0.36,0.766,0.8968,0.6685,0.36
720771 fripSide - fortuna on the Sixteenth night (Game Ver.) [Oni],528,10,0.6562,0.8352,0.5404,0.6,0.797,0.8106,0.7839,0.36,0.6701,0.7462,0.608,0.24,0.6361,0.8144,0.5218,0.44,0.767,0.8106,0.7279,0.32,0.797,0.8106,0.7839,0.36,0.797,0.8106,0.7839,0.36
855548 Porno Graffitti - Neo Melo Dramatic (Short Ver.) [Cry's Muzukashii],333,10,0.5681,0.7327,0.4639,0.76,0.7252,0.8559,0.6291,0.32,0.6743,0.8799,0.5466,0.2,0.5198,0.8078,0.3832,0.4,0.6829,0.8018,0.5947,0.28,0.7252,0.8559,0.6291,0.32,0.7252,0.8559,0.6291,0.32
855548 Porno Graffitti - Neo Melo Dramatic (Short Ver.) [FG84's Futsuu],219,10,0.5352,0.7123,0.4286,0.84,0.6395,0.8584,0.5095,0.4,0.5556,0.8904,0.4037,0.24,0.4852,0.5616,0.4271,0.84,0.6151,0.8174,0.4931,0.36,0.6395,0.8584,0.5095,0.4,0.6395,0.8584,0.5095,0.4
855548 Porno Graffitti - Neo Melo Dramatic (Short Ver.) [Kantan],103,10,0.3438,0.3204,0.3708,0.96,0.37,0.767,0.2438,0.44,0.2973,0.9223,0.1772,0.2,0.3241,0.3398,0.3097,0.92,0.3562,0.8058,0.2287,0.36,0.37,0.767,0.2438,0.44,0.37,0.767,0.2438,0.44
855548 Porno Graffitti - Neo Melo Dramatic (Short Ver.) [Oni],425,10,0.6831,0.8471,0.5723,0.68,0.8096,0.8706,0.7566,0.28,0.7492,0.8471,0.6716,0.2,0.6335,0.7482,0.5492,0.6,0.7681,0.8376,0.7092,0.24,0.8096,0.8706,0.7566,0.28,0.8096,0.8706,0.7566,0.28
971856 Silentroom - Nhelv [Inner Oni],2206,10,0.7266,0.7824,0.6782,0.8,0.7945,0.8554,0.7417,0.24,0.6818,0.6727,0.6912,0.24,0.7276,0.7951,0.6707,0.72,0.7665,0.7706,0.7623,0.2,0.7945,0.8554,0.7417,0.24,0.7945,0.8554,0.7417,0.24
971856 Silentroom - Nhelv [Possession],2376,10,0.7251,0.7508,0.701,0.8,0.7996,0.8279,0.7732,0.24,0.6845,0.6515,0.721,0.24,0.7277,0.7643,0.6945,0.72,0.7699,0.8359,0.7136,0.16,0.7996,0.8279,0.7732,0.24,0.7996,0.8279,0.7732,0.24
