{
  "z_correlations": {
    "density": {
      "r": -0.1815418863826046,
      "p": 0.0905009996565644,
      "n": 88
    },
    "density_cv": {
      "r": -0.06678709716534098,
      "p": 0.5364097272612045,
      "n": 88
    },
    "density_std": {
      "r": -0.19750395482298078,
      "p": 0.06511412215637492,
      "n": 88
    },
    "dominant_gap_pct": {
      "r": -0.27236767606526113,
      "p": 0.010251318266851809,
      "n": 88
    },
    "energy_gap_corr": {
      "r": 0.07825041770261687,
      "p": 0.46865418192752417,
      "n": 88
    },
    "energy_ratio": {
      "r": -0.03735292799241221,
      "p": 0.7297094859205592,
      "n": 88
    },
    "gap_autocorr": {
      "r": 0.1244527174402489,
      "p": 0.24797780292436805,
      "n": 88
    },
    "gap_cv": {
      "r": 0.2886829936926372,
      "p": 0.006377788980397891,
      "n": 88
    },
    "gap_entropy": {
      "r": 0.19368294893961477,
      "p": 0.07059234855859622,
      "n": 88
    },
    "gap_mean": {
      "r": 0.1643855234463419,
      "p": 0.12590397400253894,
      "n": 88
    },
    "gap_median": {
      "r": 0.12528942074251057,
      "p": 0.2447874424307674,
      "n": 88
    },
    "gap_std": {
      "r": 0.2993078477125095,
      "p": 0.004613342729543739,
      "n": 88
    },
    "max_metro_streak": {
      "r": -0.2689775005062616,
      "p": 0.011275584076496535,
      "n": 88
    },
    "max_metro_streak_pct": {
      "r": -0.26627081388339063,
      "p": 0.012156345810544044,
      "n": 88
    },
    "n_events": {
      "r": -0.16164328750901438,
      "p": 0.13243190333369192,
      "n": 88
    },
    "n_unique_gaps": {
      "r": 0.049017429235280435,
      "p": 0.6501726585054584,
      "n": 88
    },
    "onset_energy_mean": {
      "r": -0.045617011914375165,
      "p": 0.6730055113743438,
      "n": 88
    },
    "pattern_change_rate": {
      "r": 0.11952136548119627,
      "p": 0.26736120412036346,
      "n": 88
    },
    "peak_dist_mean": {
      "r": 0.0553620489285483,
      "p": 0.6084343848280677,
      "n": 88
    },
    "peak_dist_median": {
      "r": -0.004969825939680997,
      "p": 0.9633462970602987,
      "n": 88
    },
    "random_energy_mean": {
      "r": -0.055306468083071485,
      "p": 0.6087948941321396,
      "n": 88
    },
    "top3_gap_pct": {
      "r": -0.11679714632555407,
      "p": 0.2784967452157775,
      "n": 88
    }
  },
  "delta_correlations": {
    "density": {
      "r": -0.019078661317450837,
      "p": 0.840325033248128,
      "n": 114
    },
    "density_cv": {
      "r": -0.031206394048095554,
      "p": 0.74170115745967,
      "n": 114
    },
    "density_std": {
      "r": -0.06731665001803469,
      "p": 0.4766927384633184,
      "n": 114
    },
    "dominant_gap_pct": {
      "r": -0.11140136790726124,
      "p": 0.23799633144921228,
      "n": 114
    },
    "energy_gap_corr": {
      "r": -0.02068902042722137,
      "p": 0.8270495057950643,
      "n": 114
    },
    "energy_ratio": {
      "r": 0.05651268706406576,
      "p": 0.5503616985628463,
      "n": 114
    },
    "gap_autocorr": {
      "r": 0.026288885015152218,
      "p": 0.7812863372335872,
      "n": 114
    },
    "gap_cv": {
      "r": 0.09374655518121766,
      "p": 0.32115108153033345,
      "n": 114
    },
    "gap_entropy": {
      "r": -0.010016979547216679,
      "p": 0.9157600469043472,
      "n": 114
    },
    "gap_mean": {
      "r": 0.01866469894742508,
      "p": 0.8437450785784338,
      "n": 114
    },
    "gap_median": {
      "r": 0.06544679840632203,
      "p": 0.48904923247186033,
      "n": 114
    },
    "gap_std": {
      "r": 0.05572570365731348,
      "p": 0.5559361149133902,
      "n": 114
    },
    "max_metro_streak": {
      "r": -0.0965177253189871,
      "p": 0.3069903569432673,
      "n": 114
    },
    "max_metro_streak_pct": {
      "r": -0.05664915817506326,
      "p": 0.549397806450953,
      "n": 114
    },
    "n_events": {
      "r": -0.019879774985413757,
      "p": 0.8337149413516725,
      "n": 114
    },
    "n_unique_gaps": {
      "r": -0.05481478250276344,
      "p": 0.562422162521507,
      "n": 114
    },
    "onset_energy_mean": {
      "r": 0.037192926783852664,
      "p": 0.6944145009030827,
      "n": 114
    },
    "pattern_change_rate": {
      "r": 0.008285475258224874,
      "p": 0.9302810595406587,
      "n": 114
    },
    "peak_dist_mean": {
      "r": -0.03645598278446615,
      "p": 0.7001768638746341,
      "n": 114
    },
    "peak_dist_median": {
      "r": -0.067254452910131,
      "p": 0.4771010233135288,
      "n": 114
    },
    "random_energy_mean": {
      "r": -0.028317755531981754,
      "p": 0.7648799349518794,
      "n": 114
    },
    "top3_gap_pct": {
      "r": 0.01513464620962302,
      "p": 0.8730212296813759,
      "n": 114
    }
  },
  "n_data_points": 94,
  "n_pairwise": 114
}