{
  "streak_bins": [
    1,
    2,
    3,
    5,
    8,
    10,
    16
  ],
  "ratio_bins": [
    0.125,
    0.16666666666666666,
    0.25,
    0.3333333333333333,
    0.5,
    1.0,
    2.0,
    3.0,
    4.0,
    6.0,
    8.0
  ],
  "ratio_labels": [
    "1/8",
    "1/6",
    "1/4",
    "1/3",
    "1/2",
    "1/1",
    "2/1",
    "3/1",
    "4/1",
    "6/1",
    "8/1"
  ],
  "matrix": [
    [
      6130,
      7964,
      46562,
      75982,
      499734,
      1697473,
      382484,
      45676,
      23243,
      4171,
      3955
    ],
    [
      336,
      387,
      5682,
      6108,
      216957,
      566605,
      330258,
      13602,
      19681,
      1999,
      1687
    ],
    [
      126,
      177,
      2893,
      2418,
      143347,
      388832,
      139321,
      13851,
      9844,
      1212,
      1334
    ],
    [
      46,
      32,
      437,
      501,
      23374,
      134904,
      31792,
      3054,
      1657,
      371,
      424
    ],
    [
      13,
      10,
      80,
      89,
      2956,
      31918,
      4802,
      498,
      492,
      67,
      192
    ],
    [
      9,
      3,
      73,
      75,
      2035,
      43895,
      4232,
      323,
      444,
      81,
      77
    ],
    [
      1,
      5,
      28,
      20,
      1042,
      45859,
      1185,
      133,
      208,
      32,
      79
    ]
  ],
  "total_classified": 4997579,
  "stop_count": 15866,
  "unclassified": 235450
}