{
  "density": {
    "r": -0.026382905087151645,
    "p": 0.807232896356301,
    "n": 88
  },
  "density_cv": {
    "r": -0.01151852405052359,
    "p": 0.9151762353593982,
    "n": 88
  },
  "density_std": {
    "r": -0.10664690601064143,
    "p": 0.32268463371659034,
    "n": 88
  },
  "dominant_gap_pct": {
    "r": -0.13557119973751178,
    "p": 0.2078822562214945,
    "n": 88
  },
  "energy_gap_corr": {
    "r": -0.05300349400391727,
    "p": 0.6238137375872769,
    "n": 88
  },
  "energy_ratio": {
    "r": 0.044209192308200064,
    "p": 0.682547522816669,
    "n": 88
  },
  "gap_autocorr": {
    "r": 0.09589628356348608,
    "p": 0.37412401997500844,
    "n": 88
  },
  "gap_cv": {
    "r": 0.015376315438873552,
    "p": 0.8869310440723516,
    "n": 88
  },
  "gap_entropy": {
    "r": 0.02029454237473204,
    "p": 0.8511299460664233,
    "n": 88
  },
  "gap_mean": {
    "r": 0.026382905087151645,
    "p": 0.807232896356301,
    "n": 88
  },
  "gap_median": {
    "r": 0.05466040714881281,
    "p": 0.6129922174478055,
    "n": 88
  },
  "gap_std": {
    "r": 0.03382423729122007,
    "p": 0.7543929730773085,
    "n": 88
  },
  "max_metro_streak": {
    "r": -0.1535558154171986,
    "p": 0.15318495689406497,
    "n": 88
  },
  "max_metro_streak_pct": {
    "r": -0.12531422832109312,
    "p": 0.24469328481754518,
    "n": 88
  },
  "n_events": {
    "r": -0.14488254061374428,
    "p": 0.17804344427484237,
    "n": 88
  },
  "n_unique_gaps": {
    "r": -0.021642063872452905,
    "p": 0.8413702033086338,
    "n": 88
  },
  "onset_energy_mean": {
    "r": -0.0007861849748770068,
    "p": 0.9941997353037163,
    "n": 88
  },
  "pattern_change_rate": {
    "r": 0.04301703636961218,
    "p": 0.6906670354242209,
    "n": 88
  },
  "peak_dist_mean": {
    "r": -0.0008958852039296125,
    "p": 0.9933904131183992,
    "n": 88
  },
  "peak_dist_median": {
    "r": 0.006432617534577137,
    "p": 0.9525689181843119,
    "n": 88
  },
  "random_energy_mean": {
    "r": -0.01998372505908299,
    "p": 0.8533843533550894,
    "n": 88
  },
  "top3_gap_pct": {
    "r": -0.009434219698524083,
    "p": 0.9304828571787401,
    "n": 88
  }
}