{
  "S1_MAX": {
    "label": "S1_MAX",
    "n_samples": 589688,
    "both_correct": 41453,
    "s1_only": 17497,
    "s2_only": 376326,
    "neither": 154412,
    "both_pct": 0.07029649577403643,
    "s1_only_pct": 0.029671622959938138,
    "s2_only_pct": 0.6381781552278493,
    "neither_pct": 0.26185372603817614,
    "s1_hit": 0.09996811873397457,
    "s2_hit": 0.7084746510018858,
    "union_hit": 0.7381462739618239,
    "theoretical_ceiling": 0.7381462739618239
  },
  "S1_FIRST_0.3": {
    "label": "S1_FIRST_0.3",
    "n_samples": 589688,
    "both_correct": 0,
    "s1_only": 0,
    "s2_only": 417779,
    "neither": 171909,
    "both_pct": 0.0,
    "s1_only_pct": 0.0,
    "s2_only_pct": 0.7084746510018858,
    "neither_pct": 0.2915253489981143,
    "s1_hit": 0.0,
    "s2_hit": 0.7084746510018858,
    "union_hit": 0.7084746510018858,
    "theoretical_ceiling": 0.7084746510018858
  },
  "S1_ORACLE_0.3": {
    "label": "S1_ORACLE_0.3",
    "n_samples": 589688,
    "both_correct": 318156,
    "s1_only": 130357,
    "s2_only": 99623,
    "neither": 41552,
    "both_pct": 0.5395327698715253,
    "s1_only_pct": 0.22106096783383755,
    "s2_only_pct": 0.16894188113036046,
    "neither_pct": 0.0704643811642767,
    "s1_hit": 0.7605937377053629,
    "s2_hit": 0.7084746510018858,
    "union_hit": 0.9295356188357233,
    "theoretical_ceiling": 0.9295356188357233
  },
  "S1_FIRST_0.4": {
    "label": "S1_FIRST_0.4",
    "n_samples": 589688,
    "both_correct": 1040,
    "s1_only": 460,
    "s2_only": 416739,
    "neither": 171449,
    "both_pct": 0.0017636445035340723,
    "s1_only_pct": 0.0007800735304093012,
    "s2_only_pct": 0.7067110064983517,
    "neither_pct": 0.29074527546770496,
    "s1_hit": 0.0025437180339433737,
    "s2_hit": 0.7084746510018858,
    "union_hit": 0.709254724532295,
    "theoretical_ceiling": 0.709254724532295
  },
  "S1_ORACLE_0.4": {
    "label": "S1_ORACLE_0.4",
    "n_samples": 589688,
    "both_correct": 302778,
    "s1_only": 117363,
    "s2_only": 115001,
    "neither": 54546,
    "both_pct": 0.5134545725875378,
    "s1_only_pct": 0.19902558641179743,
    "s2_only_pct": 0.19502007841434793,
    "neither_pct": 0.09249976258631683,
    "s1_hit": 0.7124801589993353,
    "s2_hit": 0.7084746510018858,
    "union_hit": 0.9075002374136831,
    "theoretical_ceiling": 0.9075002374136831
  },
  "S1_FIRST_0.5": {
    "label": "S1_FIRST_0.5",
    "n_samples": 589688,
    "both_correct": 23064,
    "s1_only": 9735,
    "s2_only": 394715,
    "neither": 162174,
    "both_pct": 0.03911220848991331,
    "s1_only_pct": 0.016508730040292494,
    "s2_only_pct": 0.6693624425119724,
    "neither_pct": 0.27501661895782176,
    "s1_hit": 0.055620938530205805,
    "s2_hit": 0.7084746510018858,
    "union_hit": 0.7249833810421782,
    "theoretical_ceiling": 0.7249833810421782
  },
  "S1_ORACLE_0.5": {
    "label": "S1_ORACLE_0.5",
    "n_samples": 589688,
    "both_correct": 255634,
    "s1_only": 90910,
    "s2_only": 162145,
    "neither": 80999,
    "both_pct": 0.43350721059272024,
    "s1_only_pct": 0.1541662709771947,
    "s2_only_pct": 0.27496744040916554,
    "neither_pct": 0.13735907802091954,
    "s1_hit": 0.587673481569915,
    "s2_hit": 0.7084746510018858,
    "union_hit": 0.8626409219790805,
    "theoretical_ceiling": 0.8626409219790805
  },
  "S1_FIRST_0.6": {
    "label": "S1_FIRST_0.6",
    "n_samples": 589688,
    "both_correct": 55735,
    "s1_only": 20478,
    "s2_only": 362044,
    "neither": 151431,
    "both_pct": 0.09451608308122261,
    "s1_only_pct": 0.03472683859939493,
    "s2_only_pct": 0.6139585679206632,
    "neither_pct": 0.2567985103987193,
    "s1_hit": 0.12924292168061755,
    "s2_hit": 0.7084746510018858,
    "union_hit": 0.7432014896012806,
    "theoretical_ceiling": 0.7432014896012806
  },
  "S1_ORACLE_0.6": {
    "label": "S1_ORACLE_0.6",
    "n_samples": 589688,
    "both_correct": 162149,
    "s1_only": 54019,
    "s2_only": 255630,
    "neither": 117890,
    "both_pct": 0.27497422365725604,
    "s1_only_pct": 0.09160606965039139,
    "s2_only_pct": 0.4335004273446297,
    "neither_pct": 0.19991927934772286,
    "s1_hit": 0.3665802933076474,
    "s2_hit": 0.7084746510018858,
    "union_hit": 0.8000807206522771,
    "theoretical_ceiling": 0.8000807206522771
  },
  "S1_FIRST_0.7": {
    "label": "S1_FIRST_0.7",
    "n_samples": 589688,
    "both_correct": 35241,
    "s1_only": 11157,
    "s2_only": 382538,
    "neither": 160752,
    "both_pct": 0.059762111489465614,
    "s1_only_pct": 0.018920174736470813,
    "s2_only_pct": 0.6487125395124201,
    "neither_pct": 0.27260517426164343,
    "s1_hit": 0.07868228622593643,
    "s2_hit": 0.7084746510018858,
    "union_hit": 0.7273948257383566,
    "theoretical_ceiling": 0.7273948257383566
  },
  "S1_ORACLE_0.7": {
    "label": "S1_ORACLE_0.7",
    "n_samples": 589688,
    "both_correct": 50724,
    "s1_only": 15588,
    "s2_only": 367055,
    "neither": 156321,
    "both_pct": 0.08601836903582911,
    "s1_only_pct": 0.026434317808739536,
    "s2_only_pct": 0.6224562819660566,
    "neither_pct": 0.2650910311893747,
    "s1_hit": 0.11245268684456865,
    "s2_hit": 0.7084746510018858,
    "union_hit": 0.7349089688106253,
    "theoretical_ceiling": 0.7349089688106253
  },
  "S1_FIRST_0.8": {
    "label": "S1_FIRST_0.8",
    "n_samples": 589688,
    "both_correct": 4580,
    "s1_only": 1586,
    "s2_only": 413199,
    "neither": 170323,
    "both_pct": 0.0077668190636404335,
    "s1_only_pct": 0.0026895578678894604,
    "s2_only_pct": 0.7007078319382453,
    "neither_pct": 0.2888357911302248,
    "s1_hit": 0.010456376931529893,
    "s2_hit": 0.7084746510018858,
    "union_hit": 0.7111642088697752,
    "theoretical_ceiling": 0.7111642088697752
  },
  "S1_ORACLE_0.8": {
    "label": "S1_ORACLE_0.8",
    "n_samples": 589688,
    "both_correct": 4896,
    "s1_only": 1786,
    "s2_only": 412883,
    "neither": 170123,
    "both_pct": 0.008302695662791171,
    "s1_only_pct": 0.0030287202724152435,
    "s2_only_pct": 0.7001719553390946,
    "neither_pct": 0.28849662872569903,
    "s1_hit": 0.011331415935206415,
    "s2_hit": 0.7084746510018858,
    "union_hit": 0.711503371274301,
    "theoretical_ceiling": 0.711503371274301
  }
}