chart_id,n_gt,density_mean,star_rating,energy_caught,energy_n_pred,energy_n_tp,hfc_mel_caught,hfc_mel_n_pred,hfc_mel_n_tp,log_filtered_flux_caught,log_filtered_flux_n_pred,log_filtered_flux_n_tp,spectral_flux_caught,spectral_flux_n_pred,spectral_flux_n_tp,subband_sf_4_caught,subband_sf_4_n_pred,subband_sf_4_n_tp,subband_sf_8_caught,subband_sf_8_n_pred,subband_sf_8_n_tp,superflux_caught,superflux_n_pred,superflux_n_tp
1043364 ICHIKO - I SAY YES (TV Size) [Futsuu],238,2.766,2.009,186,498,186,196,574,196,229,629,229,234,493,234,234,493,234,234,493,234,227,537,227
1043364 ICHIKO - I SAY YES (TV Size) [Kantan],150,1.765,1.4304,124,498,124,123,574,123,142,629,142,141,493,141,141,493,141,141,493,141,127,537,127
1043364 ICHIKO - I SAY YES (TV Size) [Muzukashii],353,4.102,3.1381,279,498,279,291,574,291,310,629,310,318,493,318,318,493,318,318,493,318,298,537,298
1043364 ICHIKO - I SAY YES (TV Size) [Oni],425,4.939,3.8567,326,498,326,343,574,343,342,629,342,355,493,355,355,493,355,355,493,355,323,537,323
1202956 HyuN - Fuyu no Hime [Snow Princess],1161,8.586,6.4164,793,896,793,850,999,850,480,651,480,850,941,850,850,941,850,850,941,850,851,999,851
1202956 HyuN - Fuyu no Hime [Vulkin's Muzukashii],626,4.547,3.6893,450,896,450,475,999,475,337,651,337,566,941,566,566,941,566,566,941,566,568,999,568
1202956 HyuN - Fuyu no Hime [iceOC's Futsuu],356,2.586,2.3366,250,896,250,264,999,264,214,651,214,337,941,337,337,941,337,337,941,337,338,999,338
1202956 HyuN - Fuyu no Hime [komasy's Oni],834,6.167,4.6788,589,896,589,628,999,628,418,651,418,726,941,726,726,941,726,726,941,726,734,999,734
1295573 Kano - Chikyuu Saigo no Kokuhaku o [Confession],739,2.848,2.4513,396,583,396,396,593,396,657,1456,657,600,929,600,600,929,600,600,929,600,506,866,506
1295573 Kano - Chikyuu Saigo no Kokuhaku o [Futsuu],445,1.715,1.5444,271,583,271,269,593,269,407,1456,407,384,929,384,384,929,384,384,929,384,333,866,333
1295573 Kano - Chikyuu Saigo no Kokuhaku o [Muzukashii],631,2.432,2.0433,341,583,341,343,593,343,571,1456,571,530,929,530,530,929,530,530,929,530,465,866,465
1336266 Silentroom - Finixe [Futsuu],448,3.035,2.4994,410,1261,410,436,1606,436,431,1865,431,427,1058,427,427,1058,427,427,1058,427,428,1271,428
1336266 Silentroom - Finixe [Hell Oni],1434,9.719,7.3734,1031,1261,1031,1243,1606,1243,1083,1865,1083,951,1058,951,951,1058,951,951,1058,951,1028,1271,1028
1336266 Silentroom - Finixe [Inner Oni],1145,7.761,6.1006,918,1261,918,1040,1606,1040,938,1865,938,860,1058,860,860,1058,860,860,1058,860,894,1271,894
1336266 Silentroom - Finixe [Kantan],242,1.639,1.4822,221,1261,221,238,1606,238,235,1865,235,233,1058,233,233,1058,233,233,1058,233,235,1271,235
1336266 Silentroom - Finixe [Muzukashii],654,4.43,3.8238,593,1261,593,631,1606,631,613,1865,613,604,1058,604,604,1058,604,604,1058,604,604,1271,604
1336266 Silentroom - Finixe [Oni],854,5.785,4.9496,735,1261,735,802,1606,802,761,1865,761,727,1058,727,727,1058,727,727,1058,727,750,1271,750
1537528 Yunomi - Koi no Uta (feat. Yuzaki Tsukasa (CV_ Kito Akari)) (TV Size) [Futsuu],198,2.373,2.0357,93,176,93,69,173,69,173,645,173,179,423,179,179,423,179,179,423,179,167,414,167
1537528 Yunomi - Koi no Uta (feat. Yuzaki Tsukasa (CV_ Kito Akari)) (TV Size) [Inner Oni],452,5.417,4.7466,164,176,164,139,173,139,327,645,327,323,423,323,323,423,323,323,423,323,300,414,300
1537528 Yunomi - Koi no Uta (feat. Yuzaki Tsukasa (CV_ Kito Akari)) (TV Size) [Kantan],114,1.366,1.3326,57,176,57,39,173,39,102,645,102,106,423,106,106,423,106,106,423,106,101,414,101
1537528 Yunomi - Koi no Uta (feat. Yuzaki Tsukasa (CV_ Kito Akari)) (TV Size) [Muzukashii],298,3.572,3.1958,130,176,130,99,173,99,250,645,250,252,423,252,252,423,252,252,423,252,232,414,232
1537528 Yunomi - Koi no Uta (feat. Yuzaki Tsukasa (CV_ Kito Akari)) (TV Size) [Oni],382,4.578,3.8226,152,176,152,119,173,119,298,645,298,301,423,301,301,423,301,301,423,301,279,414,279
1619890 TWICE - HO! [Futsuu],590,3.178,2.259,406,730,406,349,934,349,415,711,415,507,751,507,507,751,507,507,751,507,439,679,439
1619890 TWICE - HO! [Kantan],313,1.686,1.3762,200,730,200,181,934,181,227,711,227,268,751,268,268,751,268,268,751,268,231,679,231
1619890 TWICE - HO! [Muzukashii],847,4.563,3.2004,522,730,522,471,934,471,539,711,539,642,751,642,642,751,642,642,751,642,554,679,554
1619890 TWICE - HO! [Oni],1154,6.217,4.103,612,730,612,598,934,598,578,711,578,692,751,692,692,751,692,692,751,692,595,679,595
1729664 Toyotomi Hideyoshi no Maizoukin - Kinsei no Ningen o Uchikorosu [Futsuu],318,3.034,2.3339,215,633,215,195,680,195,213,481,213,286,584,286,286,584,286,286,584,286,251,566,251
1729664 Toyotomi Hideyoshi no Maizoukin - Kinsei no Ningen o Uchikorosu [Kantan],169,1.613,1.3258,107,633,107,104,680,104,127,481,127,164,584,164,164,584,164,164,584,164,145,566,145
1729664 Toyotomi Hideyoshi no Maizoukin - Kinsei no Ningen o Uchikorosu [Korose!],623,5.945,5.1184,403,633,403,384,680,384,295,481,295,427,584,427,427,584,427,427,584,427,371,566,371
1729664 Toyotomi Hideyoshi no Maizoukin - Kinsei no Ningen o Uchikorosu [Muzukashii],427,4.074,3.4346,284,633,284,267,680,267,250,481,250,354,584,354,354,584,354,354,584,354,311,566,311
1729664 Toyotomi Hideyoshi no Maizoukin - Kinsei no Ningen o Uchikorosu [Oni],542,5.172,4.2462,358,633,358,337,680,337,288,481,288,412,584,412,412,584,412,412,584,412,355,566,355
1740643 MakSim - Doroga [Journey],1005,5.765,3.9336,656,962,656,661,991,661,554,993,554,558,721,558,558,721,558,558,721,558,532,788,532
1740643 MakSim - Doroga [Kantan],343,1.968,1.4658,279,962,279,266,991,266,315,993,315,325,721,325,325,721,325,325,721,325,315,788,315
1740643 MakSim - Doroga [Ryxliee & Froskya's Muzukashii],803,4.606,3.5608,554,962,554,562,991,562,498,993,498,510,721,510,510,721,510,510,721,510,482,788,482
1740643 MakSim - Doroga [Tachi's Futsuu],595,3.413,2.438,465,962,465,464,991,464,442,993,442,450,721,450,450,721,450,450,721,450,437,788,437
1773891 Takenoko boy feat. Hatsune Miku - Sou Datta!! [Futsuu!!],475,3.046,2.1658,408,1121,408,418,1224,418,321,618,321,403,698,403,403,698,403,403,698,403,355,628,355
1773891 Takenoko boy feat. Hatsune Miku - Sou Datta!! [Inner Oni!!],1246,7.99,5.1046,875,1121,875,917,1224,917,537,618,537,655,698,655,655,698,655,655,698,655,583,628,583
1773891 Takenoko boy feat. Hatsune Miku - Sou Datta!! [Kantan!!],277,1.776,1.4172,258,1121,258,270,1224,270,191,618,191,247,698,247,247,698,247,247,698,247,212,628,212
1773891 Takenoko boy feat. Hatsune Miku - Sou Datta!! [Muzukashii!!],764,4.899,3.4269,570,1121,570,586,1224,586,424,618,424,532,698,532,532,698,532,532,698,532,471,628,471
1773891 Takenoko boy feat. Hatsune Miku - Sou Datta!! [Oni!!],1016,6.515,4.409,730,1121,730,753,1224,753,518,618,518,631,698,631,631,698,631,631,698,631,560,628,560
1784717 Yuki Setsuna (CV_ Kusunoki Tomori) - CHASE! (Short Ver.) [Futsuu],338,2.956,2.2425,266,944,266,254,974,254,306,1088,306,326,792,326,326,792,326,326,792,326,310,1038,310
1784717 Yuki Setsuna (CV_ Kusunoki Tomori) - CHASE! (Short Ver.) [Kantan],172,1.502,1.321,136,944,136,123,974,123,160,1088,160,169,792,169,169,792,169,169,792,169,160,1038,160
1784717 Yuki Setsuna (CV_ Kusunoki Tomori) - CHASE! (Short Ver.) [Ph0eNiiXZ's Muzukashii],474,4.139,3.1316,386,944,386,373,974,373,400,1088,400,446,792,446,446,792,446,446,792,446,418,1038,418
1784717 Yuki Setsuna (CV_ Kusunoki Tomori) - CHASE! (Short Ver.) [Scarlet Oni],559,4.881,3.6879,450,944,450,439,974,439,438,1088,438,491,792,491,491,792,491,491,792,491,477,1038,477
"1819401 Yakushi Ruri - Gaman Dekinai no, Iwasete!! [Asa's Futsuu]",332,3.554,2.368,304,643,304,308,727,308,312,632,312,315,583,315,315,583,315,315,583,315,307,576,307
"1819401 Yakushi Ruri - Gaman Dekinai no, Iwasete!! [Little Oni]",709,7.591,5.3278,520,643,520,551,727,551,506,632,506,506,583,506,506,583,506,506,583,506,477,576,477
"1819401 Yakushi Ruri - Gaman Dekinai no, Iwasete!! [Muzukashii]",422,4.518,3.1515,370,643,370,383,727,383,380,632,380,387,583,387,387,583,387,387,583,387,370,576,370
"1819401 Yakushi Ruri - Gaman Dekinai no, Iwasete!! [Oni]",571,6.113,4.2207,462,643,462,481,727,481,458,632,458,463,583,463,463,583,463,463,583,463,438,576,438
"1819401 Yakushi Ruri - Gaman Dekinai no, Iwasete!! [Yui's Kantan]",168,1.799,1.3506,155,643,155,155,727,155,154,632,154,159,583,159,159,583,159,159,583,159,150,576,150
1826323 Josh A & Jake Hill - Worst Mistakes [Froskya's Thoughts],720,5.11,4.2452,266,284,266,292,306,292,546,887,546,512,653,512,512,653,512,512,653,512,486,645,486
1826323 Josh A & Jake Hill - Worst Mistakes [Muzukashii],472,3.35,2.907,230,284,230,225,306,225,423,887,423,410,653,410,410,653,410,410,653,410,394,645,394
1826323 Josh A & Jake Hill - Worst Mistakes [Oni],569,4.038,3.5294,250,284,250,254,306,254,477,887,477,457,653,457,457,653,457,457,653,457,435,645,435
1826323 Josh A & Jake Hill - Worst Mistakes [Stompy's Kantan],209,1.485,1.2844,113,284,113,124,306,124,196,887,196,189,653,189,189,653,189,189,653,189,185,645,185
1826323 Josh A & Jake Hill - Worst Mistakes [Tachi's Futsuu],361,2.562,2.1736,186,284,186,183,306,183,334,887,334,324,653,324,324,653,324,324,653,324,312,645,312
1828727 blobdash & Raphlesia - Recollection [Collab of Memories],2596,8.468,6.5767,1763,1920,1763,1796,2101,1796,1154,1477,1154,1655,1865,1655,1655,1865,1655,1655,1865,1655,1408,1597,1408
1830506 Mitsukiyo - Luminous memory [Muzukashii],585,4.372,3.4689,389,529,389,375,503,375,471,748,471,524,725,524,524,725,524,524,725,524,514,722,514
1830506 Mitsukiyo - Luminous memory [Ph0eNiiXZ's Oni],741,5.538,4.183,452,529,452,428,503,428,570,748,570,619,725,619,619,725,619,619,725,619,610,722,610
1830506 Mitsukiyo - Luminous memory [Share's Kantan],220,1.652,1.4571,166,529,166,163,503,163,201,748,201,216,725,216,216,725,216,216,725,216,214,722,214
1830506 Mitsukiyo - Luminous memory [Futsuu],353,2.638,2.0819,237,529,237,235,503,235,311,748,311,325,725,325,325,725,325,325,725,325,323,722,323
1908857 Ata - I'm Not Crazy [Psychedelic],3504,8.061,6.5558,3024,3739,3024,2923,3764,2923,1443,2134,1443,2064,2432,2064,2064,2432,2064,2064,2432,2064,1648,1898,1648
1920573 Masafumi Takada - Welcome DANGAN IsLand!! [Inner Oni],804,7.193,4.6931,627,744,627,664,853,664,622,800,622,595,634,595,595,634,595,595,634,595,574,648,574
1920573 Masafumi Takada - Welcome DANGAN IsLand!! [Muzukashii],478,4.277,3.0076,442,744,442,451,853,451,439,800,439,433,634,433,433,634,433,433,634,433,417,648,417
1920573 Masafumi Takada - Welcome DANGAN IsLand!! [Oni],586,5.243,3.3917,529,744,529,545,853,545,523,800,523,514,634,514,514,634,514,514,634,514,497,648,497
1920573 Masafumi Takada - Welcome DANGAN IsLand!! [Stefan's Futsuu],302,2.736,2.0155,296,744,296,297,853,297,295,800,295,295,634,295,295,634,295,295,634,295,284,648,284
1920573 Masafumi Takada - Welcome DANGAN IsLand!! [Stefan's Kantan],161,1.458,1.2271,160,744,160,159,853,159,157,800,157,158,634,158,158,634,158,158,634,158,155,648,155
1924665 Uchida Brothers - Oosanbashi (Irohachou) [Futsuu],252,2.6,2.0991,223,467,223,249,571,249,223,431,223,245,456,245,245,456,245,245,456,245,241,437,241
1924665 Uchida Brothers - Oosanbashi (Irohachou) [Kantan],162,1.671,1.3441,144,467,144,161,571,161,149,431,149,162,456,162,162,456,162,162,456,162,161,437,161
1924665 Uchida Brothers - Oosanbashi (Irohachou) [Maimai's Inner Oni],656,6.65,5.2768,437,467,437,529,571,529,377,431,377,430,456,430,430,456,430,430,456,430,400,437,400
1924665 Uchida Brothers - Oosanbashi (Irohachou) [Muzukashii],360,3.714,2.979,320,467,320,357,571,357,265,431,265,296,456,296,296,456,296,296,456,296,286,437,286
1924665 Uchida Brothers - Oosanbashi (Irohachou) [Oni],487,5.025,3.8764,407,467,407,469,571,469,339,431,339,379,456,379,379,456,379,379,456,379,358,437,358
1935971 55x55 - TIPA PRIVIDENIYE (feat. Utopia Show) (Cut Ver.) [FUTSUU],96,2.133,1.6238,79,204,79,69,157,69,84,283,84,85,238,85,85,238,85,85,238,85,81,208,81
1935971 55x55 - TIPA PRIVIDENIYE (feat. Utopia Show) (Cut Ver.) [KANTAN],58,1.289,0.976,44,204,44,37,157,37,54,283,54,55,238,55,55,238,55,55,238,55,52,208,52
1935971 55x55 - TIPA PRIVIDENIYE (feat. Utopia Show) (Cut Ver.) [MUZUKASHII],142,3.156,2.5314,119,204,119,104,157,104,123,283,123,126,238,126,126,238,126,126,238,126,120,208,120
1935971 55x55 - TIPA PRIVIDENIYE (feat. Utopia Show) (Cut Ver.) [ONI],169,3.756,2.9872,136,204,136,117,157,117,139,283,139,142,238,142,142,238,142,142,238,142,132,208,132
1946853 Chino (CV_ Inori Minase) - Okashi na Yume o Ohitotsu Douzo [BF's Muzukashii],872,3.807,3.1532,781,1295,781,797,1374,797,748,1127,748,775,1082,775,775,1082,775,775,1082,775,743,1043,743
1946853 Chino (CV_ Inori Minase) - Okashi na Yume o Ohitotsu Douzo [Edward's Oni],1246,5.44,3.9947,981,1295,981,1008,1374,1008,907,1127,907,954,1082,954,954,1082,954,954,1082,954,888,1043,888
1946853 Chino (CV_ Inori Minase) - Okashi na Yume o Ohitotsu Douzo [Sweet Dream],1650,7.172,5.0695,1104,1295,1104,1157,1374,1157,988,1127,988,1034,1082,1034,1034,1082,1034,1034,1082,1034,953,1043,953
1949363 Diplo - Express Yourself (feat. Nicky Da B) [Saint Punk Remix] (Nightcore Mix) [Futsuu],339,2.698,2.2057,333,1373,333,315,1365,315,109,599,109,262,1028,262,262,1028,262,262,1028,262,147,715,147
1949363 Diplo - Express Yourself (feat. Nicky Da B) [Saint Punk Remix] (Nightcore Mix) [Inner Oni],1217,9.659,5.3012,1071,1373,1071,1080,1365,1080,412,599,412,841,1028,841,841,1028,841,841,1028,841,550,715,550
1949363 Diplo - Express Yourself (feat. Nicky Da B) [Saint Punk Remix] (Nightcore Mix) [Invisible's Expression],1296,10.286,6.0054,1106,1373,1106,1123,1365,1123,453,599,453,887,1028,887,887,1028,887,887,1028,887,576,715,576
1949363 Diplo - Express Yourself (feat. Nicky Da B) [Saint Punk Remix] (Nightcore Mix) [Kantan],217,1.741,1.4964,215,1373,215,203,1365,203,61,599,61,177,1028,177,177,1028,177,177,1028,177,98,715,98
1949363 Diplo - Express Yourself (feat. Nicky Da B) [Saint Punk Remix] (Nightcore Mix) [Muzukashii],575,4.563,3.5463,551,1373,551,536,1365,536,200,599,200,413,1028,413,413,1028,413,413,1028,413,260,715,260
1949363 Diplo - Express Yourself (feat. Nicky Da B) [Saint Punk Remix] (Nightcore Mix) [Oni],778,6.175,4.2577,751,1373,751,730,1365,730,242,599,242,544,1028,544,544,1028,544,544,1028,544,338,715,338
1959415 Archspire - Fathom Infinite Depth [The Unfathomable Depth of Hell],3195,10.512,8.0711,2632,2767,2632,2713,2883,2713,1127,1573,1127,1750,1933,1750,1750,1933,1750,1750,1933,1750,1756,2013,1756
"1963602 JAGER - I Won't Fall Apart [I'm Telling You, I Won't Fall Apart]",1712,6.778,4.6598,1529,1998,1529,1556,2146,1556,1539,2659,1539,1341,1553,1341,1341,1553,1341,1341,1553,1341,1240,1474,1240
1963847 Zekk - Duplication [Facsimile],1143,8.205,6.0122,797,1080,797,829,1106,829,893,1374,893,845,1042,845,845,1042,845,845,1042,845,821,1053,821
1963847 Zekk - Duplication [Futsuu],382,2.742,2.4398,327,1080,327,325,1106,325,369,1374,369,368,1042,368,368,1042,368,368,1042,368,361,1053,361
1963847 Zekk - Duplication [Inner Oni],948,6.805,5.0106,702,1080,702,721,1106,721,785,1374,785,759,1042,759,759,1042,759,759,1042,759,734,1053,734
1963847 Zekk - Duplication [Kantan],234,1.68,1.5557,205,1080,205,201,1106,201,231,1374,231,229,1042,229,229,1042,229,229,1042,229,225,1053,225
1963847 Zekk - Duplication [Lite Oni],656,4.709,3.6732,509,1080,509,521,1106,521,589,1374,589,574,1042,574,574,1042,574,574,1042,574,557,1053,557
1963847 Zekk - Duplication [Muzukashii],512,3.675,3.1185,415,1080,415,415,1106,415,484,1374,484,476,1042,476,476,1042,476,476,1042,476,464,1053,464
1963847 Zekk - Duplication [Oni],805,5.779,4.1885,610,1080,610,624,1106,624,699,1374,699,676,1042,676,676,1042,676,676,1042,676,658,1053,658
1969255 moro - Deaf-mutes [Lunatic Oni],2858,8.601,7.9669,1880,2516,1880,1902,2534,1902,1357,1879,1357,1618,1729,1618,1618,1729,1618,1618,1729,1618,1458,1599,1458
1973329 gingus - hit the quan [futsuu],244,2.861,2.022,218,670,218,199,655,199,166,573,166,204,546,204,204,546,204,204,546,204,178,481,178
1973329 gingus - hit the quan [kantan],131,1.556,1.4587,125,670,125,123,655,123,91,573,91,108,546,108,108,546,108,108,546,108,98,481,98
1973329 gingus - hit the quan [muzukashii],389,4.561,3.4639,340,670,340,315,655,315,255,573,255,307,546,307,307,546,307,307,546,307,272,481,272
1973329 gingus - hit the quan [oni],476,5.581,4.0691,409,670,409,381,655,381,301,573,301,359,546,359,359,546,359,359,546,359,316,481,316
1973329 gingus - hit the quan [swing your arm],597,7.0,4.9783,484,670,484,457,655,457,339,573,339,399,546,399,399,546,399,399,546,399,352,481,352
"1975684 Makino Yui, Fuchigami Mai, Tsuda Minami, Aoki Ruriko, Oozora Naomi - Love Destiny (Game Ver.) [DEBUT]",151,1.239,1.1121,136,691,136,140,719,140,132,741,132,132,659,132,132,659,132,132,659,132,128,620,128
"1975684 Makino Yui, Fuchigami Mai, Tsuda Minami, Aoki Ruriko, Oozora Naomi - Love Destiny (Game Ver.) [MASTER+]",606,4.974,3.8347,513,691,513,514,719,514,514,741,514,513,659,513,513,659,513,513,659,513,468,620,468
"1975684 Makino Yui, Fuchigami Mai, Tsuda Minami, Aoki Ruriko, Oozora Naomi - Love Destiny (Game Ver.) [MASTER]",497,4.08,2.9711,425,691,425,428,719,428,441,741,441,438,659,438,438,659,438,438,659,438,410,620,410
"1975684 Makino Yui, Fuchigami Mai, Tsuda Minami, Aoki Ruriko, Oozora Naomi - Love Destiny (Game Ver.) [PRO]",372,3.054,2.4893,321,691,321,322,719,322,344,741,344,343,659,343,343,659,343,343,659,343,325,620,325
"1975684 Makino Yui, Fuchigami Mai, Tsuda Minami, Aoki Ruriko, Oozora Naomi - Love Destiny (Game Ver.) [REGULAR]",265,2.175,1.7774,242,691,242,239,719,239,251,741,251,252,659,252,252,659,252,252,659,252,239,620,239
1979046 MikitoP feat. Kagamine Rin - Roki (7_7's frenchcore() bootleg) [Axer's Oni],998,7.356,5.4303,932,1476,932,962,1610,962,889,1549,889,868,1284,868,868,1284,868,868,1284,868,869,1379,869
1979046 MikitoP feat. Kagamine Rin - Roki (7_7's frenchcore() bootleg) [Futsuu],582,4.29,3.106,568,1476,568,579,1610,579,573,1549,573,570,1284,570,570,1284,570,570,1284,570,556,1379,556
1979046 MikitoP feat. Kagamine Rin - Roki (7_7's frenchcore() bootleg) [Hell Oni],1410,10.318,7.2733,1144,1476,1144,1235,1610,1235,1076,1549,1076,1042,1284,1042,1042,1284,1042,1042,1284,1042,1047,1379,1047
1979046 MikitoP feat. Kagamine Rin - Roki (7_7's frenchcore() bootleg) [HiroK's Inner Oni],1202,8.86,6.0016,1068,1476,1068,1131,1610,1131,1014,1549,1014,988,1284,988,988,1284,988,988,1284,988,993,1379,993
1979046 MikitoP feat. Kagamine Rin - Roki (7_7's frenchcore() bootleg) [Law's Distortion],1581,11.59,8.1857,1237,1476,1237,1354,1610,1354,1175,1549,1175,1111,1284,1111,1111,1284,1111,1111,1284,1111,1130,1379,1130
1979046 MikitoP feat. Kagamine Rin - Roki (7_7's frenchcore() bootleg) [Muzukashii],767,5.653,4.4609,735,1476,735,750,1610,750,730,1549,730,723,1284,723,723,1284,723,723,1284,723,710,1379,710
1979046 MikitoP feat. Kagamine Rin - Roki (7_7's frenchcore() bootleg) [arc's Kantan],299,2.208,1.7743,299,1476,299,299,1610,299,298,1549,298,296,1284,296,296,1284,296,296,1284,296,282,1379,282
1983475 KNOWER - The Government Knows [Futsuu],505,2.419,2.049,373,1271,373,421,1429,421,443,1662,443,465,1241,465,465,1241,465,465,1241,465,459,1303,459
1983475 KNOWER - The Government Knows [Inner Oni],1188,5.513,4.6051,864,1271,864,936,1429,936,795,1662,795,889,1241,889,889,1241,889,889,1241,889,872,1303,872
1983475 KNOWER - The Government Knows [Kantan],261,1.25,1.2148,204,1271,204,236,1429,236,240,1662,240,248,1241,248,248,1241,248,248,1241,248,249,1303,249
1983475 KNOWER - The Government Knows [Muzukashii],770,3.688,3.1583,573,1271,573,636,1429,636,602,1662,602,666,1241,666,666,1241,666,666,1241,666,646,1303,646
1983475 KNOWER - The Government Knows [Oni],925,4.296,3.6445,682,1271,682,748,1429,748,700,1662,700,781,1241,781,781,1241,781,781,1241,781,764,1303,764
1993097 Dan Salvato - 10-yuri [help me],102,1.503,1.3924,20,54,20,6,19,6,100,1303,100,95,502,95,95,502,95,95,502,95,85,427,85
1993582 Denkishiki Karen Ongaku Shuudan - Elder Things [Green's Futsuu],682,3.082,2.3601,644,2254,644,570,2209,570,663,2107,663,661,1792,661,661,1792,661,661,1792,661,634,1920,634
1993582 Denkishiki Karen Ongaku Shuudan - Elder Things [Green's Kantan],379,1.713,1.3856,359,2254,359,315,2209,315,350,2107,350,342,1792,342,342,1792,342,342,1792,342,334,1920,334
1993582 Denkishiki Karen Ongaku Shuudan - Elder Things [Inner Oni],1906,8.613,5.3975,1783,2254,1783,1664,2209,1664,1652,2107,1652,1571,1792,1571,1571,1792,1571,1571,1792,1571,1480,1920,1480
1993582 Denkishiki Karen Ongaku Shuudan - Elder Things [Muzukashii],1027,4.641,3.3264,971,2254,971,866,2209,866,984,2107,984,961,1792,961,961,1792,961,961,1792,961,930,1920,930
1993582 Denkishiki Karen Ongaku Shuudan - Elder Things [Oni],1485,6.711,4.3225,1413,2254,1413,1288,2209,1288,1372,2107,1372,1323,1792,1323,1323,1792,1323,1323,1792,1323,1262,1920,1262
1997221 Radiohead - Idioteque [Oni],1154,3.996,3.1304,957,1607,957,856,1439,856,693,1149,693,698,994,698,698,994,698,698,994,698,649,859,649
1998016 isonosuke - Baka Tsuushin (feat. Chis-A) [Futsuu],418,2.885,2.3753,387,1057,387,338,1111,338,334,760,334,389,821,389,389,821,389,389,821,389,360,744,360
1998016 isonosuke - Baka Tsuushin (feat. Chis-A) [Inner Oni],1178,8.131,5.5141,877,1057,877,836,1111,836,634,760,634,752,821,752,752,821,752,752,821,752,664,744,664
1998016 isonosuke - Baka Tsuushin (feat. Chis-A) [Kantan],247,1.705,1.4762,229,1057,229,194,1111,194,200,760,200,237,821,237,237,821,237,237,821,237,213,744,213
1998016 isonosuke - Baka Tsuushin (feat. Chis-A) [Muzukashii],638,4.404,3.6528,583,1057,583,521,1111,521,469,760,469,554,821,554,554,821,554,554,821,554,497,744,497
1998016 isonosuke - Baka Tsuushin (feat. Chis-A) [Oni],987,6.813,4.8331,808,1057,808,758,1111,758,601,760,601,718,821,718,718,821,718,718,821,718,640,744,640
1998016 isonosuke - Baka Tsuushin (feat. Chis-A) [Terminally Online],1429,9.864,6.9868,949,1057,949,927,1111,927,652,760,652,776,821,776,776,821,776,776,821,776,687,744,687
1998016 isonosuke - Baka Tsuushin (feat. Chis-A) [Ura Oni],1351,9.325,6.1764,941,1057,941,909,1111,909,653,760,653,779,821,779,779,821,779,779,821,779,681,744,681
2009040 Dragon Guardian - Ankoku Butoukai [Dancing in the Night under the Black Moon],3056,8.994,6.4125,2844,3403,2844,2859,3385,2859,1417,1661,1417,2671,2965,2671,2671,2965,2671,2671,2965,2671,2867,4704,2867
2018338 Slax - Lolly Tomboy [Futsuu],908,3.658,2.4537,698,2003,698,786,2282,786,839,1572,839,856,1458,856,856,1458,856,856,1458,856,794,1302,794
2018338 Slax - Lolly Tomboy [Kantan],499,2.01,1.5284,423,2003,423,462,2282,462,487,1572,487,490,1458,490,490,1458,490,490,1458,490,485,1302,485
2018338 Slax - Lolly Tomboy [Muzukashii],1276,5.141,3.8337,934,2003,934,1059,2282,1059,1056,1572,1056,1079,1458,1079,1079,1458,1079,1079,1458,1079,978,1302,978
2018338 Slax - Lolly Tomboy [Oni],1674,6.602,4.4998,1185,2003,1185,1347,2282,1347,1254,1572,1254,1274,1458,1274,1274,1458,1274,1274,1458,1274,1148,1302,1148
2018338 Slax - Lolly Tomboy [Queendom],1954,7.706,5.9099,1362,2003,1362,1544,2282,1544,1294,1572,1294,1314,1458,1314,1314,1458,1314,1314,1458,1314,1177,1302,1177
2019768 Helblinde - Little Busters Forever [2199's Oni],1783,6.513,4.8095,1590,2289,1590,1597,2328,1597,1486,2485,1486,1504,1954,1504,1504,1954,1504,1504,1954,1504,1410,1903,1410
2019768 Helblinde - Little Busters Forever [All for you],2286,8.351,6.3795,1868,2289,1868,1875,2328,1875,1612,2485,1612,1640,1954,1640,1640,1954,1640,1640,1954,1640,1537,1903,1537
2032925 Camellia - Purge My Existence Out Of This World (feat. BTMC) [Exit This Earth's Atomosphere],2034,6.757,6.5794,1440,2145,1440,1485,2352,1485,944,2169,944,1315,1965,1315,1315,1965,1315,1315,1965,1315,1340,2152,1340
2033808 sekai - BUG [Futsuu],551,3.31,2.3056,539,1199,539,510,1299,510,310,575,310,428,637,428,428,637,428,428,637,428,351,526,351
2033808 sekai - BUG [Kantan],306,1.838,1.4219,296,1199,296,277,1299,277,182,575,182,260,637,260,260,637,260,260,637,260,205,526,205
2033808 sekai - BUG [Muzukashii],750,4.497,3.2389,728,1199,728,684,1299,684,385,575,385,525,637,525,525,637,525,525,637,525,437,526,437
2033808 sekai - BUG [Oni],960,5.756,4.2525,854,1199,854,825,1299,825,412,575,412,563,637,563,563,637,563,563,637,563,466,526,466
2033808 sekai - BUG [Paranoia],1185,7.105,5.2305,976,1199,976,964,1299,964,425,575,425,587,637,587,587,637,587,587,637,587,476,526,476
2039585 senya - Saihate no Kotoba [Green's Taiko Stage],2401,6.757,5.146,1866,2859,1866,1611,2587,1611,1031,1670,1031,1693,2123,1693,1693,2123,1693,1693,2123,1693,1613,2406,1613
2041932 Nor - Up to 21C [2199's Oni],597,4.653,4.0133,390,557,390,339,562,339,365,550,365,431,512,431,431,512,431,431,512,431,381,444,381
2041932 Nor - Up to 21C [Futsuu],339,2.642,2.312,233,557,233,189,562,189,240,550,240,282,512,282,282,512,282,282,512,282,256,444,256
2041932 Nor - Up to 21C [Kantan],198,1.543,1.3126,145,557,145,113,562,113,143,550,143,174,512,174,174,512,174,174,512,174,157,444,157
2041932 Nor - Up to 21C [Muzukashii],505,3.936,3.4114,328,557,328,281,562,281,327,550,327,379,512,379,379,512,379,379,512,379,337,444,337
2041932 Nor - Up to 21C [Usagi Oni],743,5.791,4.9131,446,557,446,403,562,403,408,550,408,464,512,464,464,512,464,464,512,464,412,444,412
2043506 Ling tosite sigure - abnormalize (TV Size) [Futsuu],304,3.483,2.5492,253,651,253,261,683,261,219,639,219,261,540,261,261,540,261,261,540,261,258,665,258
2043506 Ling tosite sigure - abnormalize (TV Size) [Kantan],133,1.735,1.4418,123,651,123,125,683,125,97,639,97,123,540,123,123,540,123,123,540,123,119,665,119
2043506 Ling tosite sigure - abnormalize (TV Size) [Muzukashii],377,4.319,3.3687,310,651,310,318,683,318,250,639,250,301,540,301,301,540,301,301,540,301,302,665,302
2043506 Ling tosite sigure - abnormalize (TV Size) [Oni],437,5.007,4.0378,358,651,358,364,683,364,268,639,268,323,540,323,323,540,323,323,540,323,327,665,327
2043541 Eri Sasaki - Last Diary [Futsuu],261,2.87,2.054,188,477,188,204,515,204,215,440,215,243,402,243,243,402,243,243,402,243,234,408,234
2043541 Eri Sasaki - Last Diary [Kantan],137,1.507,1.2798,99,477,99,114,515,114,121,440,121,133,402,133,133,402,133,133,402,133,131,408,131
2043541 Eri Sasaki - Last Diary [Muzukashii],366,4.025,3.0665,261,477,261,280,515,280,265,440,265,313,402,313,313,402,313,313,402,313,297,408,297
2043541 Eri Sasaki - Last Diary [Recollection],438,4.817,3.6275,298,477,298,319,515,319,298,440,298,356,402,356,356,402,356,356,402,356,327,408,327
2045740 Tartarate - Tartarate #Iebu FINAL [Re: Memories of Summer],15704,8.658,8.2454,11356,14061,11356,11610,15408,11610,8308,12349,8308,10185,12330,10185,10185,12330,10185,10185,12330,10185,10094,12948,10094
2048910 Zeami - Purple Rose Fusion [Futsuu],400,3.139,2.739,369,889,369,377,1007,377,388,1874,388,395,1045,395,395,1045,395,395,1045,395,387,1203,387
2048910 Zeami - Purple Rose Fusion [HeLLFly's Inner Oni],895,7.024,5.7349,721,889,721,731,1007,731,739,1874,739,744,1045,744,744,1045,744,744,1045,744,745,1203,745
2048910 Zeami - Purple Rose Fusion [Kantan],234,1.836,1.7264,217,889,217,218,1007,218,227,1874,227,230,1045,230,230,1045,230,230,1045,230,226,1203,226
2048910 Zeami - Purple Rose Fusion [Muzukashii],535,4.199,3.5053,496,889,496,504,1007,504,507,1874,507,519,1045,519,519,1045,519,519,1045,519,509,1203,509
2048910 Zeami - Purple Rose Fusion [Oni],695,5.454,4.6107,611,889,611,614,1007,614,613,1874,613,630,1045,630,630,1045,630,630,1045,630,630,1203,630
2048910 Zeami - Purple Rose Fusion [Ura Oni],894,7.016,6.3763,731,889,731,731,1007,731,713,1874,713,731,1045,731,731,1045,731,731,1045,731,753,1203,753
2049213 Ryokuoushoku Shakai - Shout Baby (TV Size) [Futsuu],299,3.553,2.3457,264,689,264,263,782,263,256,477,256,279,459,279,279,459,279,279,459,279,252,422,252
2049213 Ryokuoushoku Shakai - Shout Baby (TV Size) [Inner Oni],622,7.39,5.3078,480,689,480,489,782,489,351,477,351,396,459,396,396,459,396,396,459,396,343,422,343
2049213 Ryokuoushoku Shakai - Shout Baby (TV Size) [Kantan],167,1.996,1.4087,148,689,148,148,782,148,153,477,153,162,459,162,162,459,162,162,459,162,154,422,154
2049213 Ryokuoushoku Shakai - Shout Baby (TV Size) [Muzukashii],401,4.764,3.1278,345,689,345,345,782,345,306,477,306,341,459,341,341,459,341,341,459,341,299,422,299
2049213 Ryokuoushoku Shakai - Shout Baby (TV Size) [Oni],518,6.154,4.1571,421,689,421,424,782,424,335,477,335,379,459,379,379,459,379,379,459,379,330,422,330
2049742 DJ SHARPNEL - Zenon [Infinite Paradox],2677,8.235,6.3159,2287,3263,2287,2191,2958,2191,2285,3871,2285,2216,2976,2216,2216,2976,2216,2216,2976,2216,2210,3449,2210
2050794 Shiro SAGISU - Next Episode [Futsuu],78,2.946,1.9226,53,195,53,52,158,52,73,269,73,73,109,73,73,109,73,73,109,73,74,179,74
2050794 Shiro SAGISU - Next Episode [Kantan],38,1.435,1.0598,26,195,26,22,158,22,35,269,35,38,109,38,38,109,38,38,109,38,36,179,36
2050794 Shiro SAGISU - Next Episode [Muzukashii],100,3.777,2.5665,70,195,70,65,158,65,86,269,86,82,109,82,82,109,82,82,109,82,83,179,83
2050794 Shiro SAGISU - Next Episode [Slyme's Redemption],155,5.854,3.4743,103,195,103,89,158,89,114,269,114,94,109,94,94,109,94,94,109,94,113,179,113
"2057206 HOYO-MiX feat. Chalili, TetraCalyx, Hanser - Moon Halo [Final Lesson]",576,3.076,2.7164,295,779,295,249,616,249,389,1560,389,397,702,397,397,702,397,397,702,397,394,833,394
"2057206 HOYO-MiX feat. Chalili, TetraCalyx, Hanser - Moon Halo [Futsuu]",428,2.283,1.968,216,779,216,185,616,185,319,1560,319,324,702,324,324,702,324,324,702,324,319,833,319
"2057206 HOYO-MiX feat. Chalili, TetraCalyx, Hanser - Moon Halo [Slyme's Kantan]",216,1.177,1.1148,144,779,144,126,616,126,190,1560,190,202,702,202,202,702,202,202,702,202,196,833,196
2061238 Shinomiya Ginka (CV_ Hasegawa Ikumi) - Star Trail [Futsuu],301,2.894,2.4361,183,499,183,131,473,131,248,1180,248,277,647,277,277,647,277,277,647,277,275,838,275
2061238 Shinomiya Ginka (CV_ Hasegawa Ikumi) - Star Trail [Kantan],184,1.769,1.4652,110,499,110,77,473,77,167,1180,167,174,647,174,174,647,174,174,647,174,175,838,175
2061238 Shinomiya Ginka (CV_ Hasegawa Ikumi) - Star Trail [Meteor],469,4.51,4.0936,272,499,272,211,473,211,335,1180,335,392,647,392,392,647,392,392,647,392,397,838,397
2061238 Shinomiya Ginka (CV_ Hasegawa Ikumi) - Star Trail [Muzukashii],395,3.798,3.2713,229,499,229,177,473,177,299,1180,299,342,647,342,342,647,342,342,647,342,338,838,338
2061825 KARUT - Shooting Athletes [Futsuu],341,2.93,2.2593,326,873,326,324,980,324,287,573,287,291,489,291,291,489,291,291,489,291,265,444,265
2061825 KARUT - Shooting Athletes [Inner Oni],726,6.239,4.7622,616,873,616,636,980,636,451,573,451,457,489,457,457,489,457,457,489,457,399,444,399
2061825 KARUT - Shooting Athletes [Kantan],188,1.616,1.2556,178,873,178,173,980,173,166,573,166,168,489,168,168,489,168,168,489,168,158,444,158
2061825 KARUT - Shooting Athletes [Muzukashii],471,4.048,3.0983,431,873,431,439,980,439,366,573,366,367,489,367,367,489,367,367,489,367,336,444,336
2061825 KARUT - Shooting Athletes [Oni],629,5.405,3.8485,565,873,565,579,980,579,437,573,437,440,489,440,440,489,440,440,489,440,394,444,394
2072038 Rita - Winter Diamond (Short Ver.) [Futsuu],362,3.86,2.4698,344,805,344,327,851,327,300,554,300,326,557,326,326,557,326,326,557,326,313,647,313
2072038 Rita - Winter Diamond (Short Ver.) [Kantan],166,1.871,1.4648,159,805,159,144,851,144,141,554,141,155,557,155,155,557,155,155,557,155,148,647,148
2072038 Rita - Winter Diamond (Short Ver.) [Muzukashii],465,4.958,3.498,431,805,431,411,851,411,355,554,355,390,557,390,390,557,390,390,557,390,374,647,374
2072038 Rita - Winter Diamond (Short Ver.) [Oni],629,6.707,4.2729,540,805,540,538,851,538,411,554,411,453,557,453,453,557,453,453,557,453,450,647,450
2072038 Rita - Winter Diamond (Short Ver.) [Snowflake],767,8.178,5.1101,625,805,625,626,851,626,435,554,435,489,557,489,489,557,489,489,557,489,495,647,495
2075045 momone - the dearest person i've ever met [m],1027,4.675,3.7927,844,1792,844,835,1728,835,301,1301,301,433,948,433,433,948,433,433,948,433,388,900,388
2075045 momone - the dearest person i've ever met [o],1428,6.5,5.1307,1125,1792,1125,1094,1728,1094,405,1301,405,571,948,571,571,948,571,571,948,571,503,900,503
2075045 momone - the dearest person i've ever met [u],1856,8.448,6.6361,1402,1792,1402,1385,1728,1385,452,1301,452,667,948,667,667,948,667,667,948,667,587,900,587
2075342 ALKALOID - UNDYING HOLY LOVE [FUTSUU],337,2.252,1.7068,211,864,211,232,878,232,245,573,245,305,557,305,305,557,305,305,557,305,280,575,280
2075342 ALKALOID - UNDYING HOLY LOVE [KANTAN],199,1.33,1.145,144,864,144,160,878,160,158,573,158,190,557,190,190,557,190,190,557,190,177,575,177
2075342 ALKALOID - UNDYING HOLY LOVE [MUZUKASHII],503,3.362,2.702,298,864,298,318,878,318,311,573,311,401,557,401,401,557,401,401,557,401,356,575,356
2075342 ALKALOID - UNDYING HOLY LOVE [ONI],656,4.384,3.1642,374,864,374,397,878,397,369,573,369,457,557,457,457,557,457,457,557,457,416,575,416
2077412 Fox Stevenson - Good Time [Cry's Oni],986,5.457,4.1806,771,1178,771,667,1249,667,711,1470,711,698,1018,698,698,1018,698,698,1018,698,668,1002,668
2077412 Fox Stevenson - Good Time [Inner Oni],1291,7.145,5.1864,949,1178,949,880,1249,880,827,1470,827,813,1018,813,813,1018,813,813,1018,813,788,1002,788
2077412 Fox Stevenson - Good Time [Zhuosh's Muzukashii],761,4.212,5.1864,638,1178,638,558,1249,558,618,1470,618,601,1018,601,601,1018,601,601,1018,601,581,1002,581
2077412 Fox Stevenson - Good Time [[-E S I A-]'s Futsuu],542,3.0,5.1864,469,1178,469,425,1249,425,478,1470,478,465,1018,465,465,1018,465,465,1018,465,444,1002,444
2077958 r u s s e l b u c k - EAT YOU UP (Sped Up Ver.) [CONSUMPTION],867,8.67,5.4101,568,670,568,608,754,608,201,335,201,284,347,284,284,347,284,284,347,284,206,250,206
2077958 r u s s e l b u c k - EAT YOU UP (Sped Up Ver.) [INVISIBLE MCR'S FUTSUU],306,3.081,2.2877,273,670,273,275,754,275,117,335,117,183,347,183,183,347,183,183,347,183,134,250,134
2077958 r u s s e l b u c k - EAT YOU UP (Sped Up Ver.) [MUZUKASHII],488,4.88,3.7193,380,670,380,406,754,406,162,335,162,235,347,235,235,347,235,235,347,235,175,250,175
2077958 r u s s e l b u c k - EAT YOU UP (Sped Up Ver.) [ONI],653,6.53,4.4221,465,670,465,497,754,497,178,335,178,254,347,254,254,347,254,254,347,254,191,250,191
2081307 Harumaki Gohan feat. Hatsune Miku - Zero Talking [Inner Oni],1607,7.62,5.997,981,1158,981,895,1093,895,585,808,585,799,922,799,799,922,799,799,922,799,689,821,689
2081307 Harumaki Gohan feat. Hatsune Miku - Zero Talking [Oni],1270,6.022,4.5113,866,1158,866,789,1093,789,529,808,529,744,922,744,744,922,744,744,922,744,647,821,647
2089093 IOSYS - Marisa wa Taihen na Mono o Nusunde Ikimashita [Cry's Oni],1224,5.419,3.9563,1000,1659,1000,993,1737,993,812,1283,812,1016,1446,1016,1016,1446,1016,1016,1446,1016,984,1429,984
2089093 IOSYS - Marisa wa Taihen na Mono o Nusunde Ikimashita [Futsuu],605,2.678,2.2227,531,1659,531,507,1737,507,447,1283,447,554,1446,554,554,1446,554,554,1446,554,543,1429,543
2089093 IOSYS - Marisa wa Taihen na Mono o Nusunde Ikimashita [Kantan],343,1.518,1.375,314,1659,314,301,1737,301,233,1283,233,318,1446,318,318,1446,318,318,1446,318,307,1429,307
2089093 IOSYS - Marisa wa Taihen na Mono o Nusunde Ikimashita [Muzukashii],867,3.838,3.2703,724,1659,724,711,1737,711,644,1283,644,792,1446,792,792,1446,792,792,1446,792,776,1429,776
2089093 IOSYS - Marisa wa Taihen na Mono o Nusunde Ikimashita [The Precious Thing],1717,7.601,5.3805,1236,1659,1236,1208,1737,1208,940,1283,940,1203,1446,1203,1203,1446,1203,1203,1446,1203,1159,1429,1159
2092934 CoMETIK - Mujikaku A Priori [Antinomy],2233,10.156,8.027,1505,1736,1505,1521,1850,1521,946,1256,946,1282,1512,1282,1282,1512,1282,1282,1512,1282,1173,1461,1173
2092934 CoMETIK - Mujikaku A Priori [Contradiction],1997,9.083,6.9649,1460,1736,1460,1457,1850,1457,942,1256,942,1273,1512,1273,1273,1512,1273,1273,1512,1273,1155,1461,1155
2092934 CoMETIK - Mujikaku A Priori [Futsuu],595,2.706,2.0804,545,1736,545,521,1850,521,478,1256,478,571,1512,571,571,1512,571,571,1512,571,545,1461,545
2092934 CoMETIK - Mujikaku A Priori [Hell Oni],1667,7.582,5.7897,1330,1736,1330,1313,1850,1313,906,1256,906,1212,1512,1212,1212,1512,1212,1212,1512,1212,1097,1461,1097
2092934 CoMETIK - Mujikaku A Priori [Inner Oni],1427,6.49,4.6982,1217,1736,1217,1189,1850,1189,866,1256,866,1137,1512,1137,1137,1512,1137,1137,1512,1137,1032,1461,1032
2092934 CoMETIK - Mujikaku A Priori [Kantan],327,1.487,1.2232,306,1736,306,289,1850,289,260,1256,260,311,1512,311,311,1512,311,311,1512,311,291,1461,291
2092934 CoMETIK - Mujikaku A Priori [Muzukashii],855,3.889,2.8247,766,1736,766,736,1850,736,632,1256,632,783,1512,783,783,1512,783,783,1512,783,744,1461,744
2092934 CoMETIK - Mujikaku A Priori [Oni],1171,5.326,3.8555,1026,1736,1026,988,1850,988,774,1256,774,1001,1512,1001,1001,1512,1001,1001,1512,1001,923,1461,923
2094730 Ceui - COLORFUL DAYS!! (Epsilon Remix) [Colorful Memories],1451,6.153,5.6453,1142,1369,1142,1208,1536,1208,923,1569,923,1000,1253,1000,1000,1253,1000,1000,1253,1000,1038,1497,1038
2094730 Ceui - COLORFUL DAYS!! (Epsilon Remix) [Oni],1234,5.233,4.2744,1012,1369,1012,1072,1536,1072,880,1569,880,949,1253,949,949,1253,949,949,1253,949,977,1497,977
2094730 Ceui - COLORFUL DAYS!! (Epsilon Remix) [[-E S I A-]'s Muzukashii],894,3.791,3.5229,792,1369,792,834,1536,834,703,1569,703,760,1253,760,760,1253,760,760,1253,760,774,1497,774
2096845 Marmalade butcher - Noxious [futsuu],254,3.536,2.4444,251,705,251,249,751,249,152,353,152,166,323,166,166,323,166,166,323,166,146,293,146
2096845 Marmalade butcher - Noxious [hac's muzukashii],387,5.387,3.8167,370,705,370,367,751,367,209,353,209,222,323,222,222,323,222,222,323,222,194,293,194
2096845 Marmalade butcher - Noxious [iceOC's oni],467,6.501,4.6114,447,705,447,443,751,443,236,353,236,258,323,258,258,323,258,258,323,258,226,293,226
2096845 Marmalade butcher - Noxious [kantan w/ emilly (feat. shameimaru)],149,2.074,1.6049,148,705,148,147,751,147,102,353,102,109,323,109,109,323,109,109,323,109,98,293,98
2096845 Marmalade butcher - Noxious [ura oni],644,8.965,5.6135,577,705,577,582,751,582,282,353,282,300,323,300,300,323,300,300,323,300,263,293,263
2099087 Gomadare - Resolver [Futsuu],414,2.411,1.871,377,1541,377,380,1546,380,300,821,300,348,906,348,348,906,348,348,906,348,322,810,322
2099087 Gomadare - Resolver [Inner Oni],1162,6.767,5.063,954,1541,954,963,1546,963,583,821,583,690,906,690,690,906,690,690,906,690,618,810,618
2099087 Gomadare - Resolver [Kantan],228,1.328,1.1677,224,1541,224,221,1546,221,151,821,151,182,906,182,182,906,182,182,906,182,169,810,169
2099087 Gomadare - Resolver [Muzukashii],632,3.691,2.7263,554,1541,554,575,1546,575,428,821,428,503,906,503,503,906,503,503,906,503,457,810,457
2099087 Gomadare - Resolver [Oni],837,4.875,3.4401,718,1541,718,742,1546,742,520,821,520,610,906,610,610,906,610,610,906,610,558,810,558
2105554 Watashi (CV_ Yuuki Aoi) - Ganbare! Kumoko-san no Thema (TV Size) [Chaos],615,6.941,6.2371,516,718,516,497,736,497,222,456,222,348,474,348,348,474,348,348,474,348,335,452,335
2105554 Watashi (CV_ Yuuki Aoi) - Ganbare! Kumoko-san no Thema (TV Size) [Futsuu],257,2.978,2.4519,245,718,245,219,736,219,134,456,134,198,474,198,198,474,198,198,474,198,190,452,190
2105554 Watashi (CV_ Yuuki Aoi) - Ganbare! Kumoko-san no Thema (TV Size) [Kantan],148,1.712,1.4887,139,718,139,126,736,126,69,456,69,110,474,110,110,474,110,110,474,110,105,452,105
2105554 Watashi (CV_ Yuuki Aoi) - Ganbare! Kumoko-san no Thema (TV Size) [Muzukashii],353,3.984,3.4135,321,718,321,294,736,294,169,456,169,254,474,254,254,474,254,254,474,254,244,452,244
2105554 Watashi (CV_ Yuuki Aoi) - Ganbare! Kumoko-san no Thema (TV Size) [Ron's Inner Oni],582,6.569,5.6551,490,718,490,468,736,468,227,456,227,352,474,352,352,474,352,352,474,352,338,452,338
2105554 Watashi (CV_ Yuuki Aoi) - Ganbare! Kumoko-san no Thema (TV Size) [Sammu's Oni],480,5.417,4.3939,413,718,413,391,736,391,210,456,210,318,474,318,318,474,318,318,474,318,307,452,307
2106715 ZAQ - Serendipity (TV Size) [Futsuu],266,3.143,2.35,240,673,240,228,729,228,196,596,196,238,471,238,238,471,238,238,471,238,219,482,219
2106715 ZAQ - Serendipity (TV Size) [Inner Oni],544,6.428,4.7622,422,673,422,428,729,428,297,596,297,361,471,361,361,471,361,361,471,361,333,482,333
2106715 ZAQ - Serendipity (TV Size) [Kantan],165,1.95,1.3855,153,673,153,146,729,146,128,596,128,156,471,156,156,471,156,156,471,156,141,482,141
2106715 ZAQ - Serendipity (TV Size) [Muzukashii],340,4.018,3.1577,295,673,295,283,729,283,233,596,233,284,471,284,284,471,284,284,471,284,259,482,259
2106715 ZAQ - Serendipity (TV Size) [Oni],425,5.022,3.8275,353,673,353,349,729,349,270,596,270,331,471,331,331,471,331,331,471,331,299,482,299
2107539 Femtanyl - ACT RIGHT [FUTSUU],444,3.138,2.4081,374,976,374,379,1012,379,96,191,96,274,455,274,274,455,274,274,455,274,246,415,246
2107539 Femtanyl - ACT RIGHT [MUZUKASHII],636,4.496,3.3295,509,976,509,521,1012,521,134,191,134,369,455,369,369,455,369,369,455,369,328,415,328
2107539 Femtanyl - ACT RIGHT [ONI],880,6.22,4.5757,681,976,681,691,1012,691,148,191,148,432,455,432,432,455,432,432,455,432,386,415,386
2107539 Femtanyl - ACT RIGHT [SKIDOOSKEI'S URA ONI],1001,7.076,5.3631,756,976,756,774,1012,774,166,191,166,444,455,444,444,455,444,444,455,444,400,415,400
2107539 Femtanyl - ACT RIGHT [SUM & MEIQTH'S KANTAN],268,1.894,1.4848,223,976,223,225,1012,225,69,191,69,175,455,175,175,455,175,175,455,175,164,415,164
2107539 Femtanyl - ACT RIGHT [WAIT],1184,8.369,6.8452,788,976,788,805,1012,805,162,191,162,436,455,436,436,455,436,436,455,436,389,415,389
2109670 ptar124 feat. SEKAI vs. takehirotei - The Arcanists' Heist of 739 Magia Era [Illusory Grimoire],2047,6.19,5.308,1607,2320,1607,1586,2399,1586,895,1169,895,1236,1474,1236,1236,1474,1236,1236,1474,1236,944,1095,944
2115856 senya - Iro wa Nioedo Chirinuru o [Muzukashii],660,3.172,2.7208,603,1638,603,594,1527,594,635,2041,635,635,1275,635,635,1275,635,635,1275,635,622,1416,622
2115856 senya - Iro wa Nioedo Chirinuru o [Oni],858,4.124,3.2062,760,1638,760,734,1527,734,781,2041,781,779,1275,779,779,1275,779,779,1275,779,762,1416,762
2115856 senya - Iro wa Nioedo Chirinuru o [Scattered Petals],1059,5.09,3.8363,926,1638,926,863,1527,863,889,2041,889,895,1275,895,895,1275,895,895,1275,895,869,1416,869
2117702 Synagi - Refrain [Rebirth],2207,6.407,6.941,1665,2493,1665,1767,2793,1767,1045,2153,1045,1382,1813,1382,1382,1813,1382,1382,1813,1382,1264,1762,1264
2119904 Katakiri Rekka - Moe Ochiru Hokori -Counter raid Another D- [Corrupted Oni],2391,6.844,6.2196,1554,2119,1554,1514,2014,1514,990,1681,990,1236,1434,1236,1236,1434,1236,1236,1434,1236,1176,1505,1176
2120820 in love with a ghost - cute and soft [fluffy],108,2.822,2.1978,51,54,51,56,57,56,85,108,85,82,112,82,82,112,82,82,112,82,78,105,78
2120820 in love with a ghost - cute and soft [futsuu],78,2.038,1.486,46,54,46,50,57,50,71,108,71,62,112,62,62,112,62,62,112,62,61,105,61
2120820 in love with a ghost - cute and soft [kantan],49,1.272,0.9267,35,54,35,36,57,36,46,108,46,43,112,43,43,112,43,43,112,43,44,105,44
2121057 UNDEAD CORPORATION - Death is just the beginning [The Beginning],44,0.957,0.8065,10,114,10,10,107,10,43,560,43,27,119,27,27,119,27,27,119,27,27,120,27
2121057 UNDEAD CORPORATION - Death is just the beginning [The End],93,2.022,1.4575,18,114,18,18,107,18,91,560,91,57,119,57,57,119,57,57,119,57,56,120,56
2121587 Twilight Force - Valley of the Vale [HeLLFly's Oni],1366,6.51,4.7052,1258,2174,1258,1285,2219,1285,1270,2624,1270,1248,2212,1248,1248,2212,1248,1248,2212,1248,1246,2704,1246
2121587 Twilight Force - Valley of the Vale [Muzukashii ft. Slyme],1084,5.166,3.7923,1010,2174,1010,1018,2219,1018,1033,2624,1033,1016,2212,1016,1016,2212,1016,1016,2212,1016,1014,2704,1014
2121587 Twilight Force - Valley of the Vale [Mystic],1974,9.407,6.0328,1751,2174,1751,1822,2219,1822,1732,2624,1732,1674,2212,1674,1674,2212,1674,1674,2212,1674,1696,2704,1696
2122284 Agressor Bunx - Tornado (Cut Ver.) [Destructive],982,7.326,4.8017,625,662,625,728,873,728,581,647,581,596,662,596,596,662,596,596,662,596,556,606,556
2122284 Agressor Bunx - Tornado (Cut Ver.) [Futsuu],396,2.952,2.1579,376,662,376,390,873,390,371,647,371,380,662,380,380,662,380,380,662,380,374,606,374
2122284 Agressor Bunx - Tornado (Cut Ver.) [Kantan],215,1.601,1.3497,208,662,208,212,873,212,208,647,208,211,662,211,211,662,211,211,662,211,211,606,211
2122284 Agressor Bunx - Tornado (Cut Ver.) [Muzukashii],592,4.414,3.1281,510,662,510,543,873,543,486,647,486,502,662,502,502,662,502,502,662,502,476,606,476
2122284 Agressor Bunx - Tornado (Cut Ver.) [Oni],829,6.185,4.114,593,662,593,665,873,665,555,647,555,569,662,569,569,662,569,569,662,569,533,606,533
2122957 StylipS - MIRACLE RUSH (TV Size) [JuDa's Inner Oni],542,5.928,4.3567,402,682,402,355,656,355,339,451,339,368,403,368,368,403,368,368,403,368,358,468,358
2122957 StylipS - MIRACLE RUSH (TV Size) [Oni],448,5.152,3.7674,345,682,345,303,656,303,301,451,301,327,403,327,327,403,327,327,403,327,314,468,314
2122957 StylipS - MIRACLE RUSH (TV Size) [Roger & 10186's Futsuu],239,2.748,2.1023,205,682,205,164,656,164,202,451,202,217,403,217,217,403,217,217,403,217,213,468,213
2122957 StylipS - MIRACLE RUSH (TV Size) [Roger & 10186's Kantan],136,1.564,1.2896,118,682,118,90,656,90,121,451,121,130,403,130,130,403,130,130,403,130,127,468,127
2122957 StylipS - MIRACLE RUSH (TV Size) [Roger's Muzukashii],341,3.921,2.849,275,682,275,234,656,234,260,451,260,284,403,284,284,403,284,284,403,284,274,468,274
2123554 rejection - White Canvas (feat. Aitsuki Nakuru) (osu! edit) [Futsuu],316,2.841,2.0153,304,869,304,308,864,308,300,816,300,303,733,303,303,733,303,303,733,303,295,738,295
2123554 rejection - White Canvas (feat. Aitsuki Nakuru) (osu! edit) [Kantan],166,1.495,1.1985,161,869,161,161,864,161,163,816,163,164,733,164,164,733,164,164,733,164,161,738,161
2123554 rejection - White Canvas (feat. Aitsuki Nakuru) (osu! edit) [Muzukashii],431,3.875,2.7398,415,869,415,417,864,417,401,816,401,407,733,407,407,733,407,407,733,407,393,738,393
2123554 rejection - White Canvas (feat. Aitsuki Nakuru) (osu! edit) [Oni],578,5.157,3.4251,543,869,543,537,864,537,517,816,517,521,733,521,521,733,521,521,733,521,502,738,502
2124050 MAN WITH A MISSION - When My Devil Rises [HeLLFly's Muzukashii],1342,5.315,4.0472,1247,2210,1247,1252,2356,1252,968,1350,968,1079,1400,1079,1079,1400,1079,1079,1400,1079,994,1324,994
2124050 MAN WITH A MISSION - When My Devil Rises [Oni],1599,6.333,5.0343,1422,2210,1422,1449,2356,1449,1063,1350,1063,1199,1400,1199,1199,1400,1199,1199,1400,1199,1089,1324,1089
2124050 MAN WITH A MISSION - When My Devil Rises [Overlord],1858,7.359,6.3806,1556,2210,1556,1610,2356,1610,1100,1350,1100,1254,1400,1254,1254,1400,1254,1254,1400,1254,1133,1324,1133
2125034 Agressor Bunx - Acid Mirage (Cut Ver.) [Apparition],716,6.634,5.1847,576,889,576,540,844,540,499,1463,499,498,626,498,498,626,498,498,626,498,463,632,463
2125034 Agressor Bunx - Acid Mirage (Cut Ver.) [Futsuu],318,2.946,2.3124,304,889,304,255,844,255,257,1463,257,262,626,262,262,626,262,262,626,262,245,632,245
2125034 Agressor Bunx - Acid Mirage (Cut Ver.) [Kantan],165,1.529,1.3226,163,889,163,124,844,124,144,1463,144,150,626,150,150,626,150,150,626,150,138,632,138
2125034 Agressor Bunx - Acid Mirage (Cut Ver.) [Muzukashii],456,4.225,3.3626,408,889,408,366,844,366,369,1463,369,375,626,375,375,626,375,375,626,375,349,632,349
2125034 Agressor Bunx - Acid Mirage (Cut Ver.) [Oni],588,5.448,4.111,502,889,502,458,844,458,447,1463,447,451,626,451,451,626,451,451,626,451,422,632,422
2127953 Hotaru Murasaki - Re_TrymenT [HeLLFly's Oni],1157,4.843,4.3262,674,1182,674,630,1137,630,659,2058,659,901,1317,901,901,1317,901,901,1317,901,906,1533,906
2127953 Hotaru Murasaki - Re_TrymenT [Inner Oni],1367,5.722,4.9141,766,1182,766,728,1137,728,731,2058,731,967,1317,967,967,1317,967,967,1317,967,972,1533,972
2127953 Hotaru Murasaki - Re_TrymenT [Muzukashii],1045,4.374,3.6836,611,1182,611,553,1137,553,644,2058,644,865,1317,865,865,1317,865,865,1317,865,863,1533,863
2132504 Nishio Etsuko - Jajauma ni Sasenaide (TV Size) [Futsuu],243,2.779,2.0365,167,376,167,185,404,185,207,377,207,227,372,227,227,372,227,227,372,227,227,400,227
2132504 Nishio Etsuko - Jajauma ni Sasenaide (TV Size) [HeLLFly's Oni],477,5.467,3.5686,289,376,289,316,404,316,314,377,314,342,372,342,342,372,342,342,372,342,339,400,339
2132504 Nishio Etsuko - Jajauma ni Sasenaide (TV Size) [Kantan],139,1.59,1.2736,92,376,92,108,404,108,122,377,122,134,372,134,134,372,134,134,372,134,133,400,133
2132504 Nishio Etsuko - Jajauma ni Sasenaide (TV Size) [Muzukashii],379,4.344,3.1586,250,376,250,272,404,272,280,377,280,308,372,308,308,372,308,308,372,308,305,400,305
2135245 LiSA - Gurenge (TV Size) [Demon Slayer],668,7.688,6.7145,428,530,428,402,560,402,283,553,283,410,503,410,410,503,410,410,503,410,390,511,390
2135245 LiSA - Gurenge (TV Size) [Demonic Oni],606,6.974,5.9781,409,530,409,380,560,380,279,553,279,401,503,401,401,503,401,401,503,401,379,511,379
2135245 LiSA - Gurenge (TV Size) [Futsuu],188,2.164,1.7537,150,530,150,135,560,135,125,553,125,176,503,176,176,503,176,176,503,176,174,511,174
2135245 LiSA - Gurenge (TV Size) [Hell Oni],549,6.318,5.0978,390,530,390,353,560,353,273,553,273,393,503,393,393,503,393,393,503,393,367,511,367
2135245 LiSA - Gurenge (TV Size) [Inner Oni],488,5.616,4.0262,362,530,362,324,560,324,261,553,261,376,503,376,376,503,376,376,503,376,348,511,348
2135245 LiSA - Gurenge (TV Size) [Kantan],105,1.212,1.14,87,530,87,78,560,78,75,553,75,100,503,100,100,503,100,100,503,100,99,511,99
2135245 LiSA - Gurenge (TV Size) [Muzukashii],285,3.28,2.6085,211,530,211,194,560,194,184,553,184,253,503,253,253,503,253,253,503,253,244,511,244
2135245 LiSA - Gurenge (TV Size) [Oni],380,4.373,3.2599,284,530,284,257,560,257,225,553,225,322,503,322,322,503,322,322,503,322,302,511,302
2140414 Parry Gripp - There's A Cat Licking Your Birthday Cake [Birthday Oni],153,4.315,2.5915,109,152,109,106,189,106,133,184,133,129,147,129,129,147,129,129,147,129,118,140,118
2140414 Parry Gripp - There's A Cat Licking Your Birthday Cake [Futsuu],76,2.144,1.5341,65,152,65,56,189,56,70,184,70,68,147,68,68,147,68,68,147,68,62,140,62
2140414 Parry Gripp - There's A Cat Licking Your Birthday Cake [Kantan],38,1.106,0.9001,37,152,37,26,189,26,32,184,32,32,147,32,32,147,32,32,147,32,29,140,29
2140414 Parry Gripp - There's A Cat Licking Your Birthday Cake [Muzukashii],119,3.356,2.2701,95,152,95,85,189,85,110,184,110,111,147,111,111,147,111,111,147,111,104,140,104
2140875 HOYO-MiX - If I Can Stop One Heart From Breaking [Dream],490,2.53,2.2776,89,235,89,94,273,94,428,1874,428,367,684,367,367,684,367,367,684,367,327,731,327
2140875 HOYO-MiX - If I Can Stop One Heart From Breaking [Futsuu],372,1.921,1.837,76,235,76,78,273,78,332,1874,332,299,684,299,299,684,299,299,684,299,274,731,274
2140875 HOYO-MiX - If I Can Stop One Heart From Breaking [Kantan],268,1.384,1.3222,63,235,63,60,273,60,246,1874,246,226,684,226,226,684,226,226,684,226,214,731,214
2141386 ClariS - Alethea (TV Size) [Futsuu],219,2.672,2.1175,174,588,174,179,658,179,130,404,130,190,371,190,190,371,190,190,371,190,165,348,165
2141386 ClariS - Alethea (TV Size) [Inner Oni],475,5.602,4.1635,347,588,347,357,658,357,196,404,196,301,371,301,301,371,301,301,371,301,260,348,260
2141386 ClariS - Alethea (TV Size) [Kantan],102,1.242,1.0924,85,588,85,88,658,88,71,404,71,93,371,93,93,371,93,93,371,93,86,348,86
2141386 ClariS - Alethea (TV Size) [Muzukashii],332,3.911,2.8907,250,588,250,252,658,252,182,404,182,270,371,270,270,371,270,270,371,270,236,348,236
2141386 ClariS - Alethea (TV Size) [Oni],422,4.972,3.6813,315,588,315,317,658,317,195,404,195,299,371,299,299,371,299,299,371,299,257,348,257
2145794 Louis Cole - I'm Tight [Tight Collab],2296,5.558,4.3379,949,1028,949,950,1080,950,1499,1777,1499,1355,1464,1355,1355,1464,1355,1355,1464,1355,1196,1313,1196
2148429 Marina and the Diamonds - How to Be a Heartbreaker (Nightcore & Cut Ver.) [Futsuu],187,3.234,2.1035,149,315,149,173,365,173,100,221,100,144,259,144,144,259,144,144,259,144,101,204,101
2148429 Marina and the Diamonds - How to Be a Heartbreaker (Nightcore & Cut Ver.) [Kantan],98,1.695,1.2908,82,315,82,95,365,95,38,221,38,67,259,67,67,259,67,67,259,67,39,204,39
2148429 Marina and the Diamonds - How to Be a Heartbreaker (Nightcore & Cut Ver.) [Muzukashii],260,4.157,2.9121,184,315,184,212,365,212,145,221,145,193,259,193,193,259,193,193,259,193,142,204,142
2148429 Marina and the Diamonds - How to Be a Heartbreaker (Nightcore & Cut Ver.) [Oni],346,5.532,3.8827,228,315,228,257,365,257,162,221,162,213,259,213,213,259,213,213,259,213,158,204,158
2154172 HoneyWorks - Heroine wa Heikin Ika. feat. Suzumi Hiyori (CV_ Inori Minase) [Futsuu],833,3.752,2.603,762,1545,762,734,1685,734,620,1106,620,756,1157,756,756,1157,756,756,1157,756,708,1130,708
2154172 HoneyWorks - Heroine wa Heikin Ika. feat. Suzumi Hiyori (CV_ Inori Minase) [Kantan],457,2.059,1.6247,425,1545,425,400,1685,400,388,1106,388,447,1157,447,447,1157,447,447,1157,447,424,1130,424
2154172 HoneyWorks - Heroine wa Heikin Ika. feat. Suzumi Hiyori (CV_ Inori Minase) [Muzukashii],1099,4.937,3.7974,949,1545,949,919,1685,919,691,1106,691,864,1157,864,864,1157,864,864,1157,864,805,1130,805
2154172 HoneyWorks - Heroine wa Heikin Ika. feat. Suzumi Hiyori (CV_ Inori Minase) [Oni],1422,6.388,4.634,1172,1545,1172,1147,1685,1147,756,1106,756,978,1157,978,978,1157,978,978,1157,978,892,1130,892
2154172 HoneyWorks - Heroine wa Heikin Ika. feat. Suzumi Hiyori (CV_ Inori Minase) [Princess],1707,7.668,5.7319,1288,1545,1288,1299,1685,1299,774,1106,774,1013,1157,1013,1013,1157,1013,1013,1157,1013,929,1130,929
2154950 Silentroom - Nhelv [Ascension],2471,6.383,8.1015,1942,3018,1942,1943,2951,1943,1599,2147,1599,1694,1944,1694,1694,1944,1694,1694,1944,1694,1401,1569,1401
2155487 MAX - Checklist (feat. Chromeo) [123 // abc],1105,8.46,7.6213,420,476,420,432,517,432,430,558,430,440,499,440,440,499,440,440,499,440,389,439,389
2155487 MAX - Checklist (feat. Chromeo) [Alice's Oni],606,4.635,3.4221,353,476,353,349,517,349,380,558,380,408,499,408,408,499,408,408,499,408,361,439,361
2155487 MAX - Checklist (feat. Chromeo) [Futsuu],331,2.541,2.0417,234,476,234,243,517,243,273,558,273,288,499,288,288,499,288,288,499,288,264,439,264
2155487 MAX - Checklist (feat. Chromeo) [Inner Oni],982,7.519,5.8578,400,476,400,416,517,416,408,558,408,422,499,422,422,499,422,422,499,422,373,439,373
2155487 MAX - Checklist (feat. Chromeo) [Kantan],170,1.305,1.2242,143,476,143,146,517,146,157,558,157,166,499,166,166,499,166,166,499,166,159,439,159
2155487 MAX - Checklist (feat. Chromeo) [ZTH's Muzukashii],504,3.813,2.828,295,476,295,296,517,296,354,558,354,380,499,380,380,499,380,380,499,380,338,439,338
2155520 Tedjimo yomigY - Usuva Kagerow [Dragonfly],1066,7.487,5.7645,500,613,500,426,630,426,500,576,500,464,477,464,464,477,464,464,477,464,417,437,417
2155520 Tedjimo yomigY - Usuva Kagerow [Futsuu],470,3.325,2.5545,296,613,296,215,630,215,330,576,330,335,477,335,335,477,335,335,477,335,306,437,306
2155520 Tedjimo yomigY - Usuva Kagerow [Muzukashii],718,5.08,3.7058,405,613,405,315,630,315,437,576,437,432,477,432,432,477,432,432,477,432,387,437,387
2155520 Tedjimo yomigY - Usuva Kagerow [Oni],914,6.466,4.3587,472,613,472,392,630,392,480,576,480,461,477,461,461,477,461,461,477,461,412,437,412
2155520 Tedjimo yomigY - Usuva Kagerow [davidminh's Kantan],267,1.888,1.4449,166,613,166,117,630,117,203,576,203,218,477,218,218,477,218,218,477,218,200,437,200
2155698 Nakura - 7th Sphere [Futsuu],384,2.797,2.2213,307,779,307,303,879,303,361,1001,361,382,821,382,382,821,382,382,821,382,375,910,375
2155698 Nakura - 7th Sphere [Inner Oni],842,6.09,4.9696,619,779,619,631,879,631,614,1001,614,685,821,685,685,821,685,685,821,685,687,910,687
2155698 Nakura - 7th Sphere [Kantan],228,1.665,1.3564,174,779,174,173,879,173,210,1001,210,225,821,225,225,821,225,225,821,225,220,910,220
2155698 Nakura - 7th Sphere [Muzukashii],541,3.915,3.3072,422,779,422,420,879,420,457,1001,457,508,821,508,508,821,508,508,821,508,505,910,505
2155698 Nakura - 7th Sphere [Oni],705,5.102,4.0384,527,779,527,523,879,523,557,1001,557,609,821,609,609,821,609,609,821,609,612,910,612
2155744 Aqours - WATER BLUE NEW WORLD [BEYOND THE LIMITS],1977,6.029,4.492,1709,2809,1709,1547,2757,1547,1203,2079,1203,1520,2044,1520,1520,2044,1520,1520,2044,1520,1417,2393,1417
2156106 solfa feat. Shimotsuki Haruka - my sweet heart [futsuu],269,3.595,2.3357,211,443,211,191,468,191,238,407,238,241,367,241,241,367,241,241,367,241,218,354,218
2156106 solfa feat. Shimotsuki Haruka - my sweet heart [kantan],145,1.946,1.4103,116,443,116,105,468,105,127,407,127,132,367,132,132,367,132,132,367,132,117,354,117
2156106 solfa feat. Shimotsuki Haruka - my sweet heart [muzukashii],343,4.583,3.163,267,443,267,249,468,249,283,407,283,289,367,289,289,367,289,289,367,289,262,354,262
2156106 solfa feat. Shimotsuki Haruka - my sweet heart [oni],427,5.656,3.9805,315,443,315,300,468,300,313,407,313,324,367,324,324,367,324,324,367,324,287,354,287
2156106 solfa feat. Shimotsuki Haruka - my sweet heart [ura oni],500,6.623,4.6024,349,443,349,334,468,334,328,407,328,338,367,338,338,367,338,338,367,338,300,354,300
2158678 YOASOBI - Romance (YUPPUN Hardcore Remix) [Futsuu],555,3.2,2.3387,549,1621,549,555,1723,555,555,2126,555,552,1624,552,552,1624,552,552,1624,552,548,2058,548
2158678 YOASOBI - Romance (YUPPUN Hardcore Remix) [Koibumi],1180,6.807,4.7546,1091,1621,1091,1123,1723,1123,1115,2126,1115,1071,1624,1071,1071,1624,1071,1071,1624,1071,1082,2058,1082
2158678 YOASOBI - Romance (YUPPUN Hardcore Remix) [Muzukashii],730,4.213,2.9794,712,1621,712,727,1723,727,723,2126,723,712,1624,712,712,1624,712,712,1624,712,712,2058,712
2158678 YOASOBI - Romance (YUPPUN Hardcore Remix) [Oni],924,5.33,3.7539,887,1621,887,907,1723,907,900,2126,900,877,1624,877,877,1624,877,877,1624,877,881,2058,881
2159124 Parannoul - Excuse [Growth],2241,6.463,4.5679,1938,3358,1938,1939,3113,1939,360,742,360,737,1140,737,737,1140,737,737,1140,737,688,1214,688
2159203 Minstrel - Cinderella Cage ~Falling in Love Again~ [Muzukashii],1183,4.991,3.8252,1025,1989,1025,1058,2128,1058,841,1604,841,995,1437,995,995,1437,995,995,1437,995,925,1609,925
2159203 Minstrel - Cinderella Cage ~Falling in Love Again~ [Oni],1558,6.573,4.7439,1290,1989,1290,1322,2128,1322,922,1604,922,1131,1437,1131,1131,1437,1131,1131,1437,1131,1071,1609,1071
2159203 Minstrel - Cinderella Cage ~Falling in Love Again~ [Romanticism],1833,7.733,5.3136,1435,1989,1435,1476,2128,1476,954,1604,954,1183,1437,1183,1183,1437,1183,1183,1437,1183,1129,1609,1129
2159587 Flanger Moose - Brain Implosion Energy Drink (feat. Kasane Teto) [Futsuu],81,2.12,1.4886,67,127,67,63,143,63,81,180,81,81,150,81,81,150,81,81,150,81,81,159,81
2159587 Flanger Moose - Brain Implosion Energy Drink (feat. Kasane Teto) [Kantan],49,1.282,0.9842,41,127,41,38,143,38,49,180,49,49,150,49,49,150,49,49,150,49,49,159,49
2159587 Flanger Moose - Brain Implosion Energy Drink (feat. Kasane Teto) [Muzukashii],116,3.036,2.1815,93,127,93,83,143,83,107,180,107,108,150,108,108,150,108,108,150,108,108,159,108
2159587 Flanger Moose - Brain Implosion Energy Drink (feat. Kasane Teto) [Overthink],157,4.109,2.6375,106,127,106,99,143,99,122,180,122,122,150,122,122,150,122,122,150,122,122,159,122
2160623 ONE OK ROCK - Gravity feat. Satoshi Fujihara (Official HIGE DANdism) [Falling],779,4.457,3.9681,459,752,459,468,729,468,322,1009,322,500,771,500,500,771,500,500,771,500,455,715,455
2160623 ONE OK ROCK - Gravity feat. Satoshi Fujihara (Official HIGE DANdism) [Futsuu],575,3.29,2.5862,347,752,347,357,729,357,289,1009,289,448,771,448,448,771,448,448,771,448,412,715,412
2160623 ONE OK ROCK - Gravity feat. Satoshi Fujihara (Official HIGE DANdism) [Kantan],340,1.945,1.5492,204,752,204,213,729,213,179,1009,179,278,771,278,278,771,278,278,771,278,262,715,262
2160623 ONE OK ROCK - Gravity feat. Satoshi Fujihara (Official HIGE DANdism) [Muzukashii],667,3.816,3.381,398,752,398,406,729,406,295,1009,295,451,771,451,451,771,451,451,771,451,411,715,411
2161753 Ogura Yui - Akai Ribbon [Tsunagitai],1526,4.801,4.2112,1087,1620,1087,953,1453,953,1027,1746,1027,1149,1391,1149,1149,1391,1149,1149,1391,1149,1094,1491,1094
2164461 Takeshita - CLiMAXX [FUTSUU],217,4.521,3.0739,184,418,184,184,427,184,73,276,73,149,253,149,149,253,149,149,253,149,145,262,145
2164461 Takeshita - CLiMAXX [HELL ONi],468,9.75,6.8577,358,418,358,356,427,356,101,276,101,206,253,206,206,253,206,206,253,206,200,262,200
2164461 Takeshita - CLiMAXX [KANTAN],116,2.417,1.6949,101,418,101,100,427,100,46,276,46,89,253,89,89,253,89,89,253,89,89,262,89
2164461 Takeshita - CLiMAXX [MUZUKASHii],301,6.271,4.4007,255,418,255,254,427,254,87,276,87,179,253,179,179,253,179,179,253,179,171,262,171
2164461 Takeshita - CLiMAXX [ONi],373,7.771,5.1915,300,418,300,301,427,301,95,276,95,194,253,194,194,253,194,194,253,194,189,262,189
2164461 Takeshita - CLiMAXX [iNNER ONi],419,8.729,5.8126,328,418,328,327,427,327,96,276,96,198,253,198,198,253,198,198,253,198,193,262,193
"2165134 25-ji, Nightcord de. x Hatsune Miku - Keitai Renwa [Futsuu]",336,2.621,2.1426,270,899,270,271,885,271,131,427,131,253,492,253,253,492,253,253,492,253,231,473,231
"2165134 25-ji, Nightcord de. x Hatsune Miku - Keitai Renwa [Muzukashii]",527,4.111,3.0645,401,899,401,406,885,406,185,427,185,343,492,343,343,492,343,343,492,343,311,473,311
"2165134 25-ji, Nightcord de. x Hatsune Miku - Keitai Renwa [Oni]",683,5.328,3.5286,510,899,510,509,885,509,221,427,221,381,492,381,381,492,381,381,492,381,347,473,347
"2165134 25-ji, Nightcord de. x Hatsune Miku - Keitai Renwa [Please, don't leave me!]",837,6.529,4.3643,603,899,603,599,885,599,243,427,243,407,492,407,407,492,407,407,492,407,362,473,362
2165690 natori - Absolute Zero (TV Size) [Friendship],657,7.527,5.582,534,742,534,531,787,531,346,543,346,411,499,411,411,499,411,411,499,411,390,504,390
2165690 natori - Absolute Zero (TV Size) [Futsuu],322,3.689,2.6283,296,742,296,290,787,290,248,543,248,282,499,282,282,499,282,282,499,282,257,504,257
2165690 natori - Absolute Zero (TV Size) [Kantan],179,2.051,1.6539,166,742,166,164,787,164,135,543,135,163,499,163,163,499,163,163,499,163,141,504,141
2165690 natori - Absolute Zero (TV Size) [Muzukashii],436,4.995,3.8161,387,742,387,383,787,383,306,543,306,354,499,354,354,499,354,354,499,354,323,504,323
2165690 natori - Absolute Zero (TV Size) [Oni],558,6.393,4.8746,478,742,478,472,787,472,341,543,341,403,499,403,403,499,403,403,499,403,374,504,374
2166363 Noah - Deadly force - Put an end [Angelic Extermination],3678,12.103,8.6707,2951,3343,2951,3006,3398,3006,3154,4227,3154,2925,3372,2925,2925,3372,2925,2925,3372,2925,3187,4382,3187
"2167064 ONE OK ROCK feat. Koie from Crossfaith, MAH from SiM, Masato from coldrain - Skyfall (Cut Ver.) [Alice's Oni]",524,5.657,4.2289,470,801,470,485,876,485,364,704,364,386,520,386,386,520,386,386,520,386,349,529,349
"2167064 ONE OK ROCK feat. Koie from Crossfaith, MAH from SiM, Masato from coldrain - Skyfall (Cut Ver.) [Muzukashii]",427,4.61,3.4204,403,801,403,399,876,399,334,704,334,353,520,353,353,520,353,353,520,353,323,529,323
"2167064 ONE OK ROCK feat. Koie from Crossfaith, MAH from SiM, Masato from coldrain - Skyfall (Cut Ver.) [Promises]",620,6.694,5.0223,527,801,527,549,876,549,383,704,383,408,520,408,408,520,408,408,520,408,371,529,371
"2167064 ONE OK ROCK feat. Koie from Crossfaith, MAH from SiM, Masato from coldrain - Skyfall (Cut Ver.) [SN707 & Rycy's Futsuu]",299,3.228,2.2665,295,801,295,295,876,295,259,704,259,274,520,274,274,520,274,274,520,274,254,529,254
"2167064 ONE OK ROCK feat. Koie from Crossfaith, MAH from SiM, Masato from coldrain - Skyfall (Cut Ver.) [Slyme's Kantan]",177,1.911,1.355,174,801,174,173,876,173,161,704,161,169,520,169,169,520,169,169,520,169,160,529,160
2167177 ClariS - Koi Sekai (TV Size) [Futsuu],272,3.12,2.2109,219,538,219,219,616,219,185,400,185,246,372,246,246,372,246,246,372,246,230,391,230
2167177 ClariS - Koi Sekai (TV Size) [Kantan],142,1.629,1.3087,115,538,115,112,616,112,119,400,119,139,372,139,139,372,139,139,372,139,134,391,134
2167177 ClariS - Koi Sekai (TV Size) [Muzukashii],353,4.049,3.0728,276,538,276,290,616,290,203,400,203,282,372,282,282,372,282,282,372,282,261,391,261
2167177 ClariS - Koi Sekai (TV Size) [Oni],422,4.841,3.5648,314,538,314,330,616,330,219,400,219,301,372,301,301,372,301,301,372,301,277,391,277
2167177 ClariS - Koi Sekai (TV Size) [Ura Oni],506,5.804,4.1796,363,538,363,388,616,388,232,400,232,315,372,315,315,372,315,315,372,315,290,391,290
2168905 KurageP - Chururira Chururira Daddadda! [2199's Oni],869,4.571,3.4041,823,1569,823,813,1662,813,335,648,335,593,906,593,593,906,593,593,906,593,449,754,449
2168905 KurageP - Chururira Chururira Daddadda! [Futsuu],435,2.293,1.8439,421,1569,421,418,1662,418,176,648,176,325,906,325,325,906,325,325,906,325,259,754,259
2168905 KurageP - Chururira Chururira Daddadda! [Inner Oni],1135,5.971,4.6888,1039,1569,1039,1037,1662,1037,375,648,375,673,906,673,673,906,673,673,906,673,502,754,502
2168905 KurageP - Chururira Chururira Daddadda! [Kantan],281,1.481,1.4773,270,1569,270,272,1662,272,99,648,99,192,906,192,192,906,192,192,906,192,154,754,154
2168905 KurageP - Chururira Chururira Daddadda! [Muzukashii],589,3.104,2.5712,568,1569,568,562,1662,562,219,648,219,420,906,420,420,906,420,420,906,420,318,754,318
2169468 Nintendo - Ringside Perfect Version [Kantan],111,1.269,1.0946,70,463,70,93,533,93,93,430,93,109,388,109,109,388,109,109,388,109,108,372,108
2169468 Nintendo - Ringside Perfect Version [Muzukashii],304,3.476,2.4933,184,463,184,235,533,235,202,430,202,244,388,244,244,388,244,244,388,244,240,372,240
2169468 Nintendo - Ringside Perfect Version [Tachi's Oni],381,4.344,2.8425,222,463,222,282,533,282,255,430,255,301,388,301,301,388,301,301,388,301,285,372,285
2169468 Nintendo - Ringside Perfect Version [annabel's Macho Inner Oni],427,4.868,3.296,238,463,238,306,533,306,261,430,261,313,388,313,313,388,313,313,388,313,295,372,295
2169468 Nintendo - Ringside Perfect Version [iRedi's Futsuu],204,2.333,1.7144,140,463,140,180,533,180,152,430,152,183,388,183,183,388,183,183,388,183,181,372,181
2170788 Shirakami Fubuki - LETTER [Dear my Fave],2080,9.075,6.0203,1707,1976,1707,1738,2098,1738,1374,1707,1374,1394,1532,1394,1394,1532,1394,1394,1532,1394,1308,1675,1308
2170788 Shirakami Fubuki - LETTER [Kogasa's Futsuu],818,3.623,2.6101,795,1976,795,794,2098,794,758,1707,758,773,1532,773,773,1532,773,773,1532,773,726,1675,726
2170788 Shirakami Fubuki - LETTER [Muzukashii],1240,5.464,3.8623,1164,1976,1164,1159,2098,1159,1018,1707,1018,1046,1532,1046,1046,1532,1046,1046,1532,1046,978,1675,978
2170788 Shirakami Fubuki - LETTER [Oni],1673,7.299,4.752,1468,1976,1468,1483,2098,1483,1224,1707,1224,1248,1532,1248,1248,1532,1248,1248,1532,1248,1168,1675,1168
2171559 Blestyashchiye - Za chetyre morya (Cut Ver.) [hellfly's muzukashii],367,4.362,3.0381,162,376,162,135,389,135,228,297,228,289,342,289,289,342,289,289,342,289,254,297,254
2171559 Blestyashchiye - Za chetyre morya (Cut Ver.) [oni],409,5.295,3.8234,195,376,195,169,389,169,194,297,194,262,342,262,262,342,262,262,342,262,221,297,221
2171559 Blestyashchiye - Za chetyre morya (Cut Ver.) [froskya's kantan],150,1.783,1.4524,41,376,41,34,389,34,100,297,100,121,342,121,121,342,121,121,342,121,109,297,109
2171559 Blestyashchiye - Za chetyre morya (Cut Ver.) [tachi's futsuu],280,3.328,2.2433,141,376,141,110,389,110,178,297,178,233,342,233,233,342,233,233,342,233,197,297,197
2173177 PinocchioP - God-ish feat. Hatsune Miku (7_7 bootleg) [Devilish],1810,10.032,7.2571,1601,1942,1601,1570,1924,1570,735,996,735,977,1139,977,977,1139,977,977,1139,977,914,1087,914
2173177 PinocchioP - God-ish feat. Hatsune Miku (7_7 bootleg) [Futsuu],565,3.132,2.5805,541,1942,541,556,1924,556,316,996,316,414,1139,414,414,1139,414,414,1139,414,385,1087,385
2173177 PinocchioP - God-ish feat. Hatsune Miku (7_7 bootleg) [Muzukashii],892,4.944,3.6938,852,1942,852,869,1924,869,478,996,478,622,1139,622,622,1139,622,622,1139,622,584,1087,584
2173177 PinocchioP - God-ish feat. Hatsune Miku (7_7 bootleg) [Oni],1255,6.956,4.8457,1156,1942,1156,1173,1924,1173,613,996,613,802,1139,802,802,1139,802,802,1139,802,753,1087,753
2173840 shikiura sougo - Kamisama no Me o Nusunde (Extended Edit) [Futsuu],76,2.505,1.5767,74,235,74,73,258,73,42,123,42,56,132,56,56,132,56,56,132,56,51,105,51
2173840 shikiura sougo - Kamisama no Me o Nusunde (Extended Edit) [Inner Oni],192,6.328,3.6189,183,235,183,185,258,185,108,123,108,125,132,125,125,132,125,125,132,125,99,105,99
2173840 shikiura sougo - Kamisama no Me o Nusunde (Extended Edit) [Kantan],43,1.417,1.107,42,235,42,42,258,42,24,123,24,34,132,34,34,132,34,34,132,34,32,105,32
2173840 shikiura sougo - Kamisama no Me o Nusunde (Extended Edit) [Muzukashii],129,4.252,2.5184,126,235,126,126,258,126,75,123,75,94,132,94,94,132,94,94,132,94,80,105,80
2173840 shikiura sougo - Kamisama no Me o Nusunde (Extended Edit) [Oni],164,5.406,3.1897,162,235,162,159,258,159,98,123,98,118,132,118,118,132,118,118,132,118,98,105,98
2173962 32ki feat. Hatsune Miku & Kasane Teto - Mesmerizer [Ares' Muzukashii],744,4.86,3.6789,714,1559,714,711,1560,711,693,1823,693,697,1563,697,697,1563,697,697,1563,697,689,1818,689
2173962 32ki feat. Hatsune Miku & Kasane Teto - Mesmerizer [Hypnosis],1217,7.95,5.6672,1094,1559,1094,1078,1560,1078,1045,1823,1045,1050,1563,1050,1050,1563,1050,1050,1563,1050,1046,1818,1046
2173962 32ki feat. Hatsune Miku & Kasane Teto - Mesmerizer [Nostril's Oni],994,6.493,4.1886,902,1559,902,897,1560,897,915,1823,915,910,1563,910,910,1563,910,910,1563,910,898,1818,898
2173962 32ki feat. Hatsune Miku & Kasane Teto - Mesmerizer [Rycy & SN707's Futsuu],515,3.364,2.3914,496,1559,496,496,1560,496,505,1823,505,506,1563,506,506,1563,506,506,1563,506,499,1818,499
2173962 32ki feat. Hatsune Miku & Kasane Teto - Mesmerizer [SN707 & Rycy's Kantan],292,1.908,1.6457,283,1559,283,283,1560,283,289,1823,289,288,1563,288,288,1563,288,288,1563,288,285,1818,285
2174804 MY DEATH DIARY - TENTANG DIA [INNER ONI],1410,6.675,5.0047,1334,2039,1334,1339,2061,1339,1312,2249,1312,1239,1547,1239,1239,1547,1239,1239,1547,1239,1255,1783,1255
2174804 MY DEATH DIARY - TENTANG DIA [MUZUKASHII],917,4.341,3.0714,893,2039,893,895,2061,895,893,2249,893,879,1547,879,879,1547,879,879,1547,879,883,1783,883
2174804 MY DEATH DIARY - TENTANG DIA [ONI],1224,5.794,3.8578,1165,2039,1165,1166,2061,1166,1156,2249,1156,1106,1547,1106,1106,1547,1106,1106,1547,1106,1114,1783,1114
2176413 RED feat. Abydos High School Foreclosure Task Force - Mahiru no Sora no Tsuki (TV Size) [Edward's Kantan],102,1.336,1.0845,98,551,98,95,516,95,85,342,85,93,354,93,93,354,93,93,354,93,86,331,86
2176413 RED feat. Abydos High School Foreclosure Task Force - Mahiru no Sora no Tsuki (TV Size) [Hidden's Futsuu],227,2.707,1.8781,216,551,216,212,516,212,186,342,186,216,354,216,216,354,216,216,354,216,192,331,192
2176413 RED feat. Abydos High School Foreclosure Task Force - Mahiru no Sora no Tsuki (TV Size) [Oni],341,4.066,2.9335,301,551,301,282,516,282,249,342,249,287,354,287,287,354,287,287,354,287,251,331,251
2176413 RED feat. Abydos High School Foreclosure Task Force - Mahiru no Sora no Tsuki (TV Size) [Ran's Muzukashii],283,3.375,2.5142,265,551,265,254,516,254,220,342,220,258,354,258,258,354,258,258,354,258,226,331,226
2176413 RED feat. Abydos High School Foreclosure Task Force - Mahiru no Sora no Tsuki (TV Size) [Sunset],403,4.805,3.4058,338,551,338,317,516,317,266,342,266,306,354,306,306,354,306,306,354,306,268,331,268
2177214 Moe Shop - Notice (w_ TORIENA) [boaz & muya-'s muzukashii  x_x],700,3.73,2.8945,171,338,171,301,601,301,443,1032,443,533,764,533,533,764,533,533,764,533,525,738,525
2177214 Moe Shop - Notice (w_ TORIENA) [boaz's kantan ^_^],255,1.359,1.1823,84,338,84,128,601,128,158,1032,158,205,764,205,205,764,205,205,764,205,203,738,203
2177214 Moe Shop - Notice (w_ TORIENA) [cut off 5cm of my school skirt >_<],877,4.673,3.4347,172,338,172,328,601,328,537,1032,537,604,764,604,604,764,604,604,764,604,592,738,592
2177214 Moe Shop - Notice (w_ TORIENA) [futsuu @_@],466,2.483,1.8929,144,338,144,216,601,216,305,1032,305,378,764,378,378,764,378,378,764,378,374,738,374
2177889 Masatoshi Ono - departure! (TV Size) [Forever],437,5.726,4.1771,370,690,370,341,672,341,419,1106,419,380,729,380,380,729,380,380,729,380,368,854,368
2177889 Masatoshi Ono - departure! (TV Size) [Futsuu],229,3.001,2.1691,199,690,199,188,672,188,225,1106,225,223,729,223,223,729,223,223,729,223,216,854,216
2177889 Masatoshi Ono - departure! (TV Size) [Kantan],123,1.612,1.291,103,690,103,100,672,100,123,1106,123,123,729,123,123,729,123,123,729,123,117,854,117
2177889 Masatoshi Ono - departure! (TV Size) [Muzukashii],298,3.905,2.9658,259,690,259,245,672,245,292,1106,292,282,729,282,282,729,282,282,729,282,271,854,271
2177889 Masatoshi Ono - departure! (TV Size) [Oni],364,4.77,3.3938,317,690,317,294,672,294,356,1106,356,332,729,332,332,729,332,332,729,332,318,854,318
2178959 MARETU - Magical Doctor [Cry's Oni],1225,5.667,4.6332,1011,1721,1011,1038,1808,1038,645,962,645,841,1014,841,841,1014,841,841,1014,841,822,1005,822
2178959 MARETU - Magical Doctor [NAMIDA],1416,6.55,5.4771,1166,1721,1166,1195,1808,1195,696,962,696,900,1014,900,900,1014,900,900,1014,900,871,1005,871
2178959 MARETU - Magical Doctor [Ron's Muzukashii],990,4.58,3.6662,891,1721,891,904,1808,904,644,962,644,831,1014,831,831,1014,831,831,1014,831,811,1005,811
2186279 Wolpis Carter - Oxalis [Cursed Fate],2523,8.871,7.2662,1692,2373,1692,1651,2349,1651,1284,1966,1284,1525,1941,1525,1525,1941,1525,1525,1941,1525,1399,2023,1399
2186279 Wolpis Carter - Oxalis [Inner Oni],2270,7.982,6.1394,1587,2373,1587,1524,2349,1524,1273,1966,1273,1498,1941,1498,1498,1941,1498,1498,1941,1498,1362,2023,1362
2186279 Wolpis Carter - Oxalis [Oni],1831,6.438,5.0155,1331,2373,1331,1283,2349,1283,1200,1966,1200,1391,1941,1391,1391,1941,1391,1391,1941,1391,1256,2023,1256
2187019 Foreground Eclipse - Storytellers [Inner Oni],1510,7.058,5.5242,1379,2386,1379,1404,2414,1404,1493,4049,1493,1467,3282,1467,1467,3282,1467,1467,3282,1467,1489,4887,1489
2187019 Foreground Eclipse - Storytellers [Kantan],353,1.65,1.4478,315,2386,315,332,2414,332,352,4049,352,349,3282,349,349,3282,349,349,3282,349,351,4887,351
2187019 Foreground Eclipse - Storytellers [Nao's Futsuu],693,3.239,2.408,636,2386,636,659,2414,659,693,4049,693,690,3282,690,690,3282,690,690,3282,690,690,4887,690
2187019 Foreground Eclipse - Storytellers [Oni],1246,5.824,4.3755,1157,2386,1157,1182,2414,1182,1236,4049,1236,1220,3282,1220,1220,3282,1220,1220,3282,1220,1232,4887,1232
2187019 Foreground Eclipse - Storytellers [Tachi's Muzukashii],950,4.441,3.3505,881,2386,881,912,2414,912,947,4049,947,938,3282,938,938,3282,938,938,3282,938,944,4887,944
2187598 Rin'ca - Koisuru MODE [Oni],1535,6.529,4.5024,1216,1750,1216,1139,1713,1139,881,1321,881,958,1134,958,958,1134,958,958,1134,958,937,1227,937
2187598 Rin'ca - Koisuru MODE [Precious],1860,7.911,5.5962,1398,1750,1398,1294,1713,1294,907,1321,907,992,1134,992,992,1134,992,992,1134,992,973,1227,973
2187598 Rin'ca - Koisuru MODE [Ron's Muzukashii],1098,4.67,3.6512,974,1750,974,886,1713,886,846,1321,846,928,1134,928,928,1134,928,928,1134,928,891,1227,891
2187682 Waterflame - Glorious Morning [Medieval Age],286,2.664,2.0663,186,473,186,155,429,155,248,606,248,242,407,242,242,407,242,242,407,242,238,450,238
2187682 Waterflame - Glorious Morning [Modern Age],505,4.703,3.7548,327,473,327,288,429,288,353,606,353,353,407,353,353,407,353,353,407,353,346,450,346
2187682 Waterflame - Glorious Morning [Renaissance Age],372,3.465,2.8233,246,473,246,207,429,207,299,606,299,300,407,300,300,407,300,300,407,300,293,450,293
2187682 Waterflame - Glorious Morning [Stone Age],160,1.49,1.2428,102,473,102,84,429,84,143,606,143,135,407,135,135,407,135,135,407,135,134,450,134
2187682 Waterflame - Glorious Morning [reealy_ Lives in The New Era],643,5.989,5.4112,408,473,408,347,429,347,367,606,367,373,407,373,373,407,373,373,407,373,370,450,370
2188006 Dz'Xa - Izumi 7983 (Cut Ver.) [FUTSUU],590,3.401,2.6777,550,1550,550,535,1549,535,391,1072,391,457,1066,457,457,1066,457,457,1066,457,411,919,411
2188006 Dz'Xa - Izumi 7983 (Cut Ver.) [MUZUKASHII],830,4.784,3.7828,738,1550,738,702,1549,702,505,1072,505,594,1066,594,594,1066,594,594,1066,594,536,919,536
2188006 Dz'Xa - Izumi 7983 (Cut Ver.) [ONI],1098,6.329,4.61,941,1550,941,868,1549,868,640,1072,640,749,1066,749,749,1066,749,749,1066,749,663,919,663
2188006 Dz'Xa - Izumi 7983 (Cut Ver.) [RETALIATION],1565,8.763,6.4066,1204,1550,1204,1132,1549,1132,820,1072,820,935,1066,935,935,1066,935,935,1066,935,814,919,814
2189313 Pmarusama. - Tokimeki Broker [2199's Megami-sama],1373,6.871,5.3201,1004,1423,1004,1066,1550,1066,561,769,561,734,828,734,734,828,734,734,828,734,626,730,626
2189313 Pmarusama. - Tokimeki Broker [Futsuu],656,3.289,2.3838,581,1423,581,589,1550,589,395,769,395,511,828,511,511,828,511,511,828,511,458,730,458
2189313 Pmarusama. - Tokimeki Broker [Kantan],383,1.92,1.5085,344,1423,344,342,1550,342,290,769,290,355,828,355,355,828,355,355,828,355,322,730,322
2189313 Pmarusama. - Tokimeki Broker [Muzukashii],887,4.439,3.2918,751,1423,751,775,1550,775,462,769,462,632,828,632,632,828,632,632,828,632,549,730,549
2189313 Pmarusama. - Tokimeki Broker [Onegai],1261,6.311,4.6979,984,1423,984,1020,1550,1020,498,769,498,678,828,678,678,828,678,678,828,678,584,730,584
2189313 Pmarusama. - Tokimeki Broker [Oni],1092,5.465,3.9007,882,1423,882,913,1550,913,489,769,489,668,828,668,668,828,668,668,828,668,575,730,575
2189339 Morzibov - half life HEV suit charging station type beat [oni],259,4.44,3.3577,136,144,136,110,131,110,170,243,170,152,156,152,152,156,152,152,156,152,149,153,149
2189339 Morzibov - half life HEV suit charging station type beat [kantan],79,1.358,1.129,79,144,79,44,131,44,72,243,72,74,156,74,74,156,74,74,156,74,74,153,74
2189339 Morzibov - half life HEV suit charging station type beat [meiqth's futsuu],136,2.338,1.7054,113,144,113,63,131,63,112,243,112,117,156,117,117,156,117,117,156,117,115,153,115
2189339 Morzibov - half life HEV suit charging station type beat [n64's muzukashii],183,3.145,2.4283,123,144,123,76,131,76,132,243,132,130,156,130,130,156,130,130,156,130,126,153,126
2189627 chelmico - Easy Breezy (TV Size) [Futsuu],343,3.924,2.5855,315,580,315,279,446,279,283,525,283,304,538,304,304,538,304,304,538,304,281,491,281
2189627 chelmico - Easy Breezy (TV Size) [Inner Oni],716,8.175,4.9042,538,580,538,416,446,416,485,525,485,520,538,520,520,538,520,520,538,520,452,491,452
2189627 chelmico - Easy Breezy (TV Size) [Kantan],200,2.288,1.6155,188,580,188,169,446,169,156,525,156,174,538,174,174,538,174,174,538,174,165,491,165
2189627 chelmico - Easy Breezy (TV Size) [Muzukashii],465,5.319,3.6295,416,580,416,341,446,341,380,525,380,405,538,405,405,538,405,405,538,405,369,491,369
2189627 chelmico - Easy Breezy (TV Size) [Oni],588,6.726,4.2897,500,580,500,385,446,385,453,525,453,486,538,486,486,538,486,486,538,486,433,491,433
2190621 The Minions - Ba Do Bleep (olc's Midwest Emo Edit) [aaaaaa],89,3.491,2.4752,53,86,53,43,70,43,74,185,74,29,39,29,29,39,29,29,39,29,26,37,26
2190621 The Minions - Ba Do Bleep (olc's Midwest Emo Edit) [futsuu],56,2.197,1.515,34,86,34,30,70,30,52,185,52,24,39,24,24,39,24,24,39,24,21,37,21
2190621 The Minions - Ba Do Bleep (olc's Midwest Emo Edit) [muzukashii],76,2.981,2.0716,47,86,47,40,70,40,69,185,69,29,39,29,29,39,29,29,39,29,26,37,26
2193064 Ryu_ - AGEHA [Futsuu],449,2.476,2.3074,405,1275,405,412,1489,412,428,2079,428,445,1340,445,445,1340,445,445,1340,445,443,1411,443
2193064 Ryu_ - AGEHA [Inner Oni],1175,6.48,4.9985,944,1275,944,1040,1489,1040,800,2079,800,969,1340,969,969,1340,969,969,1340,969,943,1411,943
2193064 Ryu_ - AGEHA [Kantan],241,1.339,1.3338,222,1275,222,217,1489,217,235,2079,235,240,1340,240,240,1340,240,240,1340,240,239,1411,239
2193064 Ryu_ - AGEHA [Ono's Oni],821,4.192,4.1143,693,1275,693,725,1489,725,674,2079,674,745,1340,745,745,1340,745,745,1340,745,731,1411,731
2193064 Ryu_ - AGEHA [yassu-'s Muzukashii],643,3.546,3.546,583,1275,583,600,1489,600,570,2079,570,627,1340,627,627,1340,627,627,1340,627,618,1411,618
2194899 solfa feat. nao & Aoba Ringo - Motto! Icha_LOVE Paradise [Futsuu],347,3.618,2.3187,291,775,291,284,832,284,317,548,317,314,474,314,314,474,314,314,474,314,292,493,292
2194899 solfa feat. nao & Aoba Ringo - Motto! Icha_LOVE Paradise [Kantan],209,2.176,1.5374,167,775,167,166,832,166,194,548,194,193,474,193,193,474,193,193,474,193,189,493,189
2194899 solfa feat. nao & Aoba Ringo - Motto! Icha_LOVE Paradise [Muzukashii],450,4.692,3.217,369,775,369,372,832,372,367,548,367,367,474,367,367,474,367,367,474,367,329,493,329
2194899 solfa feat. nao & Aoba Ringo - Motto! Icha_LOVE Paradise [Oni],551,5.745,4.0382,442,775,442,449,832,449,401,548,401,402,474,402,402,474,402,402,474,402,358,493,358
2194899 solfa feat. nao & Aoba Ringo - Motto! Icha_LOVE Paradise [Utopia],663,6.913,4.7044,513,775,513,521,832,521,423,548,423,423,474,423,423,474,423,423,474,423,385,493,385
2194940 Para Dot. - Ultimate taste [Fin's Oni],1306,5.176,4.6319,966,1560,966,960,1598,960,554,1035,554,799,1178,799,799,1178,799,799,1178,799,701,1050,701
2194940 Para Dot. - Ultimate taste [Flandre's Taste of Music],1642,6.512,6.524,1155,1560,1155,1140,1598,1140,640,1035,640,912,1178,912,912,1178,912,912,1178,912,800,1050,800
2195081 Kikuo - Hole Dwelling [Pitiful Cave],1981,5.615,4.7856,886,1136,886,934,1184,934,1514,2991,1514,1280,1671,1280,1280,1671,1280,1280,1671,1280,1133,1509,1133
2201597 FantasticYouth - Totemo Suteki na Rokugatsu Deshita [Muzukashii],874,3.73,3.4248,547,1385,547,466,1132,466,465,1268,465,747,1332,747,747,1332,747,747,1332,747,729,1649,729
2201597 FantasticYouth - Totemo Suteki na Rokugatsu Deshita [Oni],1296,5.531,4.8711,785,1385,785,671,1132,671,605,1268,605,937,1332,937,937,1332,937,937,1332,937,916,1649,916
2203649 Junk - Kagaribi [Futsuu],319,2.454,1.9041,293,1014,293,293,1103,293,316,1230,316,315,928,315,315,928,315,315,928,315,314,936,314
2203649 Junk - Kagaribi [Inner Oni],777,5.977,4.5791,686,1014,686,692,1103,692,704,1230,704,695,928,695,695,928,695,695,928,695,655,936,655
2203649 Junk - Kagaribi [Kantan],170,1.308,1.1597,160,1014,160,160,1103,160,170,1230,170,170,928,170,170,928,170,170,928,170,170,936,170
2203649 Junk - Kagaribi [Muzukashii],506,3.892,2.9572,451,1014,451,454,1103,454,493,1230,493,490,928,490,490,928,490,490,928,490,482,936,482
2203649 Junk - Kagaribi [Oni],655,5.038,3.546,585,1014,585,587,1103,587,615,1230,615,610,928,610,610,928,610,610,928,610,583,936,583
2203864 Kotone Fujita (CV_ Iida Hikaru) - Sekaiichi Kawaii Watashi [Chu!],1371,6.009,4.6181,947,1546,947,943,1564,943,579,1084,579,855,1107,855,855,1107,855,855,1107,855,855,1325,855
2203864 Kotone Fujita (CV_ Iida Hikaru) - Sekaiichi Kawaii Watashi [Futsuu],704,3.083,2.3355,520,1546,520,532,1564,532,444,1084,444,630,1107,630,630,1107,630,630,1107,630,614,1325,614
2203864 Kotone Fujita (CV_ Iida Hikaru) - Sekaiichi Kawaii Watashi [Muzukashii],964,4.225,3.3751,695,1546,695,706,1564,706,515,1084,515,747,1107,747,747,1107,747,747,1107,747,729,1325,729
2203864 Kotone Fujita (CV_ Iida Hikaru) - Sekaiichi Kawaii Watashi [Oni],1147,5.027,4.0698,819,1546,819,822,1564,822,541,1084,541,810,1107,810,810,1107,810,810,1107,810,794,1325,794
2206516 every_3ing! - Kesaran Pasaran (TV Size) [Futsuu],269,3.043,2.256,259,615,259,259,650,259,238,527,238,256,458,256,256,458,256,256,458,256,245,453,245
2206516 every_3ing! - Kesaran Pasaran (TV Size) [Inner Oni],546,6.177,4.2267,466,615,466,469,650,469,352,527,352,384,458,384,384,458,384,384,458,384,356,453,356
2206516 every_3ing! - Kesaran Pasaran (TV Size) [Kantan],151,1.712,1.3653,147,615,147,144,650,144,143,527,143,148,458,148,148,458,148,148,458,148,145,453,145
2206516 every_3ing! - Kesaran Pasaran (TV Size) [Muzukashii],369,4.175,3.2815,343,615,343,344,650,344,289,527,289,313,458,313,313,458,313,313,458,313,296,453,296
2206516 every_3ing! - Kesaran Pasaran (TV Size) [Oni],469,5.306,3.7353,414,615,414,420,650,420,335,527,335,364,458,364,364,458,364,364,458,364,339,453,339
2211255 toby fox - Once Upon a Time [Kantan],81,0.961,0.9392,42,61,42,34,62,34,80,274,80,81,216,81,81,216,81,81,216,81,75,183,75
2211255 toby fox - Once Upon a Time [Timeless],102,1.21,1.1729,52,61,52,42,62,42,100,274,100,101,216,101,101,216,101,101,216,101,89,183,89
2214384 BilliumMoto - Harumachi clip your face off [muzukashii],155,5.376,3.8267,131,222,131,139,259,139,128,197,128,129,172,129,129,172,129,129,172,129,119,164,119
2214384 BilliumMoto - Harumachi clip your face off [futsuu],112,3.885,2.4409,92,222,92,101,259,101,100,197,100,100,172,100,100,172,100,100,172,100,97,164,97
2214384 BilliumMoto - Harumachi clip your face off [inner],233,8.082,5.729,168,222,168,189,259,189,164,197,164,157,172,157,157,172,157,157,172,157,145,164,145
2214384 BilliumMoto - Harumachi clip your face off [kantan],63,2.185,1.447,57,222,57,57,259,57,60,197,60,61,172,61,61,172,61,61,172,61,59,164,59
2214384 BilliumMoto - Harumachi clip your face off [oni],191,6.625,4.6394,150,222,150,167,259,167,147,197,147,145,172,145,145,172,145,145,172,145,135,164,135
2216932 IVE - LOVE DIVE (Japanese Ver.) (Slax Remix) [HeLLFly's Oni],1625,6.015,4.2635,1293,1499,1293,1388,1826,1388,920,1249,920,1267,1535,1267,1267,1535,1267,1267,1535,1267,1135,1374,1135
2216932 IVE - LOVE DIVE (Japanese Ver.) (Slax Remix) [Loli Dive],2299,8.191,5.7028,1453,1499,1453,1660,1826,1660,1145,1249,1145,1491,1535,1491,1491,1535,1491,1491,1535,1491,1332,1374,1332
2217257 GARYWAVE vs. Sakimura Ryuu - FUCKIN' EIENTEI [LUNATIC],2992,9.942,8.5101,1884,2139,1884,1906,2270,1906,1540,4353,1540,1838,2851,1838,1838,2851,1838,1838,2851,1838,1926,3407,1926
"2222241 Sengoku Nadeko (CV_ Hanazawa Kana), Ononoki Yotsugi (CV_ Hayami Saori) - caramel ribbon cursetard (TV Size) [Futsuu]",195,2.267,1.6785,143,338,143,124,349,124,163,394,163,157,276,157,157,276,157,157,276,157,139,239,139
"2222241 Sengoku Nadeko (CV_ Hanazawa Kana), Ononoki Yotsugi (CV_ Hayami Saori) - caramel ribbon cursetard (TV Size) [Kantan]",99,1.269,0.9922,72,338,72,63,349,63,92,394,92,89,276,89,89,276,89,89,276,89,81,239,81
"2222241 Sengoku Nadeko (CV_ Hanazawa Kana), Ononoki Yotsugi (CV_ Hayami Saori) - caramel ribbon cursetard (TV Size) [Muzukashii]",290,3.372,2.5256,196,338,196,190,349,190,220,394,220,203,276,203,203,276,203,203,276,203,178,239,178
"2222241 Sengoku Nadeko (CV_ Hanazawa Kana), Ononoki Yotsugi (CV_ Hayami Saori) - caramel ribbon cursetard (TV Size) [Oni]",372,4.326,2.9602,231,338,231,228,349,228,253,394,253,226,276,226,226,276,226,226,276,226,195,239,195
2222415 Hamu - Yumemigokochi [<3],52,1.091,0.9441,31,32,31,33,34,33,51,117,51,51,77,51,51,77,51,51,77,51,49,75,49
"2225029 3TERNITY, LXNER - MYSLI (Intro) [EMOTIONS]",860,6.271,4.7737,468,527,468,558,652,558,599,1073,599,652,932,652,652,932,652,652,932,652,570,826,570
"2225029 3TERNITY, LXNER - MYSLI (Intro) [FUTSUU]",423,3.084,2.5545,300,527,300,339,652,339,297,1073,297,354,932,354,354,932,354,354,932,354,318,826,318
"2225029 3TERNITY, LXNER - MYSLI (Intro) [KANTAN]",237,1.728,1.3991,175,527,175,187,652,187,151,1073,151,186,932,186,186,932,186,186,932,186,165,826,165
"2225029 3TERNITY, LXNER - MYSLI (Intro) [MUZUKASHII]",534,3.894,3.1292,363,527,363,420,652,420,380,1073,380,448,932,448,448,932,448,448,932,448,399,826,399
"2225029 3TERNITY, LXNER - MYSLI (Intro) [ONI]",698,5.09,4.0088,427,527,427,512,652,512,491,1073,491,560,932,560,560,932,560,560,932,560,496,826,496
2230534 KOSMONAVTOV NET feat. deepins - v temnote [futsuu],268,2.538,2.1152,224,704,224,226,754,226,172,1077,172,251,785,251,251,785,251,251,785,251,236,903,236
2230534 KOSMONAVTOV NET feat. deepins - v temnote [kantan],138,1.307,1.2099,113,704,113,115,754,115,112,1077,112,134,785,134,134,785,134,134,785,134,135,903,135
2230534 KOSMONAVTOV NET feat. deepins - v temnote [muzukashii],335,3.172,2.7307,279,704,279,278,754,278,193,1077,193,296,785,296,296,785,296,296,785,296,274,903,274
2230534 KOSMONAVTOV NET feat. deepins - v temnote [peppermint],417,3.949,3.5125,349,704,349,354,754,354,208,1077,208,333,785,333,333,785,333,333,785,333,313,903,313
2231629 Lil Peep & Lederrick - suck my blood [painful],174,1.565,1.5471,70,268,70,68,326,68,153,1013,153,145,467,145,145,467,145,145,467,145,134,560,134
"2232197 Shawn Mendes, Camila Cabello - Senorita [Duet]",770,4.08,2.9383,351,588,351,307,653,307,512,927,512,578,732,578,578,732,578,578,732,578,472,638,472
"2232197 Shawn Mendes, Camila Cabello - Senorita [Futsuu]",456,2.416,1.7768,258,588,258,223,653,223,368,927,368,420,732,420,420,732,420,420,732,420,353,638,353
"2232197 Shawn Mendes, Camila Cabello - Senorita [[-E S I A-]'s Muzukashii]",582,3.084,2.5506,272,588,272,235,653,235,429,927,429,491,732,491,491,732,491,491,732,491,397,638,397
"2232197 Shawn Mendes, Camila Cabello - Senorita [maxie's Kantan]",256,1.357,1.1335,144,588,144,127,653,127,208,927,208,233,732,233,233,732,233,233,732,233,201,638,201
2233178 Azuma Lim - Jinrui Mina Senpai! (Mtell & Ange;art Hardcore Bootleg) [Edward's Oni],1336,5.616,4.0434,1152,1881,1152,1193,2066,1193,1112,1638,1112,1107,1388,1107,1107,1388,1107,1107,1388,1107,1084,1522,1084
2233178 Azuma Lim - Jinrui Mina Senpai! (Mtell & Ange;art Hardcore Bootleg) [Muzukashii],1073,4.511,3.3496,1005,1881,1005,1016,2066,1016,956,1638,956,954,1388,954,954,1388,954,954,1388,954,941,1522,941
2233178 Azuma Lim - Jinrui Mina Senpai! (Mtell & Ange;art Hardcore Bootleg) [Senpai!],1629,6.848,4.8459,1366,1881,1366,1392,2066,1392,1192,1638,1192,1187,1388,1187,1187,1388,1187,1187,1388,1187,1157,1522,1157
2235879 NewJeans - Right Now [Bittersweet Romance],1080,6.926,4.8518,441,474,441,343,376,343,602,888,602,641,746,641,641,746,641,641,746,641,543,649,543
2235879 NewJeans - Right Now [Futsuu],482,3.091,2.2151,279,474,279,229,376,229,407,888,407,434,746,434,434,746,434,434,746,434,376,649,376
2235879 NewJeans - Right Now [Kantan],250,1.603,1.3032,147,474,147,123,376,123,224,888,224,235,746,235,235,746,235,235,746,235,205,649,205
2235879 NewJeans - Right Now [Muzukashii],701,4.496,3.371,375,474,375,299,376,299,522,888,522,557,746,557,557,746,557,557,746,557,478,649,478
2235879 NewJeans - Right Now [Oni],942,6.041,4.2022,415,474,415,327,376,327,581,888,581,619,746,619,619,746,619,619,746,619,524,649,524
2243871 TRUE - Soundscape [Euphonium],1738,6.225,4.4994,1392,2347,1392,1326,2397,1326,1364,1981,1364,1321,1664,1321,1321,1664,1321,1321,1664,1321,1259,1908,1259
2244646 kessoku band - Re_Re_ [Revival],1816,6.335,4.4276,1296,2182,1296,1149,1866,1149,1035,1800,1035,1235,1502,1235,1235,1502,1235,1235,1502,1235,1114,1592,1114
2246451 HakoBakoShowKohGun - iDeal [Oni],2847,8.983,6.0963,2588,2851,2588,2602,2849,2602,2197,2531,2197,2338,2478,2338,2338,2478,2338,2338,2478,2338,2175,2451,2175
2248415 yuri - Kashika [From Head From Body],331,3.316,2.8018,181,324,181,133,308,133,240,287,240,262,297,262,262,297,262,262,297,262,245,282,245
2248415 yuri - Kashika [Futsuu],162,1.632,1.615,98,324,98,72,308,72,137,287,137,147,297,147,147,297,147,147,297,147,144,282,144
2248415 yuri - Kashika [Muzukashii],255,2.555,2.0582,156,324,156,119,308,119,200,287,200,217,297,217,217,297,217,217,297,217,205,282,205
2248538 fripSide - Two souls -toward the truth- (TV Size) [Futsuu],262,3.008,2.1033,147,449,147,148,472,148,177,359,177,251,448,251,251,448,251,251,448,251,250,518,250
2248538 fripSide - Two souls -toward the truth- (TV Size) [Kantan],140,1.608,1.2577,80,449,80,80,472,80,97,359,97,132,448,132,132,448,132,132,448,132,134,518,134
2248538 fripSide - Two souls -toward the truth- (TV Size) [Muzukashii],369,4.233,3.1917,217,449,217,215,472,215,219,359,219,323,448,323,323,448,323,323,448,323,307,518,307
2248538 fripSide - Two souls -toward the truth- (TV Size) [Oni],439,5.036,3.6763,257,449,257,254,472,254,235,359,235,352,448,352,352,448,352,352,448,352,336,518,336
2249694 yuri - Heart111 [Futsuu],275,2.571,1.9358,197,284,197,210,376,210,247,452,247,243,373,243,243,373,243,243,373,243,224,344,224
2249694 yuri - Heart111 [Give me your heart],606,5.604,4.6118,280,284,280,324,376,324,378,452,378,335,373,335,335,373,335,335,373,335,307,344,307
2249694 yuri - Heart111 [Kantan],161,1.505,1.2626,151,284,151,151,376,151,150,452,150,152,373,152,152,373,152,152,373,152,138,344,138
2249694 yuri - Heart111 [Muzukashii],368,3.44,2.5305,238,284,238,254,376,254,312,452,312,300,373,300,300,373,300,300,373,300,277,344,277
2249694 yuri - Heart111 [Oni],436,4.032,2.8907,249,284,249,271,376,271,346,452,346,323,373,323,323,373,323,323,373,323,295,344,295
2251894 KANA-BOON - Gradation feat. Kitazawa Yuuho (TV Size) [Bug's Kantan],139,1.588,1.2676,115,661,115,107,639,107,127,383,127,135,352,135,135,352,135,135,352,135,129,360,129
2251894 KANA-BOON - Gradation feat. Kitazawa Yuuho (TV Size) [Futsuu],267,3.051,2.0965,219,661,219,205,639,205,226,383,226,244,352,244,244,352,244,244,352,244,222,360,222
2251894 KANA-BOON - Gradation feat. Kitazawa Yuuho (TV Size) [Meant To Be],479,5.473,3.7829,392,661,392,355,639,355,295,383,295,323,352,323,323,352,323,323,352,323,278,360,278
2251894 KANA-BOON - Gradation feat. Kitazawa Yuuho (TV Size) [Muzukashii],349,3.987,2.8506,292,661,292,267,639,267,260,383,260,281,352,281,281,352,281,281,352,281,249,360,249
2251894 KANA-BOON - Gradation feat. Kitazawa Yuuho (TV Size) [Oni],412,4.707,3.2316,344,661,344,314,639,314,285,383,285,311,352,311,311,352,311,311,352,311,271,360,271
2257344 MilkyWay - Anataboshi (TV Size) [Futsuu],250,2.917,2.1773,180,536,180,174,581,174,246,603,246,245,504,245,245,504,245,245,504,245,246,574,246
2257344 MilkyWay - Anataboshi (TV Size) [Inner Oni],624,7.267,5.5946,364,536,364,349,581,349,435,603,435,430,504,430,430,504,430,430,504,430,436,574,436
2257344 MilkyWay - Anataboshi (TV Size) [Kantan],139,1.622,1.3227,105,536,105,108,581,108,139,603,139,139,504,139,139,504,139,139,504,139,138,574,138
2257344 MilkyWay - Anataboshi (TV Size) [Muzukashii],393,4.577,3.3698,258,536,258,240,581,240,350,603,350,348,504,348,348,504,348,348,504,348,351,574,351
2257344 MilkyWay - Anataboshi (TV Size) [Oni],501,5.834,4.3205,311,536,311,290,581,290,402,603,402,397,504,397,397,504,397,397,504,397,395,574,395
2259579 Creepy Nuts - Otonoke (TV Size) [Oni],460,5.189,3.6255,288,397,288,236,349,236,350,564,350,340,422,340,340,422,340,340,422,340,302,389,302
2259579 Creepy Nuts - Otonoke (TV Size) [Tachi & Ryxliee's Kantan],144,1.624,1.2484,105,397,105,83,349,83,131,564,131,128,422,128,128,422,128,128,422,128,118,389,118
2259579 Creepy Nuts - Otonoke (TV Size) [Tachi's Futsuu],276,3.113,2.297,204,397,204,157,349,157,225,564,225,211,422,211,211,422,211,211,422,211,183,389,183
2259579 Creepy Nuts - Otonoke (TV Size) [hz404's Muzukashii],368,4.151,2.9841,241,397,241,196,349,196,305,564,305,297,422,297,297,422,297,297,422,297,267,389,267
2259998 Rita - Jet Loser [Inner Oni],2445,6.275,6.5438,2123,3409,2123,2109,3515,2109,1991,3995,1991,1831,2559,1831,1831,2559,1831,1831,2559,1831,1852,3074,1852
2263749 mollow mollow - My Bread was Burnt to a Crisp [Futsuu],80,2.769,1.8497,80,347,80,70,302,70,64,278,64,77,274,77,77,274,77,77,274,77,75,299,75
2263749 mollow mollow - My Bread was Burnt to a Crisp [Muzukashii],120,4.154,2.7006,119,347,119,103,302,103,92,278,92,106,274,106,106,274,106,106,274,106,102,299,102
2263749 mollow mollow - My Bread was Burnt to a Crisp [Oni],152,5.262,3.2237,147,347,147,125,302,125,114,278,114,129,274,129,129,274,129,129,274,129,121,299,121
2263749 mollow mollow - My Bread was Burnt to a Crisp [This Song Is About Tragic Bread],201,6.958,4.1925,185,347,185,160,302,160,133,278,133,150,274,150,150,274,150,150,274,150,142,299,142
2263749 mollow mollow - My Bread was Burnt to a Crisp [xornado's Kantan],47,1.627,1.0998,47,347,47,39,302,39,37,278,37,44,274,44,44,274,44,44,274,44,42,299,42
2264168 Street - Hestia (BilliumMoto Remix) [Myslee],2264,7.966,7.3323,1825,2371,1825,1844,2485,1844,1218,1749,1218,1429,1649,1429,1429,1649,1429,1429,1649,1429,1171,1368,1171
2264417 Hanatan - Omoide Kakera [Eternity],2090,8.105,6.2421,1815,2511,1815,1716,2305,1716,1405,1841,1405,1484,1862,1484,1484,1862,1484,1484,1862,1484,1354,1846,1354
2264417 Hanatan - Omoide Kakera [Futsuu],969,3.758,2.5997,952,2511,952,914,2305,914,882,1841,882,896,1862,896,896,1862,896,896,1862,896,853,1846,853
2264417 Hanatan - Omoide Kakera [Kantan],498,1.931,1.5322,494,2511,494,484,2305,484,471,1841,471,475,1862,475,475,1862,475,475,1862,475,459,1846,459
2264417 Hanatan - Omoide Kakera [Lucho's Oni],1786,6.927,4.8537,1612,2511,1612,1547,2305,1547,1332,1841,1332,1402,1862,1402,1402,1862,1402,1402,1862,1402,1286,1846,1286
2264417 Hanatan - Omoide Kakera [Muzukashii],1260,4.887,3.8198,1215,2511,1215,1150,2305,1150,1070,1841,1070,1097,1862,1097,1097,1862,1097,1097,1862,1097,1020,1846,1020
"2265016 25-ji, Nightcord de. x KAITO - BAKENOHANA [Futsuu]",366,3.192,2.429,320,579,320,313,608,313,204,472,204,306,556,306,306,556,306,306,556,306,274,507,274
"2265016 25-ji, Nightcord de. x KAITO - BAKENOHANA [Kantan]",206,1.797,1.4709,174,579,174,173,608,173,121,472,121,180,556,180,180,556,180,180,556,180,167,507,167
"2265016 25-ji, Nightcord de. x KAITO - BAKENOHANA [Muzukashii]",494,4.308,3.2533,391,579,391,386,608,386,278,472,278,389,556,389,389,556,389,389,556,389,350,507,350
"2265016 25-ji, Nightcord de. x KAITO - BAKENOHANA [Oni]",630,5.494,3.9878,452,579,452,451,608,451,326,472,326,446,556,446,446,556,446,446,556,446,394,507,394
"2265016 25-ji, Nightcord de. x KAITO - BAKENOHANA [Ura Oni]",710,6.192,4.8467,501,579,501,508,608,508,335,472,335,460,556,460,460,556,460,460,556,460,404,507,404
"2265016 25-ji, Nightcord de. x KAITO - BAKENOHANA [Where Does the Path of Thorns Lead To?]",813,7.09,5.4836,527,579,527,542,608,542,339,472,339,467,556,467,467,556,467,467,556,467,410,507,410
2267211 Ecco2k - Don't Ask [Kantan],222,1.708,1.3511,89,505,89,74,458,74,220,1414,220,218,743,218,218,743,218,218,743,218,219,928,219
2267211 Ecco2k - Don't Ask [Quick Slip],425,3.269,2.1715,149,505,149,129,458,129,418,1414,418,406,743,406,406,743,406,406,743,406,407,928,407
2271967 Plum - Tempest [Flood],1189,8.67,6.8166,857,966,857,856,983,856,702,944,702,837,928,837,837,928,837,837,928,837,712,804,712
2271967 Plum - Tempest [Futsuu],431,3.143,2.5843,349,966,349,351,983,351,370,944,370,401,928,401,401,928,401,401,928,401,370,804,370
2271967 Plum - Tempest [Inner Oni],955,6.964,5.5646,712,966,712,707,983,707,638,944,638,755,928,755,755,928,755,755,928,755,652,804,652
2271967 Plum - Tempest [Muzukashii],560,4.083,3.7586,455,966,455,453,983,453,437,944,437,505,928,505,505,928,505,505,928,505,444,804,444
2271967 Plum - Tempest [Oni],784,5.717,4.7049,586,966,586,583,983,583,574,944,574,654,928,654,654,928,654,654,928,654,578,804,578
2281018 Hei Shou De Yu Tou - o i i a i o o o o o i a i [chrombnado's kantan],86,1.519,1.1845,80,390,80,80,393,80,81,401,81,83,388,83,83,388,83,83,388,83,81,293,81
2281018 Hei Shou De Yu Tou - o i i a i o o o o o i a i [cychlo's muzukashii],243,4.292,2.8309,205,390,205,201,393,201,204,401,204,217,388,217,217,388,217,217,388,217,186,293,186
2281018 Hei Shou De Yu Tou - o i i a i o o o o o i a i [glassive's ura oni],440,7.772,4.8728,339,390,339,326,393,326,308,401,308,337,388,337,337,388,337,337,388,337,256,293,256
2281018 Hei Shou De Yu Tou - o i i a i o o o o o i a i [molybdenum's oni],329,5.575,3.6592,260,390,260,251,393,251,258,401,258,277,388,277,277,388,277,277,388,277,225,293,225
2281018 Hei Shou De Yu Tou - o i i a i o o o o o i a i [ono's inner oni],371,6.553,4.5118,302,390,302,289,393,289,279,401,279,302,388,302,302,388,302,302,388,302,243,293,243
2281018 Hei Shou De Yu Tou - o i i a i o o o o o i a i [sn's futsuu],164,2.779,2.0987,148,390,148,147,393,147,149,401,149,158,388,158,158,388,158,158,388,158,146,293,146
2283380 tachibanaka - Subsidence [Futsuu],243,1.994,1.9744,239,769,239,240,868,240,236,2542,236,237,1239,237,237,1239,237,237,1239,237,241,2080,241
2283380 tachibanaka - Subsidence [Kantan],119,0.976,1.0674,118,769,118,117,868,117,117,2542,117,118,1239,118,118,1239,118,118,1239,118,118,2080,118
2283380 tachibanaka - Subsidence [Muzukashii],316,2.593,2.6823,305,769,305,307,868,307,305,2542,305,307,1239,307,307,1239,307,307,1239,307,313,2080,313
2283380 tachibanaka - Subsidence [Solace],385,3.159,3.0628,362,769,362,354,868,354,360,2542,360,364,1239,364,364,1239,364,364,1239,364,369,2080,369
2284326 Actiol feat. Yashiro Yuki - skibidi skibidi hawk 2 uh hawk [Starlight's Mogging Muzukashii],110,2.857,1.6628,43,78,43,37,103,37,105,230,105,105,147,105,105,147,105,105,147,105,102,164,102
2284326 Actiol feat. Yashiro Yuki - skibidi skibidi hawk 2 uh hawk [Vulkin's Still Futsuu],84,2.211,1.5136,39,78,39,33,103,33,79,230,79,78,147,78,78,147,78,78,147,78,77,164,77
2284326 Actiol feat. Yashiro Yuki - skibidi skibidi hawk 2 uh hawk [gecho's Kan Tuah],39,1.031,0.7718,13,78,13,10,103,10,36,230,36,37,147,37,37,147,37,37,147,37,37,164,37
2286099 turbo - Faris ga Kakkakka [Ono's Taiko Futsuu],191,3.351,2.3372,102,261,102,81,285,81,167,298,167,181,298,181,181,298,181,181,298,181,177,304,177
2286099 turbo - Faris ga Kakkakka [Ono's Taiko Kantan],108,1.895,1.344,66,261,66,51,285,51,99,298,99,105,298,105,105,298,105,105,298,105,99,304,99
2286099 turbo - Faris ga Kakkakka [Ono's Taiko Muzukashii],229,4.018,3.0161,118,261,118,95,285,95,187,298,187,202,298,202,202,298,202,202,298,202,194,304,194
2286273 Sasuke Haraguchi feat. Choten-chan - Cubibibibism [Fin's Futsusususuu],652,3.323,2.4399,590,1250,590,588,1460,588,550,1124,550,591,1025,591,591,1025,591,591,1025,591,559,933,559
2286273 Sasuke Haraguchi feat. Choten-chan - Cubibibibism [Fin's Kantantantantan],371,1.891,1.5354,346,1250,346,340,1460,340,328,1124,328,349,1025,349,349,1025,349,349,1025,349,330,933,330
2286273 Sasuke Haraguchi feat. Choten-chan - Cubibibibism [Muzukakakakashii],916,4.668,3.5159,770,1250,770,800,1460,800,700,1124,700,764,1025,764,764,1025,764,764,1025,764,708,933,708
2286273 Sasuke Haraguchi feat. Choten-chan - Cubibibibism [Onininini],1139,5.805,4.5218,885,1250,885,921,1460,921,772,1124,772,849,1025,849,849,1025,849,849,1025,849,775,933,775
2286273 Sasuke Haraguchi feat. Choten-chan - Cubibibibism [Oververververdose],1358,6.921,5.7982,997,1250,997,1041,1460,1041,830,1124,830,909,1025,909,909,1025,909,909,1025,909,823,933,823
"2286959 Norman J. Grossfeld, Russell Velazquez - Gotta Go Fast (TV Size) [FUTSUU]",268,4.577,2.8933,235,503,235,232,510,232,247,393,247,248,344,248,248,344,248,248,344,248,239,366,239
"2286959 Norman J. Grossfeld, Russell Velazquez - Gotta Go Fast (TV Size) [INNER ONI]",526,8.946,5.714,372,503,372,350,510,350,307,393,307,298,344,298,298,344,298,298,344,298,289,366,289
"2286959 Norman J. Grossfeld, Russell Velazquez - Gotta Go Fast (TV Size) [KANTAN]",146,2.578,1.8741,130,503,130,128,510,128,144,393,144,144,344,144,144,344,144,144,344,144,143,366,143
"2286959 Norman J. Grossfeld, Russell Velazquez - Gotta Go Fast (TV Size) [MUZUKASHII]",364,6.19,4.1558,298,503,298,286,510,286,286,393,286,284,344,284,284,344,284,284,344,284,270,366,270
"2286959 Norman J. Grossfeld, Russell Velazquez - Gotta Go Fast (TV Size) [ONI]",448,7.619,5.0633,338,503,338,318,510,318,302,393,302,292,344,292,292,344,292,292,344,292,280,366,280
"2286959 Norman J. Grossfeld, Russell Velazquez - Gotta Go Fast (TV Size) [SHOKYUU]",77,1.359,1.0609,67,503,67,65,510,65,76,393,76,76,344,76,76,344,76,76,344,76,77,366,77
"2286959 Norman J. Grossfeld, Russell Velazquez - Gotta Go Fast (TV Size) [SPEED OF SOUND]",568,9.66,6.2452,384,503,384,366,510,366,308,393,308,298,344,298,298,344,298,298,344,298,296,366,296
2292569 Camellia feat. Nanahira - Kizuitara Shunkashuutou [Everlasting],2783,9.611,6.6254,1953,2266,1953,1970,2374,1970,1436,1810,1436,1446,1531,1446,1446,1531,1446,1446,1531,1446,1331,1426,1331
2292569 Camellia feat. Nanahira - Kizuitara Shunkashuutou [Linkff's Muzukashii],1620,5.666,4.4608,1435,2266,1435,1394,2374,1394,1199,1810,1199,1227,1531,1227,1227,1531,1227,1227,1531,1227,1138,1426,1138
2292569 Camellia feat. Nanahira - Kizuitara Shunkashuutou [SN's Oni],2095,7.235,5.6049,1753,2266,1753,1712,2374,1712,1343,1810,1343,1374,1531,1374,1374,1531,1374,1374,1531,1374,1246,1426,1246
2293341 Hanako Nana - Born To Run [1 Star],159,1.317,1.1906,148,1127,148,149,1156,149,146,973,146,155,923,155,155,923,155,155,923,155,143,1069,143
2293341 Hanako Nana - Born To Run [2 Stars],277,2.294,1.983,245,1127,245,248,1156,248,257,973,257,271,923,271,271,923,271,271,923,271,259,1069,259
2293341 Hanako Nana - Born To Run [3 Stars],434,3.594,2.6444,370,1127,370,378,1156,378,385,973,385,413,923,413,413,923,413,413,923,413,401,1069,401
2293341 Hanako Nana - Born To Run [4 Stars],555,4.596,3.4756,468,1127,468,480,1156,480,461,973,461,497,923,497,497,923,497,497,923,497,472,1069,472
2293341 Hanako Nana - Born To Run [5 Stars],616,5.101,4.2063,535,1127,535,543,1156,543,507,973,507,552,923,552,552,923,552,552,923,552,515,1069,515
"2295568 DVRST, Leah Julia - Until The Stars Collide [Breathe]",861,6.013,4.574,439,445,439,536,584,536,666,999,666,619,691,619,619,691,619,619,691,619,579,662,579
"2295568 DVRST, Leah Julia - Until The Stars Collide [Futsuu]",468,3.27,2.3771,312,445,312,325,584,325,442,999,442,430,691,430,430,691,430,430,691,430,409,662,409
"2295568 DVRST, Leah Julia - Until The Stars Collide [Inner Oni]",778,5.433,4.3086,420,445,420,505,584,505,630,999,630,589,691,589,589,691,589,589,691,589,563,662,563
"2295568 DVRST, Leah Julia - Until The Stars Collide [Kantan]",230,1.607,1.3039,171,445,171,177,584,177,220,999,220,216,691,216,216,691,216,216,691,216,203,662,203
"2295568 DVRST, Leah Julia - Until The Stars Collide [Muzukashii]",585,4.088,3.3637,365,445,365,398,584,398,518,999,518,505,691,505,505,691,505,505,691,505,472,662,472
"2295568 DVRST, Leah Julia - Until The Stars Collide [Oni]",684,4.777,3.8626,397,445,397,450,584,450,585,999,585,556,691,556,556,691,556,556,691,556,517,662,517
2303472 tosho_aTe - Kitto Kore wa Warui Yume [Inner Oni],1620,7.552,5.625,834,872,834,898,961,898,960,1188,960,834,910,834,834,910,834,834,910,834,620,685,620
2303472 tosho_aTe - Kitto Kore wa Warui Yume [Oni],1370,6.387,4.5143,783,872,783,836,961,836,881,1188,881,806,910,806,806,910,806,806,910,806,602,685,602
2305160 Roselia - Proud of oneself (Game Ver.) [Futsuu],277,3.097,2.4245,235,681,235,238,683,238,242,790,242,252,488,252,252,488,252,252,488,252,235,467,235
2305160 Roselia - Proud of oneself (Game Ver.) [Inner Oni],547,6.115,5.0688,435,681,435,446,683,446,334,790,334,384,488,384,384,488,384,384,488,384,348,467,348
2305160 Roselia - Proud of oneself (Game Ver.) [Kantan],170,1.9,1.4445,147,681,147,151,683,151,158,790,158,162,488,162,162,488,162,162,488,162,154,467,154
2305160 Roselia - Proud of oneself (Game Ver.) [Muzukashii],386,4.315,3.435,324,681,324,327,683,327,300,790,300,325,488,325,325,488,325,325,488,325,297,467,297
2305160 Roselia - Proud of oneself (Game Ver.) [Oni],480,5.366,4.1427,395,681,395,398,683,398,325,790,325,364,488,364,364,488,364,364,488,364,333,467,333
2305457 JANK - General Tso What [08's futsuu],361,3.75,2.8085,263,414,263,221,349,221,253,419,253,282,353,282,282,353,282,282,353,282,270,336,270
2305457 JANK - General Tso What [doulph's oni],507,5.267,4.738,346,414,346,274,349,274,291,419,291,316,353,316,316,353,316,316,353,316,298,336,298
2305457 JANK - General Tso What [horiiizon's muzukashii],436,4.53,3.5891,309,414,309,255,349,255,279,419,279,305,353,305,305,353,305,305,353,305,292,336,292
2305457 JANK - General Tso What [inner oni],642,6.67,6.1822,378,414,378,306,349,306,308,419,308,332,353,332,332,353,332,332,353,332,312,336,312
2305457 JANK - General Tso What [kantan],182,1.891,1.6603,134,414,134,121,349,121,137,419,137,154,353,154,154,353,154,154,353,154,150,336,150
2305457 JANK - General Tso What [n64's shokyuu],111,1.153,1.0481,79,414,79,67,349,67,80,419,80,94,353,94,94,353,94,94,353,94,92,336,92
2306271 exnoiz - Re-sume [Con-tinue],1512,10.744,8.0899,1229,1360,1229,1209,1362,1209,906,1311,906,939,1035,939,939,1035,939,939,1035,939,903,1017,903
2306271 exnoiz - Re-sume [Futsuu],668,4.747,2.9321,619,1360,619,623,1362,623,540,1311,540,558,1035,558,558,1035,558,558,1035,558,545,1017,545
2306271 exnoiz - Re-sume [Inner Oni],1318,9.366,6.5844,1143,1360,1143,1130,1362,1130,858,1311,858,888,1035,888,888,1035,888,888,1035,888,864,1017,864
2306271 exnoiz - Re-sume [Kantan],326,2.317,1.6878,308,1360,308,308,1362,308,267,1311,267,277,1035,277,277,1035,277,277,1035,277,276,1017,276
2306271 exnoiz - Re-sume [Muzukashii],813,5.777,4.0799,744,1360,744,740,1362,740,625,1311,625,646,1035,646,646,1035,646,646,1035,646,636,1017,636
2306271 exnoiz - Re-sume [Oni],1107,7.866,5.2646,990,1360,990,985,1362,985,793,1311,793,818,1035,818,818,1035,818,818,1035,818,788,1017,788
2306512 Clive Richardson - Gay Activity [Futsuu],271,2.616,1.9444,23,96,23,20,100,20,235,852,235,208,437,208,208,437,208,208,437,208,191,469,191
2306512 Clive Richardson - Gay Activity [Happy Go Lively],508,4.904,3.492,41,96,41,35,100,35,396,852,396,336,437,336,336,437,336,336,437,336,309,469,309
2306512 Clive Richardson - Gay Activity [Kantan],152,1.467,1.1792,12,96,12,14,100,14,131,852,131,113,437,113,113,437,113,113,437,113,109,469,109
2306512 Clive Richardson - Gay Activity [Muzukashii],366,3.533,2.6504,30,96,30,24,100,24,310,852,310,268,437,268,268,437,268,268,437,268,245,469,245
2306655 RD-Sounds feat. Meramipop - Shoot the shrine maiden! [Inner Oni],1780,5.866,4.7538,1373,1850,1373,1387,2019,1387,1191,2226,1191,1281,1797,1281,1281,1797,1281,1281,1797,1281,1185,1857,1185
2308748 KSUKE - Contradiction (feat. Tyler Carter) (TV Size) [FUTSUU],199,2.246,1.815,193,803,193,188,818,188,198,1036,198,197,724,197,197,724,197,197,724,197,191,828,191
2308748 KSUKE - Contradiction (feat. Tyler Carter) (TV Size) [I'LL BE YOUR CONTRADICTION],649,7.324,6.5022,543,803,543,548,818,548,530,1036,530,458,724,458,458,724,458,458,724,458,459,828,459
2308748 KSUKE - Contradiction (feat. Tyler Carter) (TV Size) [KANTAN],114,1.286,1.1428,111,803,111,109,818,109,114,1036,114,113,724,113,113,724,113,113,724,113,109,828,109
2308748 KSUKE - Contradiction (feat. Tyler Carter) (TV Size) [MUZUKASHII],264,2.979,2.471,254,803,254,251,818,251,260,1036,260,253,724,253,253,724,253,253,724,253,248,828,248
2308748 KSUKE - Contradiction (feat. Tyler Carter) (TV Size) [ONI],357,4.029,3.2148,330,803,330,331,818,331,343,1036,343,319,724,319,319,724,319,319,724,319,318,828,318
2308748 KSUKE - Contradiction (feat. Tyler Carter) (TV Size) [URA ONI],475,5.36,4.6062,426,803,426,428,818,428,425,1036,425,381,724,381,381,724,381,381,724,381,375,828,375
2311470 FLOW - GO!!! (TV Size) [Futsuu],424,4.804,3.2774,369,643,369,334,646,334,329,498,329,351,494,351,351,494,351,351,494,351,330,499,330
2311470 FLOW - GO!!! (TV Size) [Muzukashii],522,5.914,4.1715,423,643,423,393,646,393,358,498,358,384,494,384,384,494,384,384,494,384,353,499,353
2311470 FLOW - GO!!! (TV Size) [Oni],612,6.934,5.5325,464,643,464,435,646,435,373,498,373,405,494,405,405,494,405,405,494,405,374,499,374
2311470 FLOW - GO!!! (TV Size) [Ura Oni],723,8.192,6.1654,505,643,505,478,646,478,386,498,386,424,494,424,424,494,424,424,494,424,394,499,394
2311470 FLOW - GO!!! (TV Size) [hz404's Kantan],253,2.867,2.014,215,643,215,201,646,201,221,498,221,236,494,236,236,494,236,236,494,236,223,499,223
"2314361 Daisuke Matsuoka, Asuka Ito - Food Mart [Futsuu]",83,2.983,1.8477,52,76,52,24,48,24,83,245,83,78,155,78,78,155,78,78,155,78,64,126,64
"2314361 Daisuke Matsuoka, Asuka Ito - Food Mart [Kantan]",45,1.617,1.159,29,76,29,17,48,17,45,245,45,37,155,37,37,155,37,37,155,37,31,126,31
"2314361 Daisuke Matsuoka, Asuka Ito - Food Mart [Muzukashii]",124,4.388,2.6777,65,76,65,37,48,37,112,245,112,97,155,97,97,155,97,97,155,97,78,126,78
"2314361 Daisuke Matsuoka, Asuka Ito - Food Mart [Oni]",140,4.954,2.988,66,76,66,39,48,39,120,245,120,103,155,103,103,155,103,103,155,103,83,126,83
2316597 lapix - Our Love [Ectomic's Inner Oni],837,6.975,5.268,714,1141,714,699,1157,699,606,947,606,649,891,649,649,891,649,649,891,649,614,942,614
2316597 lapix - Our Love [Futsuu],407,3.392,2.4484,378,1141,378,372,1157,372,352,947,352,372,891,372,372,891,372,372,891,372,346,942,346
2316597 lapix - Our Love [Muzukashii],517,4.308,3.5065,466,1141,466,471,1157,471,427,947,427,454,891,454,454,891,454,454,891,454,424,942,424
2316597 lapix - Our Love [Oni],724,6.033,4.4272,628,1141,628,626,1157,626,563,947,563,598,891,598,598,891,598,598,891,598,562,942,562
2316597 lapix - Our Love [Ura Oni],926,7.717,6.314,745,1141,745,742,1157,742,628,947,628,668,891,668,668,891,668,668,891,668,634,942,634
2320537 OnLoong - Reactant [bmc oni],636,7.182,5.7346,383,534,383,407,592,407,296,442,296,362,466,362,362,466,362,362,466,362,326,459,326
2320537 OnLoong - Reactant [futsuu],324,3.705,2.7721,223,534,223,244,592,244,226,442,226,273,466,273,273,466,273,273,466,273,247,459,247
2320537 OnLoong - Reactant [kantan],174,1.995,1.5921,119,534,119,127,592,127,132,442,132,155,466,155,155,466,155,155,466,155,139,459,139
2320537 OnLoong - Reactant [muzukashii],407,4.654,3.5608,280,534,280,305,592,305,267,442,267,319,466,319,319,466,319,319,466,319,290,459,290
2320537 OnLoong - Reactant [oni],507,5.798,4.4977,325,534,325,345,592,345,286,442,286,346,466,346,346,466,346,346,466,346,314,459,314
2324167 NICO Touches the Walls - Niwaka Ame ni mo Makezu (TV Size) [Futsuu],336,3.801,2.502,307,706,307,300,750,300,190,301,190,274,375,274,274,375,274,274,375,274,246,353,246
2324167 NICO Touches the Walls - Niwaka Ame ni mo Makezu (TV Size) [Kantan],167,1.889,1.3606,155,706,155,149,750,149,113,301,113,150,375,150,150,375,150,150,375,150,139,353,139
2324167 NICO Touches the Walls - Niwaka Ame ni mo Makezu (TV Size) [Memories],514,5.815,4.1387,425,706,425,438,750,438,220,301,220,326,375,326,326,375,326,326,375,326,283,353,283
2324167 NICO Touches the Walls - Niwaka Ame ni mo Makezu (TV Size) [Ryxliee's Muzukashii],407,4.605,3.3664,369,706,369,357,750,357,211,301,211,313,375,313,313,375,313,313,375,313,274,353,274
2324428 rejection - Signal (feat. Such) (osu! edit) [Futsuu],371,3.07,2.3073,349,1079,349,361,1172,361,353,927,353,356,823,356,356,823,356,356,823,356,345,737,345
2324428 rejection - Signal (feat. Such) (osu! edit) [Kantan],204,1.686,1.361,198,1079,198,199,1172,199,197,927,197,198,823,198,198,823,198,198,823,198,193,737,193
2324428 rejection - Signal (feat. Such) (osu! edit) [Linkff's Oni],724,5.992,4.056,667,1079,667,698,1172,698,619,927,619,631,823,631,631,823,631,631,823,631,582,737,582
2324428 rejection - Signal (feat. Such) (osu! edit) [Muzukashii],564,4.668,3.428,520,1079,520,544,1172,544,513,927,513,522,823,522,522,823,522,522,823,522,494,737,494
2324428 rejection - Signal (feat. Such) (osu! edit) [Signal Oni],990,8.193,5.412,846,1079,846,908,1172,908,751,927,751,765,823,765,765,823,765,765,823,765,686,737,686
2325272 Akiri - the song of 2024 [futsuu],108,2.518,1.8286,98,233,98,101,374,101,99,489,99,103,389,103,103,389,103,103,389,103,102,407,102
2325272 Akiri - the song of 2024 [inner oni],261,6.085,4.1277,178,233,178,228,374,228,223,489,223,240,389,240,240,389,240,240,389,240,229,407,229
2325272 Akiri - the song of 2024 [kantan],60,1.399,1.0605,58,233,58,52,374,52,57,489,57,59,389,59,59,389,59,59,389,59,57,407,57
2325272 Akiri - the song of 2024 [muzukashii],152,3.544,2.3616,121,233,121,139,374,139,143,489,143,147,389,147,147,389,147,147,389,147,145,407,145
2325272 Akiri - the song of 2024 [oni],211,4.92,3.0504,147,233,147,191,374,191,190,489,190,199,389,199,199,389,199,199,389,199,191,407,191
2326479 MYTH & ROID - Paradisus-Paradoxum (TV Size) [Futsuu],303,3.632,2.6727,264,641,264,257,674,257,230,662,230,267,508,267,267,508,267,267,508,267,262,577,262
2326479 MYTH & ROID - Paradisus-Paradoxum (TV Size) [Kantan],155,1.861,1.4794,136,641,136,130,674,130,132,662,132,144,508,144,144,508,144,144,508,144,148,577,148
2326479 MYTH & ROID - Paradisus-Paradoxum (TV Size) [Muzukashii],386,4.627,3.7472,323,641,323,319,674,319,259,662,259,304,508,304,304,508,304,304,508,304,304,577,304
2326479 MYTH & ROID - Paradisus-Paradoxum (TV Size) [Oni],497,5.957,4.3778,394,641,394,400,674,400,278,662,278,335,508,335,335,508,335,335,508,335,330,577,330
2326479 MYTH & ROID - Paradisus-Paradoxum (TV Size) [Re:Birth],603,7.227,5.2456,457,641,457,464,674,464,297,662,297,361,508,361,361,508,361,361,508,361,362,577,362
"2326484 pp map, Kanzaki - Oshio Houkoku [Farewell]",307,8.514,5.7762,228,295,228,216,282,216,212,372,212,218,258,218,218,258,218,218,258,218,202,243,202
"2326484 pp map, Kanzaki - Oshio Houkoku [Futsuu]",122,3.384,2.2941,104,295,104,93,282,93,106,372,106,111,258,111,111,258,111,111,258,111,107,243,107
"2326484 pp map, Kanzaki - Oshio Houkoku [K8107's Oni]",221,6.129,4.1495,169,295,169,169,282,169,171,372,171,178,258,178,178,258,178,178,258,178,167,243,167
"2326484 pp map, Kanzaki - Oshio Houkoku [Kantan]",74,2.052,1.4605,62,295,62,58,282,58,64,372,64,66,258,66,66,258,66,66,258,66,66,243,66
"2326484 pp map, Kanzaki - Oshio Houkoku [Muzukashii]",183,5.075,0.0,141,295,141,140,282,140,148,372,148,152,258,152,152,258,152,152,258,152,145,243,145
"2326484 pp map, Kanzaki - Oshio Houkoku [Reno's Inner Oni]",296,8.114,5.3676,216,295,216,207,282,207,216,372,216,219,258,219,219,258,219,219,258,219,204,243,204
2329536 Yu Serizawa - JUNGLE FIRE feat. MOTSU (TV Size) [Futsuu],261,2.989,2.2522,210,743,210,235,763,235,244,537,244,251,510,251,251,510,251,251,510,251,243,523,243
2329536 Yu Serizawa - JUNGLE FIRE feat. MOTSU (TV Size) [Inner Oni],604,6.895,5.6281,467,743,467,497,763,497,386,537,386,425,510,425,425,510,425,425,510,425,402,523,402
2329536 Yu Serizawa - JUNGLE FIRE feat. MOTSU (TV Size) [Kantan],120,1.374,1.2133,98,743,98,105,763,105,115,537,115,119,510,119,119,510,119,119,510,119,115,523,115
2329536 Yu Serizawa - JUNGLE FIRE feat. MOTSU (TV Size) [Muzukashii],366,4.192,3.066,296,743,296,321,763,321,309,537,309,327,510,327,327,510,327,327,510,327,311,523,311
2329536 Yu Serizawa - JUNGLE FIRE feat. MOTSU (TV Size) [Oni],498,5.685,3.9059,399,743,399,432,763,432,369,537,369,401,510,401,401,510,401,401,510,401,376,523,376
"2330063 25-ji, Nightcord de. x Megurine Luka - Cat Loving (revemayuzumi Remix) [Dangdut Oni]",997,5.94,4.4986,715,769,715,680,768,680,749,981,749,781,887,781,781,887,781,781,887,781,715,851,715
"2330063 25-ji, Nightcord de. x Megurine Luka - Cat Loving (revemayuzumi Remix) [Kantan]",271,1.615,1.3484,237,769,237,225,768,225,248,981,248,260,887,260,260,887,260,260,887,260,238,851,238
"2330063 25-ji, Nightcord de. x Megurine Luka - Cat Loving (revemayuzumi Remix) [Maneh's Oni]",858,5.112,3.6546,656,769,656,623,768,623,697,981,697,728,887,728,728,887,728,728,887,728,674,851,674
"2330063 25-ji, Nightcord de. x Megurine Luka - Cat Loving (revemayuzumi Remix) [Ron's Muzukashii]",665,3.962,2.7623,560,769,560,536,768,536,614,981,614,635,887,635,635,887,635,635,887,635,592,851,592
"2330063 25-ji, Nightcord de. x Megurine Luka - Cat Loving (revemayuzumi Remix) [Volta's Futsuu]",526,3.134,2.3028,454,769,454,428,768,428,492,981,492,510,887,510,510,887,510,510,887,510,479,851,479
2331364 bobywea - Messi [Kantan],161,1.708,1.3306,144,672,144,146,646,146,143,625,143,150,506,150,150,506,150,150,506,150,141,481,141
2331364 bobywea - Messi [Kogasa's Futsuu],305,3.237,2.2894,276,672,276,279,646,279,257,625,257,282,506,282,282,506,282,282,506,282,266,481,266
2331364 bobywea - Messi [Mid's Muzukashii],409,4.34,3.3042,353,672,353,351,646,351,305,625,305,331,506,331,331,506,331,331,506,331,317,481,317
2331364 bobywea - Messi [VAMO' MESSI],704,7.471,5.4242,529,672,529,526,646,526,396,625,396,438,506,438,438,506,438,438,506,438,409,481,409
2331364 bobywea - Messi [Waribashi's Oni],504,5.348,3.8548,431,672,431,436,646,436,353,625,353,391,506,391,391,506,391,391,506,391,369,481,369
2331923 PipiP feat. Kaai Yuki & KAFU - kitty kitty cat [>^w^<],181,4.982,3.1943,112,152,112,100,141,100,123,220,123,96,133,96,96,133,96,96,133,96,57,88,57
2331923 PipiP feat. Kaai Yuki & KAFU - kitty kitty cat [kantan],51,1.417,1.067,46,152,46,43,141,43,37,220,37,35,133,35,35,133,35,35,133,35,28,88,28
2331923 PipiP feat. Kaai Yuki & KAFU - kitty kitty cat [muzukashii],108,2.973,2.0609,76,152,76,68,141,68,79,220,79,59,133,59,59,133,59,59,133,59,34,88,34
2331923 PipiP feat. Kaai Yuki & KAFU - kitty kitty cat [futsuu],73,2.015,1.5127,60,152,60,54,141,54,55,220,55,49,133,49,49,133,49,49,133,49,31,88,31
2331923 PipiP feat. Kaai Yuki & KAFU - kitty kitty cat [omni's lite oni],134,3.688,2.5311,93,152,93,82,141,82,98,220,98,77,133,77,77,133,77,77,133,77,42,88,42
2335183 Taya iz Hentaya - Grustnoye kino (BRZ Hardstyle Frenchcore Remix) [Broadsword's Kantan],191,1.795,1.5039,190,913,190,190,968,190,186,1187,186,184,836,184,184,836,184,184,836,184,189,953,189
2335183 Taya iz Hentaya - Grustnoye kino (BRZ Hardstyle Frenchcore Remix) [Inner Oni],865,8.335,5.2425,733,913,733,751,968,751,600,1187,600,621,836,621,621,836,621,621,836,621,647,953,647
2335183 Taya iz Hentaya - Grustnoye kino (BRZ Hardstyle Frenchcore Remix) [Oni],713,6.87,4.3161,633,913,633,646,968,646,573,1187,573,586,836,586,586,836,586,586,836,586,602,953,602
2335183 Taya iz Hentaya - Grustnoye kino (BRZ Hardstyle Frenchcore Remix) [Zhuosh's Muzukashii],488,4.587,3.2794,461,913,461,470,968,470,467,1187,467,471,836,471,471,836,471,471,836,471,476,953,476
2335183 Taya iz Hentaya - Grustnoye kino (BRZ Hardstyle Frenchcore Remix) [reealy_'s Futsuu],362,3.403,2.4256,343,913,343,355,968,355,346,1187,346,351,836,351,351,836,351,351,836,351,357,953,357
2336324 Akiri - Symphony Of The Beginning [Forgotten Symphony],48,0.456,0.7147,23,176,23,16,76,16,48,4318,48,48,3001,48,48,3001,48,48,3001,48,48,3718,48
2339596 Satou Hiromi - Hikari [Denpa Oni],1413,5.05,3.924,836,1472,836,875,1663,875,896,1916,896,1130,1511,1130,1130,1511,1130,1130,1511,1130,1011,1541,1011
2339644 luvlxckdown - wont interfere [absence],318,3.936,3.2318,270,540,270,204,421,204,207,467,207,244,377,244,244,377,244,244,377,244,183,303,183
2339644 luvlxckdown - wont interfere [futsuu],209,2.587,1.7405,168,540,168,123,421,123,146,467,146,177,377,177,177,377,177,177,377,177,126,303,126
2339644 luvlxckdown - wont interfere [kantan],101,1.25,1.0354,84,540,84,66,421,66,81,467,81,90,377,90,90,377,90,90,377,90,75,303,75
2339644 luvlxckdown - wont interfere [muzukashii],251,3.106,2.1926,210,540,210,154,421,154,171,467,171,202,377,202,202,377,202,202,377,202,150,303,150
2339644 luvlxckdown - wont interfere [oni],281,3.478,2.4883,235,540,235,174,421,174,188,467,188,220,377,220,220,377,220,220,377,220,165,303,165
2341715 chelmico - Easy Breezy [Muzukashii],901,4.783,3.8636,777,1116,777,678,955,678,750,1318,750,794,1197,794,794,1197,794,794,1197,794,738,1072,738
2341715 chelmico - Easy Breezy [Oni],1119,5.94,4.4322,933,1116,933,816,955,816,883,1318,883,930,1197,930,930,1197,930,930,1197,930,860,1072,860
2341715 chelmico - Easy Breezy [Yasuho's Futsuu],632,3.228,2.4928,554,1116,554,506,955,506,536,1318,536,558,1197,558,558,1197,558,558,1197,558,525,1072,525
2341715 chelmico - Easy Breezy [Yasuho's Kantan],363,1.854,1.4706,321,1116,321,290,955,290,284,1318,284,305,1197,305,305,1197,305,305,1197,305,284,1072,284
2346962 sola - Yoru o Koeru (Game Ver.) [Futsuu],250,2.083,1.8799,126,397,126,126,330,126,247,2235,247,226,752,226,226,752,226,226,752,226,217,875,217
2346962 sola - Yoru o Koeru (Game Ver.) [Kantan],182,1.517,1.3752,89,397,89,91,330,91,181,2235,181,174,752,174,174,752,174,174,752,174,167,875,167
2346962 sola - Yoru o Koeru (Game Ver.) [Lullaby],322,2.683,2.4479,165,397,165,158,330,158,314,2235,314,275,752,275,275,752,275,275,752,275,259,875,259
2350855 Umeboshi Chazuke - Wakare no Namida wa Mata Au Hi made [Futsuu],702,3.476,2.6293,575,1619,575,542,1845,542,228,507,228,542,806,542,542,806,542,542,806,542,569,991,569
2350855 Umeboshi Chazuke - Wakare no Namida wa Mata Au Hi made [Hell Oni],1476,7.312,6.6806,1097,1619,1097,1132,1845,1132,266,507,266,698,806,698,698,806,698,698,806,698,790,991,790
2350855 Umeboshi Chazuke - Wakare no Namida wa Mata Au Hi made [Inner Oni],1330,6.588,5.4002,1019,1619,1019,1037,1845,1037,264,507,264,693,806,693,693,806,693,693,806,693,758,991,758
2350855 Umeboshi Chazuke - Wakare no Namida wa Mata Au Hi made [Kantan],396,1.973,1.6285,334,1619,334,311,1845,311,143,507,143,352,806,352,352,806,352,352,806,352,345,991,345
2350855 Umeboshi Chazuke - Wakare no Namida wa Mata Au Hi made [Muzukashii],954,4.724,3.5275,766,1619,766,745,1845,745,258,507,258,647,806,647,647,806,647,647,806,647,688,991,688
2350855 Umeboshi Chazuke - Wakare no Namida wa Mata Au Hi made [Oni],1158,5.735,4.7219,910,1619,910,909,1845,909,263,507,263,679,806,679,679,806,679,679,806,679,734,991,734
2350855 Umeboshi Chazuke - Wakare no Namida wa Mata Au Hi made [See You Again],1692,8.382,8.1795,1179,1619,1179,1243,1845,1243,269,507,269,701,806,701,701,806,701,701,806,701,811,991,811
2351106 Quarkee - HYPER PSY2K [Futsuu],661,3.269,2.8559,650,1922,650,651,1963,651,596,2168,596,588,1498,588,588,1498,588,588,1498,588,438,1026,438
2351106 Quarkee - HYPER PSY2K [Inner Oni],1673,8.275,6.6334,1460,1922,1460,1452,1963,1452,1247,2168,1247,1171,1498,1171,1171,1498,1171,1171,1498,1171,835,1026,835
2351106 Quarkee - HYPER PSY2K [Kantan],386,1.909,1.7675,379,1922,379,381,1963,381,342,2168,342,341,1498,341,341,1498,341,341,1498,341,250,1026,250
2351106 Quarkee - HYPER PSY2K [Muzukashii],954,4.718,4.1288,912,1922,912,919,1963,919,805,2168,805,781,1498,781,781,1498,781,781,1498,781,579,1026,579
2351106 Quarkee - HYPER PSY2K [Oni],1274,6.301,5.1549,1178,1922,1178,1174,1963,1174,1045,2168,1045,1010,1498,1010,1010,1498,1010,1010,1498,1010,734,1026,734
2351106 Quarkee - HYPER PSY2K [Speedy Streammap Overdose],1964,9.714,7.3358,1628,1922,1628,1595,1963,1595,1424,2168,1424,1321,1498,1321,1321,1498,1321,1321,1498,1321,925,1026,925
2351120 d0tc0mmie feat. Kasane Teto - Strobe Light (Cut Ver.) [Futsuu],291,2.842,2.049,199,312,199,174,404,174,256,623,256,289,550,289,289,550,289,289,550,289,272,514,272
2351120 d0tc0mmie feat. Kasane Teto - Strobe Light (Cut Ver.) [Kantan],151,1.475,1.2573,112,312,112,92,404,92,145,623,145,151,550,151,151,550,151,151,550,151,150,514,150
2351120 d0tc0mmie feat. Kasane Teto - Strobe Light (Cut Ver.) [Muzukashii],445,4.346,3.1417,236,312,236,245,404,245,364,623,364,396,550,396,396,550,396,396,550,396,364,514,364
2351120 d0tc0mmie feat. Kasane Teto - Strobe Light (Cut Ver.) [Radiance],591,5.771,3.8432,270,312,270,309,404,309,423,623,423,445,550,445,445,550,445,445,550,445,403,514,403
2353646 Six13 - PSVR. [Ayyri's Muzukashii],663,4.126,3.0302,525,827,525,527,1036,527,359,594,359,462,615,462,462,615,462,462,615,462,395,564,395
2353646 Six13 - PSVR. [Futsuu],453,2.819,2.2066,396,827,396,371,1036,371,304,594,304,392,615,392,392,615,392,392,615,392,349,564,349
2353646 Six13 - PSVR. [Inner Oni],1001,6.23,4.59,665,827,665,719,1036,719,411,594,411,521,615,521,521,615,521,521,615,521,443,564,443
2353646 Six13 - PSVR. [Kantan],253,1.575,1.3233,213,827,213,195,1036,195,180,594,180,232,615,232,232,615,232,232,615,232,208,564,208
2353646 Six13 - PSVR. [Oni],841,5.234,3.5571,597,827,597,636,1036,636,388,594,388,493,615,493,493,615,493,493,615,493,422,564,422
2358760 yanaginagi - SugaRiddle (TV Size) [Futsuu],230,2.656,2.1623,190,375,190,184,425,184,144,334,144,187,320,187,187,320,187,187,320,187,161,291,161
2358760 yanaginagi - SugaRiddle (TV Size) [Kantan],132,1.525,1.315,109,375,109,108,425,108,94,334,94,126,320,126,126,320,126,126,320,126,109,291,109
2358760 yanaginagi - SugaRiddle (TV Size) [Muzukashii],332,3.835,2.9974,249,375,249,246,425,246,199,334,199,249,320,249,249,320,249,249,320,249,213,291,213
2358760 yanaginagi - SugaRiddle (TV Size) [Oni],403,4.655,3.4798,266,375,266,271,425,271,225,334,225,276,320,276,276,320,276,276,320,276,237,291,237
2358760 yanaginagi - SugaRiddle (TV Size) [Vindictive Solution],458,5.29,3.8214,276,375,276,282,425,282,249,334,249,284,320,284,284,320,284,284,320,284,241,291,241
2364934 beatMARIO - Cirno's Perfect Math Academy [Baka Baka!!!!],1439,6.72,6.1002,1118,1589,1118,1113,1646,1113,854,1456,854,956,1312,956,956,1312,956,956,1312,956,878,1384,878
2364934 beatMARIO - Cirno's Perfect Math Academy [Genjuro's Inner Baka],1267,6.166,5.0556,1060,1589,1060,1056,1646,1056,791,1456,791,895,1312,895,895,1312,895,895,1312,895,817,1384,817
2364934 beatMARIO - Cirno's Perfect Math Academy [Muzukashii],841,3.927,3.3613,746,1589,746,740,1646,740,715,1456,715,770,1312,770,770,1312,770,770,1312,770,723,1384,723
2364934 beatMARIO - Cirno's Perfect Math Academy [Zhuosh's Oni],1065,5.184,4.0399,919,1589,919,918,1646,918,793,1456,793,862,1312,862,862,1312,862,862,1312,862,804,1384,804
2366375 t+pazolite - NEKOCHANG [Futsuu],96,3.171,2.1595,91,189,91,91,207,91,94,237,94,95,196,95,95,196,95,95,196,95,86,161,86
2366375 t+pazolite - NEKOCHANG [Hell Oni],278,9.183,5.9798,164,189,164,173,207,173,179,237,179,172,196,172,172,196,172,172,196,172,144,161,144
2366375 t+pazolite - NEKOCHANG [Inner Oni],240,7.928,4.7393,155,189,155,165,207,165,172,237,172,170,196,170,170,196,170,170,196,170,143,161,143
2366375 t+pazolite - NEKOCHANG [Kantan],54,1.784,1.2859,50,189,50,50,207,50,53,237,53,53,196,53,53,196,53,53,196,53,48,161,48
2366375 t+pazolite - NEKOCHANG [Muzukashii],148,4.889,3.1936,122,189,122,127,207,127,130,237,130,128,196,128,128,196,128,128,196,128,115,161,115
2366375 t+pazolite - NEKOCHANG [Oni],192,6.342,3.8603,144,189,144,149,207,149,160,237,160,154,196,154,154,196,154,154,196,154,134,161,134
2371982 DJ Fresh - Gold Dust (Cut Ver.) [Futsuu],297,3.37,2.419,240,659,240,237,733,237,227,497,227,244,386,244,244,386,244,244,386,244,232,425,232
2371982 DJ Fresh - Gold Dust (Cut Ver.) [Inner Oni],604,6.853,4.8679,422,659,422,450,733,450,305,497,305,336,386,336,336,386,336,336,386,336,329,425,329
2371982 DJ Fresh - Gold Dust (Cut Ver.) [Kantan],152,1.752,1.3415,120,659,120,121,733,121,123,497,123,131,386,131,131,386,131,131,386,131,127,425,127
2371982 DJ Fresh - Gold Dust (Cut Ver.) [Miau's Muzukashii],388,4.402,3.3876,292,659,292,292,733,292,268,497,268,291,386,291,291,386,291,291,386,291,284,425,284
2371982 DJ Fresh - Gold Dust (Cut Ver.) [Oni],514,5.832,4.0606,369,659,369,385,733,385,292,497,292,321,386,321,321,386,321,321,386,321,313,425,313
2371982 DJ Fresh - Gold Dust (Cut Ver.) [Red Dust],664,7.534,5.5372,456,659,456,496,733,496,306,497,306,336,386,336,336,386,336,336,386,336,332,425,332
2374592 LamazeP - PoPiPo (PV Ver.) [Cry's Oni],544,5.597,3.4245,498,899,498,434,885,434,266,386,266,408,567,408,408,567,408,408,567,408,309,428,309
2374592 LamazeP - PoPiPo (PV Ver.) [Futsuu],259,2.665,2.0768,234,899,234,192,885,192,121,386,121,202,567,202,202,567,202,202,567,202,150,428,150
2374592 LamazeP - PoPiPo (PV Ver.) [Kantan],142,1.461,1.2316,129,899,129,92,885,92,39,386,39,102,567,102,102,567,102,102,567,102,64,428,64
2374592 LamazeP - PoPiPo (PV Ver.) [Peaceful's Muzukashii],403,4.146,2.7404,371,899,371,303,885,303,198,386,198,319,567,319,319,567,319,319,567,319,255,428,255
2374592 LamazeP - PoPiPo (PV Ver.) [Vegetable Oni],723,7.438,4.7631,672,899,672,582,885,582,319,386,319,508,567,508,508,567,508,508,567,508,372,428,372
2376671 PRASTIK DANCEFLOOR - Cansei de S NIK [Futsuu],313,2.986,1.985,289,723,289,283,701,283,204,431,204,295,538,295,295,538,295,295,538,295,262,485,262
2376671 PRASTIK DANCEFLOOR - Cansei de S NIK [Inner Oni],842,8.019,5.1591,589,723,589,585,701,585,389,431,389,519,538,519,519,538,519,519,538,519,461,485,461
2376671 PRASTIK DANCEFLOOR - Cansei de S NIK [Kantan],161,1.545,1.1619,153,723,153,144,701,144,98,431,98,159,538,159,159,538,159,159,538,159,138,485,138
2376671 PRASTIK DANCEFLOOR - Cansei de S NIK [Muzukashii],463,4.417,3.0294,394,723,394,379,701,379,288,431,288,400,538,400,400,538,400,400,538,400,351,485,351
2376671 PRASTIK DANCEFLOOR - Cansei de S NIK [Oni],589,5.619,3.4359,482,723,482,460,701,460,337,431,337,465,538,465,465,538,465,465,538,465,411,485,411
2381051 Aoi - King Atlantis [Eternal Secret // Falling into the Deep Sea],2888,10.068,7.8602,2463,3003,2463,2423,2931,2423,1551,2153,1551,1836,2156,1836,1836,2156,1836,1836,2156,1836,1561,1936,1561
2381051 Aoi - King Atlantis [Irone's Oni // The Lost Empire],1705,5.944,4.9161,1649,3003,1649,1624,2931,1624,1113,2153,1113,1345,2156,1345,1345,2156,1345,1345,2156,1345,1150,1936,1150
2381051 Aoi - King Atlantis [Muzukashii // The Whispered Chronicle],1405,4.898,3.9772,1337,3003,1337,1314,2931,1314,975,2153,975,1156,2156,1156,1156,2156,1156,1156,2156,1156,1018,1936,1018
2381051 Aoi - King Atlantis [hz404's Inner Oni // The Forgotten Kingdom],2010,7.007,6.2867,1854,3003,1854,1842,2931,1842,1263,2153,1263,1501,2156,1501,1501,2156,1501,1501,2156,1501,1297,1936,1297
2384140 iCO - Ao ni You [Disparity],1141,5.348,4.4594,754,1403,754,775,1438,775,515,910,515,692,877,692,692,877,692,692,877,692,625,892,625
2384140 iCO - Ao ni You [Futsuu],510,2.39,1.979,365,1403,365,367,1438,367,349,910,349,478,877,478,478,877,478,478,877,478,453,892,453
2384140 iCO - Ao ni You [Kantan],281,1.318,1.1886,208,1403,208,213,1438,213,210,910,210,277,877,277,277,877,277,277,877,277,264,892,264
2384140 iCO - Ao ni You [Muzukashii],705,3.304,2.8306,489,1403,489,486,1438,486,422,910,422,581,877,581,581,877,581,581,877,581,538,892,538
2384140 iCO - Ao ni You [Oni],893,4.186,3.5822,609,1403,609,612,1438,612,471,910,471,647,877,647,647,877,647,647,877,647,590,892,590
2395324 Omerta - Charade (feat. Vincente Void & Hash Gordon) [done pretending to be like any of you],2555,8.537,6.322,2047,2607,2047,2000,2489,2000,1265,1699,1265,1590,1851,1590,1590,1851,1590,1590,1851,1590,1447,1734,1447
2398124 Kanade (CV_ Yuko Natsuyoshi) - It Begins With Love (Game Ver.) [Futsuu],297,3.053,2.2465,194,575,194,157,498,157,273,1270,273,291,703,291,291,703,291,291,703,291,287,1102,287
2398124 Kanade (CV_ Yuko Natsuyoshi) - It Begins With Love (Game Ver.) [Harmony],445,4.581,3.9019,298,575,298,244,498,244,348,1270,348,388,703,388,388,703,388,388,703,388,405,1102,405
2398124 Kanade (CV_ Yuko Natsuyoshi) - It Begins With Love (Game Ver.) [Kantan],160,1.661,1.387,108,575,108,89,498,89,143,1270,143,151,703,151,151,703,151,151,703,151,152,1102,152
2398124 Kanade (CV_ Yuko Natsuyoshi) - It Begins With Love (Game Ver.) [Muzukashii],377,3.881,3.1002,246,575,246,207,498,207,327,1270,327,354,703,354,354,703,354,354,703,354,356,1102,356
2398664 beignet - MOMO SYRUP (Intro Ver.) [Futsuu],456,2.675,2.3578,393,1142,393,401,1333,401,375,934,375,437,888,437,437,888,437,437,888,437,387,726,387
2398664 beignet - MOMO SYRUP (Intro Ver.) [Jaltzu's Oni],962,5.642,4.3228,773,1142,773,810,1333,810,639,934,639,751,888,751,751,888,751,751,888,751,617,726,617
2398664 beignet - MOMO SYRUP (Intro Ver.) [Kantan],272,1.6,1.4145,233,1142,233,240,1333,240,221,934,221,250,888,250,250,888,250,250,888,250,228,726,228
2398664 beignet - MOMO SYRUP (Intro Ver.) [Muzukashii],697,4.088,3.3268,571,1142,571,595,1333,595,513,934,513,608,888,608,608,888,608,608,888,608,508,726,508
2398664 beignet - MOMO SYRUP (Intro Ver.) [Ura Oni],1069,6.27,5.4175,877,1142,877,914,1333,914,652,934,652,778,888,778,778,888,778,778,888,778,631,726,631
2400574 solfa feat. Ceui - primal (game ver.) [futsuu],362,3.461,2.4741,310,739,310,311,816,311,166,345,166,250,401,250,250,401,250,250,401,250,225,371,225
2400574 solfa feat. Ceui - primal (game ver.) [kantan],187,1.788,1.4296,169,739,169,170,816,170,103,345,103,157,401,157,157,401,157,157,401,157,139,371,139
2400574 solfa feat. Ceui - primal (game ver.) [muzukashii],460,4.398,3.3302,392,739,392,391,816,391,186,345,186,289,401,289,289,401,289,289,401,289,256,371,256
2400574 solfa feat. Ceui - primal (game ver.) [oni],594,5.679,4.2119,486,739,486,498,816,498,205,345,205,322,401,322,322,401,322,322,401,322,279,371,279
2400574 solfa feat. Ceui - primal (game ver.) [shiny blossom],702,6.712,4.964,546,739,546,569,816,569,207,345,207,327,401,327,327,401,327,327,401,327,284,371,284
2402500 Hiro Shinosawa (CV_ Reina Kawamura) - Contrast [A-40's Divergence],1638,7.815,5.596,594,780,594,480,677,480,788,1046,788,828,894,828,828,894,828,828,894,828,732,828,732
2402500 Hiro Shinosawa (CV_ Reina Kawamura) - Contrast [Convergence],1622,7.748,5.8765,576,780,576,471,677,471,771,1046,771,826,894,826,826,894,826,826,894,826,729,828,729
2402500 Hiro Shinosawa (CV_ Reina Kawamura) - Contrast [MTNT's Futsuu],753,3.595,2.6832,357,780,357,299,677,299,510,1046,510,579,894,579,579,894,579,579,894,579,512,828,512
2402500 Hiro Shinosawa (CV_ Reina Kawamura) - Contrast [Oni],1355,6.473,4.6989,540,780,540,431,677,431,740,1046,740,807,894,807,807,894,807,807,894,807,715,828,715
2402500 Hiro Shinosawa (CV_ Reina Kawamura) - Contrast [uone's Muzukashii],1060,5.063,3.7229,471,780,471,374,677,374,668,1046,668,750,894,750,750,894,750,750,894,750,659,828,659
2404353 Conton Candy - Snow Drop (TV Size) [Kantan],175,1.998,1.4199,139,602,139,105,603,105,128,362,128,146,390,146,146,390,146,146,390,146,140,414,140
2404353 Conton Candy - Snow Drop (TV Size) [Muzukashii],368,4.202,3.1096,293,602,293,240,603,240,237,362,237,296,390,296,296,390,296,296,390,296,270,414,270
2404353 Conton Candy - Snow Drop (TV Size) [Noah's Futsuu],304,3.471,2.3027,243,602,243,191,603,191,210,362,210,251,390,251,251,390,251,251,390,251,235,414,235
2404353 Conton Candy - Snow Drop (TV Size) [Oni],491,5.596,4.0825,368,602,368,317,603,317,258,362,258,329,390,329,329,390,329,329,390,329,300,414,300
2404353 Conton Candy - Snow Drop (TV Size) [Puberty],591,6.736,4.8111,418,602,418,376,603,376,276,362,276,349,390,349,349,390,349,349,390,349,318,414,318
2404829 Tokai Teio (CV_ Machico) - Teio Teio Teiteio (Extended Edit) [Alice's Oni],173,5.406,3.5873,110,132,110,114,139,114,128,167,128,127,145,127,127,145,127,127,145,127,88,106,88
2404829 Tokai Teio (CV_ Machico) - Teio Teio Teiteio (Extended Edit) [Amasugi's Muzukashii],134,4.188,3.0528,95,132,95,94,139,94,110,167,110,115,145,115,115,145,115,115,145,115,80,106,80
2404829 Tokai Teio (CV_ Machico) - Teio Teio Teiteio (Extended Edit) [Mayano's Kantan],42,1.312,1.0371,29,132,29,32,139,32,42,167,42,42,145,42,42,145,42,42,145,42,37,106,37
2404829 Tokai Teio (CV_ Machico) - Teio Teio Teiteio (Extended Edit) [Tono Hanna's Futsuu],86,2.688,1.9108,60,132,60,61,139,61,79,167,79,84,145,84,84,145,84,84,145,84,58,106,58
2407599 AKIAOI - Tian Mi Qi Dai (TV Size) [Fapu's Futsuu],197,2.095,1.5338,80,98,80,67,93,67,193,607,193,177,314,177,177,314,177,177,314,177,171,324,171
2407599 AKIAOI - Tian Mi Qi Dai (TV Size) [Muzukashii],268,2.818,2.2714,97,98,97,81,93,81,255,607,255,229,314,229,229,314,229,229,314,229,217,324,217
2407808 Meychan - Panda Hero [2199's Muzukashii],1041,4.736,3.5648,922,1734,922,886,1664,886,689,1091,689,804,1122,804,804,1122,804,804,1122,804,753,1065,753
2407808 Meychan - Panda Hero [Futsuu],797,3.626,2.5027,723,1734,723,697,1664,697,607,1091,607,690,1122,690,690,1122,690,690,1122,690,653,1065,653
2407808 Meychan - Panda Hero [Nostril's Kantan],413,1.918,1.5129,397,1734,397,384,1664,384,333,1091,333,372,1122,372,372,1122,372,372,1122,372,352,1065,352
2407808 Meychan - Panda Hero [Oni],1422,6.47,4.4485,1196,1734,1196,1158,1664,1158,792,1091,792,946,1122,946,946,1122,946,946,1122,946,865,1065,865
2407808 Meychan - Panda Hero [Savior],1706,7.762,5.1433,1346,1734,1346,1292,1664,1292,877,1091,877,1037,1122,1037,1037,1122,1037,1037,1122,1037,932,1065,932
2408373 Masa - Kubinashi Enbukyou [†],1409,5.233,3.9239,1126,2105,1126,1092,2229,1092,1229,1811,1229,1293,1790,1293,1293,1790,1293,1293,1790,1293,1258,2492,1258
2409829 Ayako Ikeda - Prism (TV Size) [Futsuu],114,1.972,1.494,80,244,80,60,196,60,101,359,101,106,282,106,106,282,106,106,282,106,89,235,89
2409829 Ayako Ikeda - Prism (TV Size) [Kantan],62,1.072,0.8965,40,244,40,29,196,29,51,359,51,54,282,54,54,282,54,54,282,54,43,235,43
2409829 Ayako Ikeda - Prism (TV Size) [Muzukashii],166,2.871,2.1555,115,244,115,93,196,93,132,359,132,138,282,138,138,282,138,138,282,138,119,235,119
2409829 Ayako Ikeda - Prism (TV Size) [Oni],222,3.84,2.6668,140,244,140,111,196,111,155,359,155,160,282,160,160,282,160,160,282,160,134,235,134
2413813 Aitsuki Nakuru - Ai no Zanshi [Falsehood],777,3.731,5.4432,581,1168,581,552,1095,552,277,970,277,513,829,513,513,829,513,513,829,513,414,718,414
2413813 Aitsuki Nakuru - Ai no Zanshi [Muzukashii],537,2.578,3.1004,439,1168,439,411,1095,411,223,970,223,426,829,426,426,829,426,426,829,426,342,718,342
2413813 Aitsuki Nakuru - Ai no Zanshi [Oni],638,3.063,3.6348,499,1168,499,467,1095,467,258,970,258,484,829,484,484,829,484,484,829,484,389,718,389
2414030 Hasu no Sora Jogakuin School Idol Club - On your mark (104th Ver.) (Game Ver.) [Futsuu],422,3.03,2.154,398,982,398,379,1029,379,272,483,272,344,557,344,344,557,344,344,557,344,310,493,310
2414030 Hasu no Sora Jogakuin School Idol Club - On your mark (104th Ver.) (Game Ver.) [Kantan],220,1.579,1.3473,213,982,213,203,1029,203,150,483,150,187,557,187,187,557,187,187,557,187,163,493,163
2414030 Hasu no Sora Jogakuin School Idol Club - On your mark (104th Ver.) (Game Ver.) [Muzukashii],590,4.236,3.0497,531,982,531,514,1029,514,337,483,337,435,557,435,435,557,435,435,557,435,382,493,382
2414030 Hasu no Sora Jogakuin School Idol Club - On your mark (104th Ver.) (Game Ver.) [Oni],761,5.464,3.6282,658,982,658,637,1029,637,380,483,380,491,557,491,491,557,491,491,557,491,425,493,425
"2414030 Hasu no Sora Jogakuin School Idol Club - On your mark (104th Ver.) (Game Ver.) [Ready, Set, Go!]",961,6.9,4.8561,767,982,767,761,1029,761,397,483,397,518,557,518,518,557,518,518,557,518,444,493,444
2419373 Yoisaki Kanade (CV_ Kusunoki Tomori) - Hitorinbo Envy (Game Ver.) [Futsuu],190,2.613,1.7421,181,373,181,178,390,178,119,221,119,146,232,146,146,232,146,146,232,146,119,198,119
2419373 Yoisaki Kanade (CV_ Kusunoki Tomori) - Hitorinbo Envy (Game Ver.) [Hide and Seek],334,4.593,3.2122,275,373,275,273,390,273,178,221,178,205,232,205,205,232,205,205,232,205,169,198,169
2419373 Yoisaki Kanade (CV_ Kusunoki Tomori) - Hitorinbo Envy (Game Ver.) [Ignas' Kantan],107,1.471,1.1651,106,373,106,105,390,105,64,221,64,83,232,83,83,232,83,83,232,83,66,198,66
2419373 Yoisaki Kanade (CV_ Kusunoki Tomori) - Hitorinbo Envy (Game Ver.) [Muzukashii],255,3.506,2.669,229,373,229,229,390,229,150,221,150,178,232,178,178,232,178,178,232,178,147,198,147
2419836 kensuke ushio - lit [<3],57,1.371,1.3666,2,2,2,0,0,0,56,123,56,56,71,56,56,71,56,56,71,56,56,92,56
2423043 Hayakore Tatsumi - Thousandth Sky (END of SUMMER Mix) [Fleeting Summer],2803,7.418,5.8664,2625,3717,2625,2669,4057,2669,1841,2884,1841,1993,2646,1993,1993,2646,1993,1993,2646,1993,1791,2429,1791
2424613 mafumafu feat. IA - Yuugure Semi Nikki [Kin's Taiko Oni],1193,5.658,4.3346,1068,1689,1068,930,1503,930,400,1050,400,923,1266,923,923,1266,923,923,1266,923,886,1349,886
2424613 mafumafu feat. IA - Yuugure Semi Nikki [Taiko Futsuu],645,3.06,2.4532,602,1689,602,540,1503,540,315,1050,315,625,1266,625,625,1266,625,625,1266,625,599,1349,599
2424613 mafumafu feat. IA - Yuugure Semi Nikki [Taiko Kantan],340,1.614,1.4842,323,1689,323,307,1503,307,168,1050,168,334,1266,334,334,1266,334,334,1266,334,314,1349,314
2424613 mafumafu feat. IA - Yuugure Semi Nikki [Taiko Muzukashii],944,4.477,3.4886,879,1689,879,772,1503,772,381,1050,381,844,1266,844,844,1266,844,844,1266,844,801,1349,801
2424613 mafumafu feat. IA - Yuugure Semi Nikki [Taiko Ura Oni],1517,7.194,5.8359,1316,1689,1316,1144,1503,1144,434,1050,434,1018,1266,1018,1018,1266,1018,1018,1266,1018,983,1349,983
2426226 CQ - Emil [Garden's Muzukashii],1025,4.846,3.7375,970,2430,970,912,2122,912,981,3277,981,990,3073,990,990,3073,990,990,3073,990,981,4243,981
2426226 CQ - Emil [Ideal's Oni],1341,6.313,4.7638,1241,2430,1241,1139,2122,1139,1279,3277,1279,1293,3073,1293,1293,3073,1293,1293,3073,1293,1286,4243,1286
2426226 CQ - Emil [Ideal],1538,7.238,5.5836,1396,2430,1396,1280,2122,1280,1458,3277,1458,1473,3073,1473,1473,3073,1473,1473,3073,1473,1468,4243,1468
2426226 CQ - Emil [fllecc's Futsuu],790,3.737,2.7372,755,2430,755,703,2122,703,763,3277,763,767,3073,767,767,3073,767,767,3073,767,762,4243,762
2429761 AKB48 - Namida Surprise! [Omedetou!],1188,4.377,3.3005,1054,2214,1054,888,2105,888,1025,1482,1025,1019,1248,1019,1019,1248,1019,1019,1248,1019,949,1259,949
2430290 Kano - Songs Compilation [I Could Sing Because of You],2775,6.095,4.8444,1964,2982,1964,1741,2933,1741,1403,2462,1403,1831,2283,1831,1831,2283,1831,1831,2283,1831,1754,2567,1754
"2432483 Hello, Happy World! x Shirakami Fubuki - Bon Appetit _3 S [Futsuu]",251,2.649,2.1564,241,652,241,234,725,234,181,424,181,222,432,222,222,432,222,222,432,222,199,357,199
"2432483 Hello, Happy World! x Shirakami Fubuki - Bon Appetit _3 S [Gsun's Inner Oni]",590,6.228,4.2797,495,652,495,491,725,491,319,424,319,397,432,397,397,432,397,397,432,397,325,357,325
"2432483 Hello, Happy World! x Shirakami Fubuki - Bon Appetit _3 S [Kantan]",142,1.511,1.2412,139,652,139,134,725,134,105,424,105,130,432,130,130,432,130,130,432,130,117,357,117
"2432483 Hello, Happy World! x Shirakami Fubuki - Bon Appetit _3 S [Muzukashii]",347,3.663,2.6253,321,652,321,318,725,318,239,424,239,292,432,292,292,432,292,292,432,292,260,357,260
"2432483 Hello, Happy World! x Shirakami Fubuki - Bon Appetit _3 S [Oni]",479,5.056,3.4731,418,652,418,412,725,412,293,424,293,362,432,362,362,432,362,362,432,362,306,357,306
2433135 Juztan - #WE _3 YURI [ENDLESS YURI TIME],3929,10.204,7.4329,3257,3732,3257,3394,4170,3394,3003,3916,3003,2904,3196,2904,2904,3196,2904,2904,3196,2904,2894,3298,2894
2433778 LizNoir - GIRI-GIRI borderless world (Game Ver.) [Futsuu],333,3.599,2.5203,321,819,321,323,906,323,285,570,285,305,515,305,305,515,305,305,515,305,287,557,287
2433778 LizNoir - GIRI-GIRI borderless world (Game Ver.) [Kantan],164,1.776,1.4242,163,819,163,162,906,162,142,570,142,150,515,150,150,515,150,150,515,150,147,557,147
2433778 LizNoir - GIRI-GIRI borderless world (Game Ver.) [Muzukashii],425,4.593,3.6373,395,819,395,406,906,406,325,570,325,348,515,348,348,515,348,348,515,348,323,557,323
2433778 LizNoir - GIRI-GIRI borderless world (Game Ver.) [Oni],542,5.858,4.3885,484,819,484,506,906,506,355,570,355,386,515,386,386,515,386,386,515,386,355,557,355
2433778 LizNoir - GIRI-GIRI borderless world (Game Ver.) [True Promise],645,6.971,5.1345,556,819,556,583,906,583,375,570,375,407,515,407,407,515,407,407,515,407,376,557,376
2434003 Iwami Takashi - Noraneko no Shinryaku [Futsuu],915,4.303,3.023,845,1878,845,781,1784,781,837,1812,837,850,1766,850,850,1766,850,850,1766,850,811,2140,811
2434003 Iwami Takashi - Noraneko no Shinryaku [Inner Oni],2057,9.674,6.1827,1536,1878,1536,1425,1784,1425,1414,1812,1414,1454,1766,1454,1454,1766,1454,1454,1766,1454,1485,2140,1485
2434003 Iwami Takashi - Noraneko no Shinryaku [Kantan],523,2.46,1.8444,504,1878,504,466,1784,466,504,1812,504,509,1766,509,509,1766,509,509,1766,509,492,2140,492
2434003 Iwami Takashi - Noraneko no Shinryaku [Muzukashii],1212,5.7,4.0195,1094,1878,1094,997,1784,997,1051,1812,1051,1078,1766,1078,1078,1766,1078,1078,1766,1078,1020,2140,1020
2434003 Iwami Takashi - Noraneko no Shinryaku [Oni],1636,7.694,5.2672,1375,1878,1375,1268,1784,1268,1309,1812,1309,1345,1766,1345,1345,1766,1345,1345,1766,1345,1303,2140,1303
2441717 reset - escape (Short Ver.) [kantan],114,1.151,1.1069,98,553,98,99,607,99,105,716,105,114,642,114,114,642,114,114,642,114,113,634,113
2441717 reset - escape (Short Ver.) [[-E S I A-]'s futsuu],201,2.029,1.7813,165,553,165,172,607,172,166,716,166,199,642,199,199,642,199,199,642,199,199,634,199
2441717 reset - escape (Short Ver.) [fabri's oni],403,4.069,3.1868,345,553,345,360,607,360,294,716,294,356,642,356,356,642,356,356,642,356,347,634,347
2441717 reset - escape (Short Ver.) [help],511,5.159,3.9061,419,553,419,448,607,448,341,716,341,427,642,427,427,642,427,427,642,427,412,634,412
2441717 reset - escape (Short Ver.) [vulkin's muzukashii],302,3.049,2.6433,254,553,254,261,607,261,236,716,236,284,642,284,284,642,284,284,642,284,279,634,279
2444077 Camellia feat. Nanahira - Shakunetsu Candle Master Tomoshii [2199's Oni],1276,5.28,5.0923,1163,2054,1163,1151,2189,1151,1028,2195,1028,1117,1946,1117,1117,1946,1117,1117,1946,1117,1058,1932,1058
2444077 Camellia feat. Nanahira - Shakunetsu Candle Master Tomoshii [Futsuu],727,3.023,2.7363,699,2054,699,690,2189,690,698,2195,698,716,1946,716,716,1946,716,716,1946,716,703,1932,703
2444077 Camellia feat. Nanahira - Shakunetsu Candle Master Tomoshii [Inner Oni],1664,6.885,6.4258,1349,2054,1349,1368,2189,1368,1138,2195,1138,1247,1946,1247,1247,1946,1247,1247,1946,1247,1195,1932,1195
2444077 Camellia feat. Nanahira - Shakunetsu Candle Master Tomoshii [Kantan],416,1.73,1.7008,406,2054,406,404,2189,404,405,2195,405,412,1946,412,412,1946,412,412,1946,412,407,1932,407
2444077 Camellia feat. Nanahira - Shakunetsu Candle Master Tomoshii [Muzukashii],1059,4.382,4.0094,987,2054,987,975,2189,975,922,2195,922,985,1946,985,985,1946,985,985,1946,985,945,1932,945
2453815 DragonForce - WAR! [FIGHT!],2885,10.21,7.3023,2595,2902,2595,2670,2973,2670,2191,3469,2191,2521,2977,2521,2521,2977,2521,2521,2977,2521,2481,3364,2481
2457570 Yoshida Yasei feat. Chick. - The Ruin in the Woods [Futsuu],580,4.366,2.9416,572,1019,572,576,1114,576,302,503,302,505,762,505,505,762,505,505,762,505,410,581,410
2457570 Yoshida Yasei feat. Chick. - The Ruin in the Woods [Kantan],314,2.364,1.7613,311,1019,311,312,1114,312,126,503,126,263,762,263,263,762,263,263,762,263,201,581,201
2457570 Yoshida Yasei feat. Chick. - The Ruin in the Woods [Muzukashii],783,5.895,4.3464,731,1019,731,749,1114,749,378,503,378,618,762,618,618,762,618,618,762,618,480,581,480
2457570 Yoshida Yasei feat. Chick. - The Ruin in the Woods [Remnants],1218,9.169,6.925,926,1019,926,968,1114,968,440,503,440,723,762,723,723,762,723,723,762,723,552,581,552
2457570 Yoshida Yasei feat. Chick. - The Ruin in the Woods [Ryxliee's Oni],940,7.076,5.0426,842,1019,842,852,1114,852,402,503,402,678,762,678,678,762,678,678,762,678,515,581,515
2462038 Niffty (CV_ Kimiko Glenn) - Clean It Up! (TV Size) [HeLLFly's Muzukashii],274,5.088,3.3015,203,378,203,213,406,213,195,414,195,215,321,215,215,321,215,215,321,215,207,318,207
2462038 Niffty (CV_ Kimiko Glenn) - Clean It Up! (TV Size) [Inner Oni],400,7.266,5.1496,249,378,249,268,406,268,218,414,218,243,321,243,243,321,243,243,321,243,231,318,231
2462038 Niffty (CV_ Kimiko Glenn) - Clean It Up! (TV Size) [Skey's Futsuu],176,3.197,2.3759,141,378,141,148,406,148,145,414,145,159,321,159,159,321,159,159,321,159,154,318,154
2462038 Niffty (CV_ Kimiko Glenn) - Clean It Up! (TV Size) [Tachi's Oni],341,6.194,4.0643,238,378,238,245,406,245,215,414,215,237,321,237,237,321,237,237,321,237,227,318,227
2462038 Niffty (CV_ Kimiko Glenn) - Clean It Up! (TV Size) [Yuemiao's Kantan],99,1.798,1.4081,75,378,75,82,406,82,82,414,82,85,321,85,85,321,85,85,321,85,86,318,86
2467966 Erio o Kamattechan - Os-Uchuujin (Asterisk Makina Remix) [Inner Oni],2129,6.809,6.855,1614,1970,1614,1700,2404,1700,1137,1461,1137,1340,1610,1340,1340,1610,1340,1340,1610,1340,1292,1645,1292
2473104 rejection - Aimai Attitude (feat. Nakamura Sanso) [Attitude],1882,7.145,5.49,1566,2208,1566,1543,2247,1543,1466,1914,1466,1486,1754,1486,1486,1754,1486,1486,1754,1486,1432,1781,1432
2473890 BiBi - PSYCHIC FIRE (GAME VER.) [EASY],189,1.769,1.4112,188,865,188,184,897,184,183,792,183,186,614,186,186,614,186,186,614,186,181,652,181
2473890 BiBi - PSYCHIC FIRE (GAME VER.) [HARD],486,4.548,3.2599,460,865,460,457,897,457,445,792,445,443,614,443,443,614,443,443,614,443,420,652,420
2473890 BiBi - PSYCHIC FIRE (GAME VER.) [MASTER],703,6.579,4.7213,608,865,608,599,897,599,543,792,543,533,614,533,533,614,533,533,614,533,492,652,492
2473890 BiBi - PSYCHIC FIRE (GAME VER.) [NORMAL],354,3.313,2.3802,346,865,346,344,897,344,339,792,339,340,614,340,340,614,340,340,614,340,334,652,334
2473890 BiBi - PSYCHIC FIRE (GAME VER.) [miyagishima's EXPERT],582,5.446,3.9536,528,865,528,523,897,523,490,792,490,486,614,486,486,614,486,486,614,486,450,652,450
2481897 ILLIT - NOT CUTE ANYMORE (Sped Up Ver.) [FUTSUU],268,2.917,1.9895,241,377,241,205,338,205,254,436,254,264,429,264,264,429,264,264,429,264,258,410,258
2481897 ILLIT - NOT CUTE ANYMORE (Sped Up Ver.) [KANTAN],127,1.382,1.0933,102,377,102,73,338,73,123,436,123,127,429,127,127,429,127,127,429,127,127,410,127
2481897 ILLIT - NOT CUTE ANYMORE (Sped Up Ver.) [MUZUKASHII],351,3.82,2.7248,286,377,286,252,338,252,299,436,299,312,429,312,312,429,312,312,429,312,302,410,302
2481897 ILLIT - NOT CUTE ANYMORE (Sped Up Ver.) [ONI],451,4.909,3.2481,325,377,325,289,338,289,331,436,331,347,429,347,347,429,347,347,429,347,332,410,332
2482916 DJ Raisei - Sekai kara ____ ga Kieru Toki [Oni],1915,8.073,8.7405,1461,1950,1461,1452,2048,1452,1309,2290,1309,1258,1429,1258,1258,1429,1258,1258,1429,1258,1202,1406,1202
2487217 xi - XaleidoscopiX [Despair],2524,10.003,9.2168,2248,3146,2248,2213,3150,2213,2225,3572,2225,2027,2652,2027,2027,2652,2027,2027,2652,2027,2166,3438,2166
2490957 HATSUBOSHI GAKUEN - Happy Millefeuille (Game Ver.) [Chocolate from Hiro],545,6.766,4.9147,421,566,421,424,594,424,196,253,196,306,345,306,306,345,306,306,345,306,270,320,270
2490957 HATSUBOSHI GAKUEN - Happy Millefeuille (Game Ver.) [Chocolate from Rinami],510,6.332,4.768,401,566,401,404,594,404,194,253,194,304,345,304,304,345,304,304,345,304,265,320,265
2490957 HATSUBOSHI GAKUEN - Happy Millefeuille (Game Ver.) [Chocolate from Sena],549,6.785,4.5413,433,566,433,444,594,444,203,253,203,322,345,322,322,345,322,322,345,322,279,320,279
2490957 HATSUBOSHI GAKUEN - Happy Millefeuille (Game Ver.) [Futsuu],241,2.992,2.1046,227,566,227,219,594,219,127,253,127,212,345,212,212,345,212,212,345,212,191,320,191
2490957 HATSUBOSHI GAKUEN - Happy Millefeuille (Game Ver.) [Muzukashii],322,3.998,2.8767,289,566,289,279,594,279,154,253,154,254,345,254,254,345,254,254,345,254,226,320,226
2490957 HATSUBOSHI GAKUEN - Happy Millefeuille (Game Ver.) [Oni],412,5.115,3.3482,357,566,357,350,594,350,184,253,184,295,345,295,295,345,295,295,345,295,259,320,259
2491986 t+pazolite - Gumbarlzo! [Go for it!],2884,7.893,7.7207,2278,2956,2278,2355,3140,2355,1886,3051,1886,2009,2640,2009,2009,2640,2009,2009,2640,2009,1953,2711,1953
2494837 Harucha - Prism [Promise],972,4.757,4.305,655,851,655,634,849,634,653,1097,653,779,944,779,779,944,779,779,944,779,725,951,725
2497821 Temari Tsukimura (CV_ Nao Ojika) - Ittai itsukara [This is me],1549,6.279,4.8942,1181,1632,1181,1111,1618,1111,762,1269,762,1050,1338,1050,1050,1338,1050,1050,1338,1050,964,1366,964
2501801 JOYLESS - PRESS START [FUTSUU],257,3.891,2.7126,198,605,198,171,561,171,194,621,194,247,585,247,247,585,247,247,585,247,237,757,237
2501801 JOYLESS - PRESS START [INNER ONI],542,8.205,5.9117,389,605,389,349,561,349,254,621,254,397,585,397,397,585,397,397,585,397,401,757,401
2501801 JOYLESS - PRESS START [KANTAN],144,2.18,1.5973,109,605,109,92,561,92,117,621,117,138,585,138,138,585,138,138,585,138,136,757,136
2501801 JOYLESS - PRESS START [MUZUKASHII],361,5.465,3.7631,274,605,274,237,561,237,242,621,242,327,585,327,327,585,327,327,585,327,314,757,314
2501801 JOYLESS - PRESS START [ONI],441,6.676,4.6687,322,605,322,277,561,277,247,621,247,352,585,352,352,585,352,352,585,352,339,757,339
720771 fripSide - fortuna on the Sixteenth night (Game Ver.) [Futsuu],268,2.466,1.9198,220,751,220,219,776,219,237,648,237,254,606,254,254,606,254,254,606,254,256,657,256
720771 fripSide - fortuna on the Sixteenth night (Game Ver.) [Inner Oni],667,6.107,4.8249,511,751,511,506,776,506,432,648,432,494,606,494,494,606,494,494,606,494,492,657,492
720771 fripSide - fortuna on the Sixteenth night (Game Ver.) [Kantan],176,1.619,1.2557,144,751,144,136,776,136,171,648,171,175,606,175,175,606,175,175,606,175,175,657,175
720771 fripSide - fortuna on the Sixteenth night (Game Ver.) [Muzukashii],407,3.744,2.898,330,751,330,330,776,330,338,648,338,379,606,379,379,606,379,379,606,379,380,657,380
720771 fripSide - fortuna on the Sixteenth night (Game Ver.) [Oni],528,4.83,3.48,415,751,415,412,776,412,394,648,394,446,606,446,446,606,446,446,606,446,448,657,448
855548 Porno Graffitti - Neo Melo Dramatic (Short Ver.) [Cry's Muzukashii],333,3.801,2.5965,244,526,244,218,511,218,270,483,270,285,453,285,285,453,285,285,453,285,267,449,267
855548 Porno Graffitti - Neo Melo Dramatic (Short Ver.) [FG84's Futsuu],219,2.499,1.8341,184,526,184,164,511,164,195,483,195,203,453,203,203,453,203,203,453,203,195,449,195
855548 Porno Graffitti - Neo Melo Dramatic (Short Ver.) [Kantan],103,1.176,1.0768,89,526,89,77,511,77,84,483,84,94,453,94,94,453,94,94,453,94,90,449,90
855548 Porno Graffitti - Neo Melo Dramatic (Short Ver.) [Oni],425,4.851,3.0638,319,526,319,288,511,288,329,483,329,353,453,353,353,453,353,353,453,353,330,449,330
971856 Silentroom - Nhelv [Inner Oni],2206,5.699,6.0125,1861,3018,1861,1856,2951,1856,1484,2147,1484,1591,1944,1591,1591,1944,1591,1591,1944,1591,1317,1569,1317
971856 Silentroom - Nhelv [Possession],2376,6.138,7.3135,1935,3018,1935,1928,2951,1928,1548,2147,1548,1653,1944,1653,1653,1944,1653,1653,1944,1653,1370,1569,1370
